object_name,object_type,row_count,column_count,columns
advanced_vehicle_metrics,BASE TABLE,11,9,vehicle_run_id:BIGINT | ticker:VARCHAR | beta:DOUBLE | downside_deviation:DOUBLE | rolling_sharpe:DOUBLE | rolling_sortino:DOUBLE | rolling_tracking_error:DOUBLE | information_ratio:DOUBLE | spread_stability_score:DOUBLE
allocation_recommendations,BASE TABLE,65,7,analytics_run_id:BIGINT | metal:VARCHAR | metals_bucket_weight_pct:DOUBLE | total_portfolio_weight_pct:DOUBLE | rationale:VARCHAR | allocation_class:VARCHAR | access_method:VARCHAR
analytics_runs,BASE TABLE,12,5,analytics_run_id:BIGINT | started_at_utc:TIMESTAMP WITH TIME ZONE | completed_at_utc:TIMESTAMP WITH TIME ZONE | status:VARCHAR | notes:VARCHAR
attribution_period_returns,BASE TABLE,30,6,attribution_run_id:BIGINT | metal:VARCHAR | portfolio_weight_pct:DOUBLE | benchmark_weight_pct:DOUBLE | portfolio_metal_return:DOUBLE | benchmark_metal_return:DOUBLE
attribution_runs,BASE TABLE,7,5,attribution_run_id:BIGINT | started_at_utc:TIMESTAMP WITH TIME ZONE | completed_at_utc:TIMESTAMP WITH TIME ZONE | status:VARCHAR | notes:VARCHAR
backtest_monthly_results,BASE TABLE,631,10,backtest_run_id:BIGINT | observation_month:DATE | portfolio_value:DOUBLE | monthly_return:DOUBLE | cumulative_return:DOUBLE | drawdown:DOUBLE | turnover:DOUBLE | transaction_cost:DOUBLE | benchmark_value:DOUBLE | benchmark_return:DOUBLE
backtest_runs,BASE TABLE,7,7,backtest_run_id:BIGINT | started_at_utc:TIMESTAMP WITH TIME ZONE | completed_at_utc:TIMESTAMP WITH TIME ZONE | status:VARCHAR | start_date:DATE | end_date:DATE | notes:VARCHAR
backtest_summary,BASE TABLE,7,11,backtest_run_id:BIGINT | annualized_return:DOUBLE | annualized_volatility:DOUBLE | sharpe_ratio:DOUBLE | sortino_ratio:DOUBLE | max_drawdown:DOUBLE | calmar_ratio:DOUBLE | benchmark_annualized_return:DOUBLE | excess_return:DOUBLE | win_rate:DOUBLE | total_turnover:DOUBLE
black_litterman_outputs,BASE TABLE,10,6,optimization_run_id:BIGINT | ticker:VARCHAR | equilibrium_return:DOUBLE | view_return:DOUBLE | posterior_return:DOUBLE | view_confidence:DOUBLE
collection_results,BASE TABLE,69,12,id:BIGINT | run_id:VARCHAR | collector_name:VARCHAR | series_key:VARCHAR | status:VARCHAR | rows_received:INTEGER | rows_inserted:INTEGER | rows_updated:INTEGER | error_message:VARCHAR | started_at_utc:TIMESTAMP WITH TIME ZONE | completed_at_utc:TIMESTAMP WITH TIME ZONE | elapsed_seconds:DOUBLE
collection_runs,BASE TABLE,5,6,run_id:VARCHAR | started_at_utc:TIMESTAMP WITH TIME ZONE | completed_at_utc:TIMESTAMP WITH TIME ZONE | status:VARCHAR | requested_start_date:VARCHAR | notes:VARCHAR
dashboard_component_grades,BASE TABLE,24,5,snapshot_id:BIGINT | component:VARCHAR | score:DOUBLE | grade:VARCHAR | explanation:VARCHAR
dashboard_snapshot,BASE TABLE,8,15,snapshot_id:BIGINT | created_at_utc:TIMESTAMP WITH TIME ZONE | macro_regime:VARCHAR | macro_score:DOUBLE | metals_target_pct:DOUBLE | portfolio_volatility:DOUBLE | value_at_risk:DOUBLE | max_drawdown:DOUBLE | backtest_annualized_return:DOUBLE | benchmark_annualized_return:DOUBLE | reserve_cash:DOUBLE | trade_budget:DOUBLE | buy_count:INTEGER | review_status:VARCHAR | warning_summary:VARCHAR
dashboard_trade_summary,BASE TABLE,28,8,snapshot_id:BIGINT | trade_rank:INTEGER | ticker:VARCHAR | metal:VARCHAR | action:VARCHAR | recommended_dollars:DOUBLE | estimated_shares:DOUBLE | reason:VARCHAR
data_freshness_details,BASE TABLE,23,8,decision_run_id:BIGINT | series_key:VARCHAR | frequency:VARCHAR | last_observation:DATE | age_days:DOUBLE | freshness_status:VARCHAR | health_score:DOUBLE | message:VARCHAR
data_quality_results,BASE TABLE,51,13,id:BIGINT | run_id:VARCHAR | series_key:VARCHAR | status:VARCHAR | row_count:INTEGER | non_null_ratio:DOUBLE | duplicate_count:INTEGER | first_observation:TIMESTAMP WITH TIME ZONE | last_observation:TIMESTAMP WITH TIME ZONE | age_days:INTEGER | freshness_status:VARCHAR | message:VARCHAR | checked_at_utc:TIMESTAMP WITH TIME ZONE
decision_runs,BASE TABLE,6,6,decision_run_id:BIGINT | started_at_utc:TIMESTAMP WITH TIME ZONE | completed_at_utc:TIMESTAMP WITH TIME ZONE | status:VARCHAR | simulation_amount:DOUBLE | notes:VARCHAR
dynamic_confidence_scores,BASE TABLE,10,9,entity_type:VARCHAR | entity_key:VARCHAR | as_of_date:DATE | forecast_agreement:DOUBLE | macro_certainty:DOUBLE | data_completeness:DOUBLE | signal_stability:DOUBLE | historical_accuracy:DOUBLE | overall_confidence:DOUBLE
forecast_model_components,BASE TABLE,128,6,forecast_run_id:BIGINT | metal:VARCHAR | horizon_months:INTEGER | model_name:VARCHAR | model_forecast:DOUBLE | model_weight:DOUBLE
forecast_runs,BASE TABLE,2,5,forecast_run_id:BIGINT | started_at_utc:TIMESTAMP WITH TIME ZONE | completed_at_utc:TIMESTAMP WITH TIME ZONE | status:VARCHAR | notes:VARCHAR
institutional_backtest_metrics,BASE TABLE,1,11,backtest_run_id:BIGINT | rolling_sharpe_3y:DOUBLE | rolling_cagr_3y:DOUBLE | upside_capture:DOUBLE | downside_capture:DOUBLE | tax_drag_estimate:DOUBLE | inflation_adjusted_return:DOUBLE | benchmark_alpha:DOUBLE | equity_beta:DOUBLE | bond_beta:DOUBLE | dollar_beta:DOUBLE
investment_committee_summary,BASE TABLE,5,13,decision_run_id:BIGINT | overall_rating:VARCHAR | dominant_regime:VARCHAR | dominant_regime_probability:DOUBLE | expected_return:DOUBLE | expected_volatility:DOUBLE | metals_target_pct:DOUBLE | reserve_pct:DOUBLE | overall_confidence:DOUBLE | best_opportunities:VARCHAR | key_risks:VARCHAR | recommended_purchases:VARCHAR | summary_text:VARCHAR
learned_regime_probabilities,BASE TABLE,24,4,forecast_run_id:BIGINT | metal:VARCHAR | regime:VARCHAR | probability:DOUBLE
macro_monthly_features,BASE TABLE,3200,23,macro_run_id:BIGINT | observation_month:DATE | real_yield:DOUBLE | nominal_yield:DOUBLE | breakeven_inflation:DOUBLE | cpi_yoy:DOUBLE | pce_yoy:DOUBLE | dollar_index:DOUBLE | dollar_return_12m:DOUBLE | m2_yoy:DOUBLE | industrial_production_yoy:DOUBLE | unemployment_rate:DOUBLE | unemployment_change_12m:DOUBLE | fed_funds_rate:DOUBLE | oil_price:DOUBLE | vix:DOUBLE | liquidity_score:DOUBLE | growth_score:DOUBLE | risk_score:DOUBLE | inflation_score:DOUBLE | dollar_score:DOUBLE | real_yield_score:DOUBLE | composite_metals_macro_score:DOUBLE
macro_probability_runs,BASE TABLE,2,5,macro_probability_run_id:BIGINT | started_at_utc:TIMESTAMP WITH TIME ZONE | completed_at_utc:TIMESTAMP WITH TIME ZONE | status:VARCHAR | notes:VARCHAR
macro_regime_probabilities,BASE TABLE,8,3,macro_probability_run_id:BIGINT | regime:VARCHAR | probability:DOUBLE
macro_regimes,BASE TABLE,10,12,macro_run_id:BIGINT | as_of_date:DATE | inflation_regime:VARCHAR | real_yield_regime:VARCHAR | dollar_regime:VARCHAR | liquidity_regime:VARCHAR | growth_regime:VARCHAR | risk_regime:VARCHAR | overall_regime:VARCHAR | overall_score:DOUBLE | confidence:DOUBLE | summary:VARCHAR
macro_runs,BASE TABLE,10,5,macro_run_id:BIGINT | started_at_utc:TIMESTAMP WITH TIME ZONE | completed_at_utc:TIMESTAMP WITH TIME ZONE | status:VARCHAR | notes:VARCHAR
macro_scenarios,BASE TABLE,450,6,macro_run_id:BIGINT | scenario_name:VARCHAR | metal:VARCHAR | projected_macro_score:DOUBLE | directional_bias:VARCHAR | rationale:VARCHAR
metal_forecasts,BASE TABLE,32,10,forecast_run_id:BIGINT | metal:VARCHAR | horizon_months:INTEGER | expected_return:DOUBLE | lower_bound:DOUBLE | upper_bound:DOUBLE | forecast_volatility:DOUBLE | downside_probability:DOUBLE | dominant_regime:VARCHAR | model_agreement:DOUBLE
metal_macro_scores,BASE TABLE,90,13,macro_run_id:BIGINT | metal:VARCHAR | as_of_date:DATE | real_yield_contribution:DOUBLE | inflation_contribution:DOUBLE | dollar_contribution:DOUBLE | liquidity_contribution:DOUBLE | growth_contribution:DOUBLE | risk_contribution:DOUBLE | macro_score:DOUBLE | macro_signal:VARCHAR | confidence:DOUBLE | rationale:VARCHAR
metal_opportunity_rankings,BASE TABLE,8,8,decision_run_id:BIGINT | opportunity_rank:INTEGER | metal:VARCHAR | target_weight_pct:DOUBLE | expected_return:DOUBLE | average_confidence:DOUBLE | opportunity_score:DOUBLE | rationale:VARCHAR
metal_scores,BASE TABLE,99,14,analytics_run_id:BIGINT | metal:VARCHAR | as_of_date:DATE | momentum_score:DOUBLE | valuation_score:DOUBLE | trend_score:DOUBLE | macro_score:DOUBLE | risk_score:DOUBLE | total_score:DOUBLE | signal:VARCHAR | confidence:DOUBLE | investability_class:VARCHAR | portfolio_enabled:BOOLEAN | access_method:VARCHAR
monthly_committee_reports,BASE TABLE,1,5,decision_run_id:BIGINT | report_date:DATE | report_path:VARCHAR | report_title:VARCHAR | generated_at_utc:TIMESTAMP WITH TIME ZONE
monthly_features,BASE TABLE,70565,16,analytics_run_id:BIGINT | metal:VARCHAR | observation_month:DATE | nominal_price:DOUBLE | real_price_cpi:DOUBLE | return_1m:DOUBLE | return_3m:DOUBLE | return_6m:DOUBLE | return_12m:DOUBLE | volatility_12m:DOUBLE | volatility_36m:DOUBLE | drawdown:DOUBLE | zscore_60m:DOUBLE | sma_12m:DOUBLE | sma_36m:DOUBLE | trend_state:VARCHAR
observations,BASE TABLE,56087,11,id:BIGINT | series_key:VARCHAR | observation_date:DATE | value:DOUBLE | open:DOUBLE | high:DOUBLE | low:DOUBLE | adjusted_close:DOUBLE | volume:DOUBLE | collected_at_utc:TIMESTAMP WITH TIME ZONE | raw_file:VARCHAR
optimization_runs,BASE TABLE,8,6,optimization_run_id:BIGINT | started_at_utc:TIMESTAMP WITH TIME ZONE | completed_at_utc:TIMESTAMP WITH TIME ZONE | status:VARCHAR | objective_value:DOUBLE | notes:VARCHAR
optimized_vehicle_weights,BASE TABLE,80,9,optimization_run_id:BIGINT | ticker:VARCHAR | metal:VARCHAR | current_weight_pct:DOUBLE | target_weight_pct:DOUBLE | expected_score:DOUBLE | expected_volatility:DOUBLE | marginal_risk_contribution:DOUBLE | constraint_status:VARCHAR
optimizer_expected_returns,BASE TABLE,30,7,optimization_run_id:BIGINT | ticker:VARCHAR | metal:VARCHAR | market_score:DOUBLE | macro_score:DOUBLE | momentum_score:DOUBLE | expected_return:DOUBLE
performance_attribution,BASE TABLE,36,6,attribution_run_id:BIGINT | metal:VARCHAR | allocation_effect:DOUBLE | selection_effect:DOUBLE | interaction_effect:DOUBLE | total_effect:DOUBLE
platform_health_scores,BASE TABLE,2,8,decision_run_id:BIGINT | data_freshness_score:DOUBLE | model_confidence_score:DOUBLE | recommendation_quality_score:DOUBLE | pipeline_completeness_score:DOUBLE | overall_platform_health:DOUBLE | platform_grade:VARCHAR | explanation:VARCHAR
portfolio_actions,BASE TABLE,79,11,portfolio_run_id:BIGINT | action_rank:INTEGER | ticker:VARCHAR | metal:VARCHAR | action:VARCHAR | recommended_dollars:DOUBLE | estimated_shares:DOUBLE | current_price:DOUBLE | reason:VARCHAR | tax_flag:VARCHAR | confidence:DOUBLE
portfolio_cash_audit,BASE TABLE,3,8,portfolio_run_id:BIGINT | cash_available:DOUBLE | cash_reserved_start:DOUBLE | cash_invested:DOUBLE | cash_reserved_end:DOUBLE | cash_pending:DOUBLE | reserve_vehicle_purchase:DOUBLE | created_at_utc:TIMESTAMP WITH TIME ZONE
portfolio_health_scores,BASE TABLE,6,10,snapshot_id:BIGINT | macro_alignment_score:DOUBLE | diversification_score:DOUBLE | sharpe_score:DOUBLE | drawdown_score:DOUBLE | allocation_discipline_score:DOUBLE | reserve_discipline_score:DOUBLE | overall_health_score:DOUBLE | health_grade:VARCHAR | created_at_utc:TIMESTAMP WITH TIME ZONE
portfolio_positions,BASE TABLE,60,13,portfolio_run_id:BIGINT | account_name:VARCHAR | account_type:VARCHAR | ticker:VARCHAR | shares:DOUBLE | current_price:DOUBLE | market_value:DOUBLE | cost_basis_per_share:DOUBLE | total_cost_basis:DOUBLE | unrealized_gain_loss:DOUBLE | holding_days:INTEGER | metal:VARCHAR | allocation_class:VARCHAR
portfolio_reserve_ledger,BASE TABLE,5,7,portfolio_run_id:BIGINT | starting_reserve_cash:DOUBLE | new_residual_cash:DOUBLE | reserve_vehicle_purchase:DOUBLE | ending_reserve_cash:DOUBLE | reserve_vehicle:VARCHAR | created_at_utc:TIMESTAMP WITH TIME ZONE
portfolio_risk_metrics,BASE TABLE,7,9,risk_run_id:BIGINT | as_of_date:DATE | portfolio_volatility:DOUBLE | value_at_risk:DOUBLE | conditional_value_at_risk:DOUBLE | max_drawdown:DOUBLE | beta_to_gold:DOUBLE | diversification_ratio:DOUBLE | concentration_hhi:DOUBLE
portfolio_runs,BASE TABLE,10,5,portfolio_run_id:BIGINT | started_at_utc:TIMESTAMP WITH TIME ZONE | completed_at_utc:TIMESTAMP WITH TIME ZONE | status:VARCHAR | notes:VARCHAR
portfolio_simulation_percentiles,BASE TABLE,9,5,decision_run_id:BIGINT | simulation_name:VARCHAR | percentile:INTEGER | projected_value:DOUBLE | projected_return:DOUBLE
portfolio_targets,BASE TABLE,97,8,portfolio_run_id:BIGINT | ticker:VARCHAR | metal:VARCHAR | target_total_portfolio_pct:DOUBLE | target_dollar_value:DOUBLE | current_dollar_value:DOUBLE | allocation_gap_dollars:DOUBLE | allocation_gap_pct:DOUBLE
probabilistic_metal_returns,BASE TABLE,12,5,macro_probability_run_id:BIGINT | metal:VARCHAR | expected_return:DOUBLE | return_dispersion:DOUBLE | dominant_regime:VARCHAR
ratio_features,BASE TABLE,35156,6,analytics_run_id:BIGINT | observation_month:DATE | ratio_name:VARCHAR | ratio_value:DOUBLE | zscore_60m:DOUBLE | percentile_120m:DOUBLE
recommendation_alerts,BASE TABLE,0,5,decision_run_id:BIGINT | alert_type:VARCHAR | entity_key:VARCHAR | severity:VARCHAR | message:VARCHAR
recommendation_change_explanations,BASE TABLE,10,11,decision_run_id:BIGINT | ticker:VARCHAR | previous_action:VARCHAR | current_action:VARCHAR | previous_weight_pct:DOUBLE | current_weight_pct:DOUBLE | weight_change_pct:DOUBLE | previous_confidence:DOUBLE | current_confidence:DOUBLE | confidence_change:DOUBLE | explanation:VARCHAR
recommendation_history,BASE TABLE,60,9,decision_run_id:BIGINT | recommendation_date:DATE | ticker:VARCHAR | metal:VARCHAR | action:VARCHAR | recommended_dollars:DOUBLE | target_weight_pct:DOUBLE | confidence:DOUBLE | explanation:VARCHAR
risk_contributions,BASE TABLE,70,8,risk_run_id:BIGINT | ticker:VARCHAR | metal:VARCHAR | portfolio_weight_pct:DOUBLE | volatility:DOUBLE | marginal_risk:DOUBLE | component_risk:DOUBLE | component_risk_pct:DOUBLE
risk_runs,BASE TABLE,7,5,risk_run_id:BIGINT | started_at_utc:TIMESTAMP WITH TIME ZONE | completed_at_utc:TIMESTAMP WITH TIME ZONE | status:VARCHAR | notes:VARCHAR
scenario_plans,BASE TABLE,24,7,decision_run_id:BIGINT | scenario_name:VARCHAR | metal:VARCHAR | projected_return:DOUBLE | target_weight_pct:DOUBLE | allocation_change_pct:DOUBLE | recommendation:VARCHAR
schema_migrations,BASE TABLE,2,2,version:INTEGER | applied_at_utc:TIMESTAMP WITH TIME ZONE
series_catalog,BASE TABLE,21,13,series_key:VARCHAR | source_name:VARCHAR | external_id:VARCHAR | series_name:VARCHAR | metal:VARCHAR | category:VARCHAR | frequency:VARCHAR | unit:VARCHAR | instrument_type:VARCHAR | source_tier:INTEGER | active:BOOLEAN | created_at_utc:TIMESTAMP WITH TIME ZONE | updated_at_utc:TIMESTAMP WITH TIME ZONE
simulation_percentiles,BASE TABLE,114,6,decision_run_id:BIGINT | simulation_name:VARCHAR | ticker:VARCHAR | percentile:INTEGER | projected_value:DOUBLE | projected_return:DOUBLE
simulation_results,BASE TABLE,60,9,decision_run_id:BIGINT | simulation_name:VARCHAR | ticker:VARCHAR | metal:VARCHAR | simulated_dollars:DOUBLE | estimated_shares:DOUBLE | expected_return:DOUBLE | expected_risk:DOUBLE | projected_one_year_value:DOUBLE
stress_test_results,BASE TABLE,28,5,risk_run_id:BIGINT | scenario_name:VARCHAR | projected_return:DOUBLE | projected_pnl_dollars:DOUBLE | worst_contributor:VARCHAR
trade_queue,BASE TABLE,42,12,optimization_run_id:BIGINT | trade_rank:INTEGER | ticker:VARCHAR | metal:VARCHAR | action:VARCHAR | target_gap_dollars:DOUBLE | recommended_dollars:DOUBLE | estimated_shares:DOUBLE | current_price:DOUBLE | priority_score:DOUBLE | reserve_after_trade:DOUBLE | reason:VARCHAR
uncertainty_adjusted_views,BASE TABLE,32,8,forecast_run_id:BIGINT | ticker:VARCHAR | metal:VARCHAR | horizon_months:INTEGER | raw_expected_return:DOUBLE | uncertainty_penalty:DOUBLE | downside_penalty:DOUBLE | adjusted_expected_return:DOUBLE
vehicle_catalog,BASE TABLE,11,8,ticker:VARCHAR | vehicle_name:VARCHAR | metal:VARCHAR | vehicle_type:VARCHAR | allocation_class:VARCHAR | enabled:BOOLEAN | expense_ratio_override:DOUBLE | updated_at_utc:TIMESTAMP WITH TIME ZONE
vehicle_daily_prices,BASE TABLE,306170,6,vehicle_run_id:BIGINT | ticker:VARCHAR | observation_date:DATE | close:DOUBLE | adjusted_close:DOUBLE | volume:DOUBLE
vehicle_metrics,BASE TABLE,110,21,vehicle_run_id:BIGINT | ticker:VARCHAR | metal:VARCHAR | as_of_date:DATE | price:DOUBLE | return_3m:DOUBLE | return_12m:DOUBLE | volatility_12m:DOUBLE | max_drawdown_3y:DOUBLE | average_dollar_volume_3m:DOUBLE | expense_ratio:DOUBLE | tracking_correlation:DOUBLE | tracking_error_12m:DOUBLE | cost_score:DOUBLE | liquidity_score:DOUBLE | tracking_score:DOUBLE | risk_score:DOUBLE | momentum_score:DOUBLE | fit_score:DOUBLE | total_vehicle_score:DOUBLE | confidence:DOUBLE
vehicle_recommendations,BASE TABLE,110,11,vehicle_run_id:BIGINT | ticker:VARCHAR | metal:VARCHAR | allocation_class:VARCHAR | vehicle_type:VARCHAR | vehicle_score:DOUBLE | recommendation_rank:INTEGER | selected:BOOLEAN | recommended_vehicle_share_pct:DOUBLE | recommended_total_portfolio_pct:DOUBLE | rationale:VARCHAR
vehicle_runs,BASE TABLE,11,5,vehicle_run_id:BIGINT | started_at_utc:TIMESTAMP WITH TIME ZONE | completed_at_utc:TIMESTAMP WITH TIME ZONE | status:VARCHAR | notes:VARCHAR
vehicle_simulation_status,BASE TABLE,30,6,decision_run_id:BIGINT | ticker:VARCHAR | metal:VARCHAR | simulated_dollars:DOUBLE | allocation_status:VARCHAR | status_reason:VARCHAR
walk_forward_weights,BASE TABLE,4250,8,backtest_run_id:BIGINT | observation_month:DATE | ticker:VARCHAR | metal:VARCHAR | target_weight_pct:DOUBLE | trailing_return_score:DOUBLE | inverse_volatility_score:DOUBLE | diversification_score:DOUBLE
latest_advanced_vehicle_metrics,VIEW,11,9,vehicle_run_id:BIGINT | ticker:VARCHAR | beta:DOUBLE | downside_deviation:DOUBLE | rolling_sharpe:DOUBLE | rolling_sortino:DOUBLE | rolling_tracking_error:DOUBLE | information_ratio:DOUBLE | spread_stability_score:DOUBLE
latest_allocation_recommendations,VIEW,6,7,analytics_run_id:BIGINT | metal:VARCHAR | metals_bucket_weight_pct:DOUBLE | total_portfolio_weight_pct:DOUBLE | rationale:VARCHAR | allocation_class:VARCHAR | access_method:VARCHAR
latest_attribution_period_returns,VIEW,6,6,attribution_run_id:BIGINT | metal:VARCHAR | portfolio_weight_pct:DOUBLE | benchmark_weight_pct:DOUBLE | portfolio_metal_return:DOUBLE | benchmark_metal_return:DOUBLE
latest_backtest_summary,VIEW,1,11,backtest_run_id:BIGINT | annualized_return:DOUBLE | annualized_volatility:DOUBLE | sharpe_ratio:DOUBLE | sortino_ratio:DOUBLE | max_drawdown:DOUBLE | calmar_ratio:DOUBLE | benchmark_annualized_return:DOUBLE | excess_return:DOUBLE | win_rate:DOUBLE | total_turnover:DOUBLE
latest_black_litterman_outputs,VIEW,10,6,optimization_run_id:BIGINT | ticker:VARCHAR | equilibrium_return:DOUBLE | view_return:DOUBLE | posterior_return:DOUBLE | view_confidence:DOUBLE
latest_dashboard_component_grades,VIEW,6,5,snapshot_id:BIGINT | component:VARCHAR | score:DOUBLE | grade:VARCHAR | explanation:VARCHAR
latest_dashboard_snapshot,VIEW,1,15,snapshot_id:BIGINT | created_at_utc:TIMESTAMP WITH TIME ZONE | macro_regime:VARCHAR | macro_score:DOUBLE | metals_target_pct:DOUBLE | portfolio_volatility:DOUBLE | value_at_risk:DOUBLE | max_drawdown:DOUBLE | backtest_annualized_return:DOUBLE | benchmark_annualized_return:DOUBLE | reserve_cash:DOUBLE | trade_budget:DOUBLE | buy_count:INTEGER | review_status:VARCHAR | warning_summary:VARCHAR
latest_dashboard_trade_summary,VIEW,0,8,snapshot_id:BIGINT | trade_rank:INTEGER | ticker:VARCHAR | metal:VARCHAR | action:VARCHAR | recommended_dollars:DOUBLE | estimated_shares:DOUBLE | reason:VARCHAR
latest_data_freshness_details,VIEW,21,8,decision_run_id:BIGINT | series_key:VARCHAR | frequency:VARCHAR | last_observation:DATE | age_days:DOUBLE | freshness_status:VARCHAR | health_score:DOUBLE | message:VARCHAR
latest_dynamic_confidence_scores,VIEW,10,9,entity_type:VARCHAR | entity_key:VARCHAR | as_of_date:DATE | forecast_agreement:DOUBLE | macro_certainty:DOUBLE | data_completeness:DOUBLE | signal_stability:DOUBLE | historical_accuracy:DOUBLE | overall_confidence:DOUBLE
latest_forecast_model_components,VIEW,64,6,forecast_run_id:BIGINT | metal:VARCHAR | horizon_months:INTEGER | model_name:VARCHAR | model_forecast:DOUBLE | model_weight:DOUBLE
latest_institutional_backtest_metrics,VIEW,1,11,backtest_run_id:BIGINT | rolling_sharpe_3y:DOUBLE | rolling_cagr_3y:DOUBLE | upside_capture:DOUBLE | downside_capture:DOUBLE | tax_drag_estimate:DOUBLE | inflation_adjusted_return:DOUBLE | benchmark_alpha:DOUBLE | equity_beta:DOUBLE | bond_beta:DOUBLE | dollar_beta:DOUBLE
latest_investment_committee_summary,VIEW,1,13,decision_run_id:BIGINT | overall_rating:VARCHAR | dominant_regime:VARCHAR | dominant_regime_probability:DOUBLE | expected_return:DOUBLE | expected_volatility:DOUBLE | metals_target_pct:DOUBLE | reserve_pct:DOUBLE | overall_confidence:DOUBLE | best_opportunities:VARCHAR | key_risks:VARCHAR | recommended_purchases:VARCHAR | summary_text:VARCHAR
latest_learned_regime_probabilities,VIEW,12,4,forecast_run_id:BIGINT | metal:VARCHAR | regime:VARCHAR | probability:DOUBLE
latest_macro_regime,VIEW,1,12,macro_run_id:BIGINT | as_of_date:DATE | inflation_regime:VARCHAR | real_yield_regime:VARCHAR | dollar_regime:VARCHAR | liquidity_regime:VARCHAR | growth_regime:VARCHAR | risk_regime:VARCHAR | overall_regime:VARCHAR | overall_score:DOUBLE | confidence:DOUBLE | summary:VARCHAR
latest_macro_regime_probabilities,VIEW,4,3,macro_probability_run_id:BIGINT | regime:VARCHAR | probability:DOUBLE
latest_metal_forecasts,VIEW,16,10,forecast_run_id:BIGINT | metal:VARCHAR | horizon_months:INTEGER | expected_return:DOUBLE | lower_bound:DOUBLE | upper_bound:DOUBLE | forecast_volatility:DOUBLE | downside_probability:DOUBLE | dominant_regime:VARCHAR | model_agreement:DOUBLE
latest_metal_macro_scores,VIEW,9,13,macro_run_id:BIGINT | metal:VARCHAR | as_of_date:DATE | real_yield_contribution:DOUBLE | inflation_contribution:DOUBLE | dollar_contribution:DOUBLE | liquidity_contribution:DOUBLE | growth_contribution:DOUBLE | risk_contribution:DOUBLE | macro_score:DOUBLE | macro_signal:VARCHAR | confidence:DOUBLE | rationale:VARCHAR
latest_metal_opportunity_rankings,VIEW,2,8,decision_run_id:BIGINT | opportunity_rank:INTEGER | metal:VARCHAR | target_weight_pct:DOUBLE | expected_return:DOUBLE | average_confidence:DOUBLE | opportunity_score:DOUBLE | rationale:VARCHAR
latest_metal_scores,VIEW,9,14,analytics_run_id:BIGINT | metal:VARCHAR | as_of_date:DATE | momentum_score:DOUBLE | valuation_score:DOUBLE | trend_score:DOUBLE | macro_score:DOUBLE | risk_score:DOUBLE | total_score:DOUBLE | signal:VARCHAR | confidence:DOUBLE | investability_class:VARCHAR | portfolio_enabled:BOOLEAN | access_method:VARCHAR
latest_monthly_committee_report,VIEW,1,5,decision_run_id:BIGINT | report_date:DATE | report_path:VARCHAR | report_title:VARCHAR | generated_at_utc:TIMESTAMP WITH TIME ZONE
latest_optimized_vehicle_weights,VIEW,10,9,optimization_run_id:BIGINT | ticker:VARCHAR | metal:VARCHAR | current_weight_pct:DOUBLE | target_weight_pct:DOUBLE | expected_score:DOUBLE | expected_volatility:DOUBLE | marginal_risk_contribution:DOUBLE | constraint_status:VARCHAR
latest_optimizer_expected_returns,VIEW,0,7,optimization_run_id:BIGINT | ticker:VARCHAR | metal:VARCHAR | market_score:DOUBLE | macro_score:DOUBLE | momentum_score:DOUBLE | expected_return:DOUBLE
latest_performance_attribution,VIEW,6,6,attribution_run_id:BIGINT | metal:VARCHAR | allocation_effect:DOUBLE | selection_effect:DOUBLE | interaction_effect:DOUBLE | total_effect:DOUBLE
latest_platform_health_score,VIEW,1,8,decision_run_id:BIGINT | data_freshness_score:DOUBLE | model_confidence_score:DOUBLE | recommendation_quality_score:DOUBLE | pipeline_completeness_score:DOUBLE | overall_platform_health:DOUBLE | platform_grade:VARCHAR | explanation:VARCHAR
latest_portfolio_actions,VIEW,7,11,portfolio_run_id:BIGINT | action_rank:INTEGER | ticker:VARCHAR | metal:VARCHAR | action:VARCHAR | recommended_dollars:DOUBLE | estimated_shares:DOUBLE | current_price:DOUBLE | reason:VARCHAR | tax_flag:VARCHAR | confidence:DOUBLE
latest_portfolio_cash_audit,VIEW,1,8,portfolio_run_id:BIGINT | cash_available:DOUBLE | cash_reserved_start:DOUBLE | cash_invested:DOUBLE | cash_reserved_end:DOUBLE | cash_pending:DOUBLE | reserve_vehicle_purchase:DOUBLE | created_at_utc:TIMESTAMP WITH TIME ZONE
latest_portfolio_health_score,VIEW,1,10,snapshot_id:BIGINT | macro_alignment_score:DOUBLE | diversification_score:DOUBLE | sharpe_score:DOUBLE | drawdown_score:DOUBLE | allocation_discipline_score:DOUBLE | reserve_discipline_score:DOUBLE | overall_health_score:DOUBLE | health_grade:VARCHAR | created_at_utc:TIMESTAMP WITH TIME ZONE
latest_portfolio_positions,VIEW,6,13,portfolio_run_id:BIGINT | account_name:VARCHAR | account_type:VARCHAR | ticker:VARCHAR | shares:DOUBLE | current_price:DOUBLE | market_value:DOUBLE | cost_basis_per_share:DOUBLE | total_cost_basis:DOUBLE | unrealized_gain_loss:DOUBLE | holding_days:INTEGER | metal:VARCHAR | allocation_class:VARCHAR
latest_portfolio_reserve,VIEW,1,7,portfolio_run_id:BIGINT | starting_reserve_cash:DOUBLE | new_residual_cash:DOUBLE | reserve_vehicle_purchase:DOUBLE | ending_reserve_cash:DOUBLE | reserve_vehicle:VARCHAR | created_at_utc:TIMESTAMP WITH TIME ZONE
latest_portfolio_risk_metrics,VIEW,1,9,risk_run_id:BIGINT | as_of_date:DATE | portfolio_volatility:DOUBLE | value_at_risk:DOUBLE | conditional_value_at_risk:DOUBLE | max_drawdown:DOUBLE | beta_to_gold:DOUBLE | diversification_ratio:DOUBLE | concentration_hhi:DOUBLE
latest_portfolio_run,VIEW,1,5,portfolio_run_id:BIGINT | started_at_utc:TIMESTAMP WITH TIME ZONE | completed_at_utc:TIMESTAMP WITH TIME ZONE | status:VARCHAR | notes:VARCHAR
latest_portfolio_simulation_percentiles,VIEW,3,5,decision_run_id:BIGINT | simulation_name:VARCHAR | percentile:INTEGER | projected_value:DOUBLE | projected_return:DOUBLE
latest_portfolio_targets,VIEW,10,8,portfolio_run_id:BIGINT | ticker:VARCHAR | metal:VARCHAR | target_total_portfolio_pct:DOUBLE | target_dollar_value:DOUBLE | current_dollar_value:DOUBLE | allocation_gap_dollars:DOUBLE | allocation_gap_pct:DOUBLE
latest_probabilistic_metal_returns,VIEW,6,5,macro_probability_run_id:BIGINT | metal:VARCHAR | expected_return:DOUBLE | return_dispersion:DOUBLE | dominant_regime:VARCHAR
latest_recommendation_alerts,VIEW,0,5,decision_run_id:BIGINT | alert_type:VARCHAR | entity_key:VARCHAR | severity:VARCHAR | message:VARCHAR
latest_recommendation_change_explanations,VIEW,10,11,decision_run_id:BIGINT | ticker:VARCHAR | previous_action:VARCHAR | current_action:VARCHAR | previous_weight_pct:DOUBLE | current_weight_pct:DOUBLE | weight_change_pct:DOUBLE | previous_confidence:DOUBLE | current_confidence:DOUBLE | confidence_change:DOUBLE | explanation:VARCHAR
latest_recommendation_history,VIEW,10,9,decision_run_id:BIGINT | recommendation_date:DATE | ticker:VARCHAR | metal:VARCHAR | action:VARCHAR | recommended_dollars:DOUBLE | target_weight_pct:DOUBLE | confidence:DOUBLE | explanation:VARCHAR
latest_risk_contributions,VIEW,10,8,risk_run_id:BIGINT | ticker:VARCHAR | metal:VARCHAR | portfolio_weight_pct:DOUBLE | volatility:DOUBLE | marginal_risk:DOUBLE | component_risk:DOUBLE | component_risk_pct:DOUBLE
latest_scenario_plans,VIEW,0,7,decision_run_id:BIGINT | scenario_name:VARCHAR | metal:VARCHAR | projected_return:DOUBLE | target_weight_pct:DOUBLE | allocation_change_pct:DOUBLE | recommendation:VARCHAR
latest_simulation_percentiles,VIEW,18,6,decision_run_id:BIGINT | simulation_name:VARCHAR | ticker:VARCHAR | percentile:INTEGER | projected_value:DOUBLE | projected_return:DOUBLE
latest_simulation_results,VIEW,10,9,decision_run_id:BIGINT | simulation_name:VARCHAR | ticker:VARCHAR | metal:VARCHAR | simulated_dollars:DOUBLE | estimated_shares:DOUBLE | expected_return:DOUBLE | expected_risk:DOUBLE | projected_one_year_value:DOUBLE
latest_stress_test_results,VIEW,4,5,risk_run_id:BIGINT | scenario_name:VARCHAR | projected_return:DOUBLE | projected_pnl_dollars:DOUBLE | worst_contributor:VARCHAR
latest_trade_queue,VIEW,0,12,optimization_run_id:BIGINT | trade_rank:INTEGER | ticker:VARCHAR | metal:VARCHAR | action:VARCHAR | target_gap_dollars:DOUBLE | recommended_dollars:DOUBLE | estimated_shares:DOUBLE | current_price:DOUBLE | priority_score:DOUBLE | reserve_after_trade:DOUBLE | reason:VARCHAR
latest_uncertainty_adjusted_views,VIEW,32,8,forecast_run_id:BIGINT | ticker:VARCHAR | metal:VARCHAR | horizon_months:INTEGER | raw_expected_return:DOUBLE | uncertainty_penalty:DOUBLE | downside_penalty:DOUBLE | adjusted_expected_return:DOUBLE
latest_vehicle_metrics,VIEW,11,21,vehicle_run_id:BIGINT | ticker:VARCHAR | metal:VARCHAR | as_of_date:DATE | price:DOUBLE | return_3m:DOUBLE | return_12m:DOUBLE | volatility_12m:DOUBLE | max_drawdown_3y:DOUBLE | average_dollar_volume_3m:DOUBLE | expense_ratio:DOUBLE | tracking_correlation:DOUBLE | tracking_error_12m:DOUBLE | cost_score:DOUBLE | liquidity_score:DOUBLE | tracking_score:DOUBLE | risk_score:DOUBLE | momentum_score:DOUBLE | fit_score:DOUBLE | total_vehicle_score:DOUBLE | confidence:DOUBLE
latest_vehicle_recommendations,VIEW,11,11,vehicle_run_id:BIGINT | ticker:VARCHAR | metal:VARCHAR | allocation_class:VARCHAR | vehicle_type:VARCHAR | vehicle_score:DOUBLE | recommendation_rank:INTEGER | selected:BOOLEAN | recommended_vehicle_share_pct:DOUBLE | recommended_total_portfolio_pct:DOUBLE | rationale:VARCHAR
latest_vehicle_simulation_status,VIEW,10,6,decision_run_id:BIGINT | ticker:VARCHAR | metal:VARCHAR | simulated_dollars:DOUBLE | allocation_status:VARCHAR | status_reason:VARCHAR
