path,size_bytes,extension,category
.env,806,,other
.env.example,141,.example,other
advanced_metrics_v7_0_1.py,3577,.py,source
apply_all_v5_1_upgrades.py,366,.py,source
apply_all_v5_upgrades.py,494,.py,source
apply_all_v6_1_upgrades.py,343,.py,source
apply_all_v6_2_upgrades.py,313,.py,source
apply_all_v6_upgrades.py,382,.py,source
apply_all_v7_1_upgrades.py,343,.py,source
apply_all_v7_2_upgrades.py,342,.py,source
apply_all_v7_upgrades.py,382,.py,source
apply_all_v8_upgrades.py,405,.py,source
apply_attribution_patch_v6_0_1.py,1706,.py,source
apply_module2_config_v2_4_2.py,3083,.py,source
apply_module2_macro_integration.py,2653,.py,source
apply_module2_tactical_reserve_fix.py,4159,.py,source
apply_module2_v5_upgrade.py,1724,.py,source
apply_module3_config.py,1515,.py,source
apply_module3_scenario_upgrade.py,1231,.py,source
apply_module3_v5_probability_upgrade.py,2283,.py,source
apply_module4_v5_0_2_metadata_patch.py,4514,.py,source
apply_module4_v5_selection_upgrade.py,3611,.py,source
apply_module4_v5_selection_upgrade_v2.py,4851,.py,source
apply_platform_health_patch_v7_1_1.py,2963,.py,source
apply_uncertainty_views_patch_v8_0_1.py,1770,.py,source
apply_v4_config.py,869,.py,source
apply_v5_1_config.py,905,.py,source
apply_v5_1_schema.py,416,.py,source
apply_v5_config.py,1007,.py,source
apply_v5_schema.py,415,.py,source
apply_v6_1_config.py,960,.py,source
apply_v6_1_schema.py,893,.py,source
apply_v6_2_config.py,936,.py,source
apply_v6_2_schema.py,419,.py,source
apply_v6_config.py,901,.py,source
apply_v6_schema.py,413,.py,source
apply_v7_1_config.py,960,.py,source
apply_v7_1_schema.py,420,.py,source
apply_v7_2_config.py,947,.py,source
apply_v7_2_schema.py,420,.py,source
apply_v7_config.py,932,.py,source
apply_v7_schema.py,411,.py,source
apply_v8_config.py,955,.py,source
apply_v8_schema.py,412,.py,source
BUILD_MANIFEST.json,252,.json,other
export_module3.py,979,.py,source
export_module4.py,637,.py,source
export_platform.py,762,.py,source
export_v5.py,1023,.py,source
export_v5_1.py,1050,.py,source
export_v6.py,1289,.py,source
export_v6_1.py,1554,.py,source
export_v6_2.py,1476,.py,source
export_v7.py,1171,.py,source
export_v7_1.py,1116,.py,source
export_v7_2.py,1152,.py,source
export_v8.py,1117,.py,source
inspect_module2.py,1940,.py,source
inspect_module3.py,1737,.py,source
inspect_module4.py,1072,.py,source
inspect_module5.py,1329,.py,source
inspect_module5_v5_1.py,1086,.py,source
inspect_module6.py,1587,.py,source
inspect_module7.py,1803,.py,source
inspect_platform.py,1263,.py,source
inspect_v6_1.py,2524,.py,source
inspect_v6_2.py,1692,.py,source
inspect_v7_1.py,1289,.py,source
inspect_v7_2.py,1547,.py,source
inspect_v8.py,1958,.py,source
install_advanced_metrics_v7_0_1.py,1317,.py,source
install_copper_selection_v5_1_3.py,988,.py,source
install_optional_market_data.bat,392,.bat,other
migrate_module2_v2_4.py,975,.py,source
README.md,2038,.md,documentation
README_MODULE3.md,2010,.md,documentation
README_MODULE4.md,1017,.md,documentation
README_PATCH.md,770,.md,documentation
README_UPDATE.md,1680,.md,documentation
README_V5.md,2423,.md,documentation
README_V5_1.md,1256,.md,documentation
README_V6.md,2221,.md,documentation
README_V6_1.md,2282,.md,documentation
README_V6_2.md,1433,.md,documentation
README_V7.md,2088,.md,documentation
README_V7_1.md,1436,.md,documentation
README_V7_2.md,1437,.md,documentation
README_V8.md,2343,.md,documentation
repair_attribution_runs_v6_0_1.py,742,.py,source
repair_decision_runs_v7_1_1.py,701,.py,source
repair_forecast_runs_v8_0_1.py,704,.py,source
repair_module2_v2_3_2.py,1593,.py,source
repair_v2_3_1.py,1012,.py,source
requirements-optional.txt,17,.txt,other
requirements-v6.txt,47,.txt,other
requirements-v7.txt,47,.txt,other
requirements-v8.txt,47,.txt,other
requirements.txt,126,.txt,other
reset_database.py,592,.py,source
run_all.py,312,.py,source
run_confidence_v7_1.py,691,.py,source
run_dashboard_v6_1.py,655,.py,source
run_dashboard_v6_2.py,670,.py,source
run_dashboard_v7.py,664,.py,source
run_dashboard_v7_1.py,671,.py,source
run_dashboard_v7_2.py,671,.py,source
run_module2.py,653,.py,source
run_module2_and_3.py,496,.py,source
run_module3.py,703,.py,source
run_module4.py,547,.py,source
run_module5.py,654,.py,source
run_module5_v5_1.py,668,.py,source
run_module5_v6.py,717,.py,source
run_module5_v6_1.py,726,.py,source
run_module5_v6_2.py,725,.py,source
run_module6.py,1179,.py,source
run_module6_v6_1.py,1271,.py,source
run_module6_v6_2.py,1269,.py,source
run_module7.py,692,.py,source
run_module7_v7_1.py,706,.py,source
run_module7_v7_2.py,706,.py,source
run_module7_v8.py,699,.py,source
run_module8.py,923,.py,source
run_modules_2_to_4.py,513,.py,source
run_modules_2_to_5.py,597,.py,source
run_monthly_report_v8.py,692,.py,source
run_platform.bat,363,.bat,other
run_platform.py,1447,.py,source
run_v6_1_pipeline.py,585,.py,source
run_v6_2_pipeline.py,555,.py,source
run_v6_pipeline.py,500,.py,source
run_v7_1_pipeline.py,475,.py,source
run_v7_2_pipeline.py,430,.py,source
run_v7_pipeline.py,642,.py,source
run_v7_quant_upgrades.py,1552,.py,source
run_v8_pipeline.py,448,.py,source
setup_windows.bat,323,.bat,other
test_advanced_metrics_v7_0_1.py,1128,.py,source
test_copper_selection_v5_1_3.py,1322,.py,source
verify_forecast_join_v8_0_1.py,1202,.py,source
verify_quality_schema_v7_1_1.py,637,.py,source
config/module7_inputs.yaml,178,.yaml,other
config/portfolio_holdings.csv,322,.csv,other
config/portfolio_holdings.example.csv,322,.csv,other
config/portfolio_inputs.yaml,298,.yaml,other
config/series.yaml,2618,.yaml,other
config/settings.yaml,15619,.yaml,other
config/settings.yaml.patch,957,.patch,other
config/settings_before_module3_20260712_112830.yaml,3080,.yaml,other
config/settings_before_v2_4_2_20260711_145006.yaml,1939,.yaml,other
config/settings_before_v4_20260712_114335.yaml,5130,.yaml,other
config/settings_before_v5_20260712_181331.yaml,6817,.yaml,other
config/settings_before_v6_1_20260712_210614.yaml,9772,.yaml,other
config/settings_before_v6_20260712_203030.yaml,7871,.yaml,other
config/settings_before_v6_2_20260712_212227.yaml,10483,.yaml,other
config/settings_before_v7_1_20260713_073315.yaml,13493,.yaml,other
config/settings_before_v7_20260713_071005.yaml,11103,.yaml,other
config/settings_before_v7_2_20260713_082732.yaml,14257,.yaml,other
config/settings_before_v8_20260713_083642.yaml,14728,.yaml,other
config/vehicles.yaml,1930,.yaml,other
data/metals_intelligence.duckdb,67383296,.duckdb,other
docs/CURRENT_STATE.md,513,.md,other
metals_platform/__init__.py,22,.py,source
tests/test_black_litterman.py,471,.py,source
tests/test_confidence_v7_1.py,295,.py,source
tests/test_database.py,412,.py,source
tests/test_execution.py,256,.py,source
tests/test_forecasting_engine.py,294,.py,source
tests/test_grading_v7_1.py,561,.py,source
tests/test_macro_engine.py,298,.py,source
tests/test_module2.py,174,.py,source
tests/test_probability_engine.py,417,.py,source
tests/test_quality.py,499,.py,source
tests/test_v6_1_attribution.py,222,.py,source
tests/test_v6_1_reserve.py,308,.py,source
tests/test_v6_2_attribution.py,260,.py,source
tests/test_v6_2_optimizer.py,275,.py,source
tests/test_v6_trade_queue.py,362,.py,source
tests/test_v7_2_engine.py,352,.py,source
tests/test_v7_2_schema.py,283,.py,source
tests/test_v8_schema.py,262,.py,source
tests/test_vehicle_engine.py,169,.py,source
tests/test_vehicle_selection.py,793,.py,source
__pycache__/advanced_metrics_v7_0_1.cpython-313.pyc,4001,.pyc,other
__pycache__/apply_all_v5_1_upgrades.cpython-313.pyc,733,.pyc,other
__pycache__/apply_all_v5_upgrades.cpython-313.pyc,892,.pyc,other
__pycache__/apply_all_v6_1_upgrades.cpython-313.pyc,704,.pyc,other
__pycache__/apply_all_v6_2_upgrades.cpython-313.pyc,663,.pyc,other
__pycache__/apply_all_v6_upgrades.cpython-313.pyc,753,.pyc,other
__pycache__/apply_all_v7_1_upgrades.cpython-313.pyc,704,.pyc,other
__pycache__/apply_all_v7_2_upgrades.cpython-313.pyc,704,.pyc,other
__pycache__/apply_all_v7_upgrades.cpython-313.pyc,753,.pyc,other
__pycache__/apply_all_v8_upgrades.cpython-313.pyc,792,.pyc,other
__pycache__/apply_attribution_patch_v6_0_1.cpython-313.pyc,2421,.pyc,other
__pycache__/apply_module2_macro_integration.cpython-313.pyc,3494,.pyc,other
__pycache__/apply_module2_tactical_reserve_fix.cpython-313.pyc,4782,.pyc,other
__pycache__/apply_module2_v5_upgrade.cpython-313.pyc,2345,.pyc,other
__pycache__/apply_module3_config.cpython-313.pyc,2651,.pyc,other
__pycache__/apply_module3_scenario_upgrade.cpython-313.pyc,2140,.pyc,other
__pycache__/apply_module3_v5_probability_upgrade.cpython-313.pyc,2947,.pyc,other
__pycache__/apply_module4_v5_1_upgrade.cpython-313.pyc,2585,.pyc,other
__pycache__/apply_module4_v5_selection_upgrade.cpython-313.pyc,4368,.pyc,other
__pycache__/apply_platform_health_patch_v7_1_1.cpython-313.pyc,3692,.pyc,other
__pycache__/apply_uncertainty_views_patch_v8_0_1.cpython-313.pyc,2518,.pyc,other
__pycache__/apply_v4_config.cpython-313.pyc,2085,.pyc,other
__pycache__/apply_v5_1_config.cpython-313.pyc,1701,.pyc,other
__pycache__/apply_v5_1_schema.cpython-313.pyc,856,.pyc,other
__pycache__/apply_v5_config.cpython-313.pyc,1961,.pyc,other
__pycache__/apply_v5_schema.cpython-313.pyc,861,.pyc,other
__pycache__/apply_v6_1_config.cpython-313.pyc,1733,.pyc,other
__pycache__/apply_v6_1_schema.cpython-313.pyc,1434,.pyc,other
__pycache__/apply_v6_2_config.cpython-313.pyc,1708,.pyc,other
__pycache__/apply_v6_2_schema.cpython-313.pyc,857,.pyc,other
__pycache__/apply_v6_config.cpython-313.pyc,1695,.pyc,other
__pycache__/apply_v6_schema.cpython-313.pyc,853,.pyc,other
__pycache__/apply_v7_1_config.cpython-313.pyc,1733,.pyc,other
__pycache__/apply_v7_1_schema.cpython-313.pyc,859,.pyc,other
__pycache__/apply_v7_2_config.cpython-313.pyc,1711,.pyc,other
__pycache__/apply_v7_2_schema.cpython-313.pyc,859,.pyc,other
__pycache__/apply_v7_config.cpython-313.pyc,1702,.pyc,other
__pycache__/apply_v7_schema.cpython-313.pyc,849,.pyc,other
__pycache__/apply_v8_config.cpython-313.pyc,1727,.pyc,other
__pycache__/apply_v8_schema.cpython-313.pyc,851,.pyc,other
__pycache__/export_database.cpython-313.pyc,1487,.pyc,other
__pycache__/export_module3.cpython-313.pyc,1569,.pyc,other
__pycache__/export_module4.cpython-313.pyc,1522,.pyc,other
__pycache__/export_platform.cpython-313.pyc,1547,.pyc,other
__pycache__/export_v5.cpython-313.pyc,1594,.pyc,other
__pycache__/export_v5_1.cpython-313.pyc,1615,.pyc,other
__pycache__/export_v6.cpython-313.pyc,1810,.pyc,other
__pycache__/export_v6_1.cpython-313.pyc,2046,.pyc,other
__pycache__/export_v6_2.cpython-313.pyc,1957,.pyc,other
__pycache__/export_v7.cpython-313.pyc,1710,.pyc,other
__pycache__/export_v7_1.cpython-313.pyc,1692,.pyc,other
__pycache__/export_v7_2.cpython-313.pyc,1694,.pyc,other
__pycache__/export_v8.cpython-313.pyc,1662,.pyc,other
__pycache__/inspect_database.cpython-313.pyc,1410,.pyc,other
__pycache__/inspect_module2.cpython-313.pyc,2598,.pyc,other
__pycache__/inspect_module3.cpython-313.pyc,2490,.pyc,other
__pycache__/inspect_module4.cpython-313.pyc,2030,.pyc,other
__pycache__/inspect_module5.cpython-313.pyc,2105,.pyc,other
__pycache__/inspect_module5_v5_1.cpython-313.pyc,1804,.pyc,other
__pycache__/inspect_module6.cpython-313.pyc,2765,.pyc,other
__pycache__/inspect_module7.cpython-313.pyc,2838,.pyc,other
__pycache__/inspect_platform.cpython-313.pyc,2181,.pyc,other
__pycache__/inspect_v6_1.cpython-313.pyc,3448,.pyc,other
__pycache__/inspect_v6_2.cpython-313.pyc,2613,.pyc,other
__pycache__/inspect_v7_1.cpython-313.pyc,2124,.pyc,other
__pycache__/inspect_v7_2.cpython-313.pyc,2467,.pyc,other
__pycache__/inspect_v8.cpython-313.pyc,3046,.pyc,other
__pycache__/install_advanced_metrics_v7_0_1.cpython-313.pyc,1954,.pyc,other
__pycache__/migrate_module2_v2_4.cpython-313.pyc,1670,.pyc,other
__pycache__/repair_attribution_runs_v6_0_1.cpython-313.pyc,1287,.pyc,other
__pycache__/repair_decision_runs_v7_1_1.cpython-313.pyc,1215,.pyc,other
__pycache__/repair_forecast_runs_v8_0_1.cpython-313.pyc,1215,.pyc,other
__pycache__/repair_module2_v2_3_2.cpython-313.pyc,2028,.pyc,other
__pycache__/repair_v2_3_1.cpython-313.pyc,1956,.pyc,other
__pycache__/reset_database.cpython-313.pyc,985,.pyc,other
__pycache__/run_all.cpython-313.pyc,706,.pyc,other
__pycache__/run_confidence_v7_1.cpython-313.pyc,1131,.pyc,other
__pycache__/run_dashboard_v6_1.cpython-313.pyc,1111,.pyc,other
__pycache__/run_dashboard_v6_2.cpython-313.pyc,1124,.pyc,other
__pycache__/run_dashboard_v7.cpython-313.pyc,1117,.pyc,other
__pycache__/run_dashboard_v7_1.cpython-313.pyc,1124,.pyc,other
__pycache__/run_dashboard_v7_2.cpython-313.pyc,1124,.pyc,other
__pycache__/run_module1.cpython-313.pyc,10000,.pyc,other
__pycache__/run_module2.cpython-313.pyc,1161,.pyc,other
__pycache__/run_module2_and_3.cpython-313.pyc,925,.pyc,other
__pycache__/run_module3.cpython-313.pyc,1114,.pyc,other
__pycache__/run_module4.cpython-313.pyc,1175,.pyc,other
__pycache__/run_module5.cpython-313.pyc,1118,.pyc,other
__pycache__/run_module5_v5_1.cpython-313.pyc,1128,.pyc,other
__pycache__/run_module5_v6.cpython-313.pyc,1229,.pyc,other
__pycache__/run_module5_v6_1.cpython-313.pyc,1236,.pyc,other
__pycache__/run_module5_v6_2.cpython-313.pyc,1236,.pyc,other
__pycache__/run_module6.cpython-313.pyc,1795,.pyc,other
__pycache__/run_module6_v6_1.cpython-313.pyc,1868,.pyc,other
__pycache__/run_module6_v6_2.cpython-313.pyc,1864,.pyc,other
__pycache__/run_module7.cpython-313.pyc,1140,.pyc,other
__pycache__/run_module7_v7_1.cpython-313.pyc,1144,.pyc,other
__pycache__/run_module7_v7_2.cpython-313.pyc,1144,.pyc,other
__pycache__/run_module7_v8.cpython-313.pyc,1137,.pyc,other
__pycache__/run_module8.cpython-313.pyc,1395,.pyc,other
__pycache__/run_modules_2_to_4.cpython-313.pyc,1171,.pyc,other
__pycache__/run_modules_2_to_5.cpython-313.pyc,1054,.pyc,other
__pycache__/run_monthly_report_v8.cpython-313.pyc,1133,.pyc,other
__pycache__/run_platform.cpython-313.pyc,2829,.pyc,other
__pycache__/run_v6_1_pipeline.cpython-313.pyc,1030,.pyc,other
__pycache__/run_v6_2_pipeline.cpython-313.pyc,989,.pyc,other
__pycache__/run_v6_pipeline.cpython-313.pyc,916,.pyc,other
__pycache__/run_v7_1_pipeline.cpython-313.pyc,875,.pyc,other
__pycache__/run_v7_2_pipeline.cpython-313.pyc,816,.pyc,other
__pycache__/run_v7_pipeline.cpython-313.pyc,1103,.pyc,other
__pycache__/run_v7_quant_upgrades.cpython-313.pyc,2176,.pyc,other
__pycache__/run_v8_pipeline.cpython-313.pyc,849,.pyc,other
__pycache__/test_advanced_metrics_v7_0_1.cpython-313.pyc,1575,.pyc,other
__pycache__/verify_forecast_join_v8_0_1.cpython-313.pyc,2162,.pyc,other
__pycache__/verify_quality_schema_v7_1_1.cpython-313.pyc,1380,.pyc,other
tests/__pycache__/test_black_litterman.cpython-313.pyc,1030,.pyc,other
tests/__pycache__/test_confidence_v7_1.cpython-313.pyc,637,.pyc,other
tests/__pycache__/test_database.cpython-313.pyc,913,.pyc,other
tests/__pycache__/test_execution.cpython-313.pyc,704,.pyc,other
tests/__pycache__/test_forecasting_engine.cpython-313.pyc,663,.pyc,other
tests/__pycache__/test_grading_v7_1.cpython-313.pyc,902,.pyc,other
tests/__pycache__/test_macro_engine.cpython-313.pyc,816,.pyc,other
tests/__pycache__/test_module2.cpython-313.pyc,591,.pyc,other
tests/__pycache__/test_probability_engine.cpython-313.pyc,807,.pyc,other
tests/__pycache__/test_quality.cpython-313.pyc,964,.pyc,other
tests/__pycache__/test_v6_1_attribution.cpython-313.pyc,507,.pyc,other
tests/__pycache__/test_v6_1_reserve.cpython-313.pyc,668,.pyc,other
tests/__pycache__/test_v6_2_attribution.cpython-313.pyc,610,.pyc,other
tests/__pycache__/test_v6_2_optimizer.cpython-313.pyc,628,.pyc,other
tests/__pycache__/test_v6_trade_queue.cpython-313.pyc,648,.pyc,other
tests/__pycache__/test_v7_2_engine.cpython-313.pyc,690,.pyc,other
tests/__pycache__/test_v7_2_schema.cpython-313.pyc,610,.pyc,other
tests/__pycache__/test_v8_schema.cpython-313.pyc,589,.pyc,other
tests/__pycache__/test_vehicle_engine.cpython-313.pyc,519,.pyc,other
tests/__pycache__/test_vehicle_selection.cpython-313.pyc,1156,.pyc,other
metals_platform/analytics/engine.py,30109,.py,source
metals_platform/analytics/engine_before_macro_integration_20260712_114351.py,28186,.py,source
metals_platform/analytics/engine_before_tactical_reserve_20260712_112850.py,27580,.py,source
metals_platform/analytics/engine_before_v5_retention_20260712_181335.py,29780,.py,source
metals_platform/analytics/module2_allocation_patch.py,3196,.py,source
metals_platform/analytics/retention.py,885,.py,source
metals_platform/analytics/__init__.py,0,.py,source
metals_platform/attribution/engine.py,3961,.py,source
metals_platform/attribution/engine_before_v6_0_1_20260712_203548.py,3434,.py,source
metals_platform/attribution/engine_v6_1.py,8880,.py,source
metals_platform/attribution/engine_v6_2.py,8171,.py,source
metals_platform/attribution/__init__.py,0,.py,source
metals_platform/backtest/engine.py,5199,.py,source
metals_platform/backtest/engine_v6_1.py,12624,.py,source
metals_platform/backtest/institutional_metrics.py,2188,.py,source
metals_platform/backtest/run_institutional_metrics.py,2216,.py,source
metals_platform/backtest/__init__.py,0,.py,source
metals_platform/collectors/eia_uranium.py,2087,.py,source
metals_platform/collectors/fred.py,1743,.py,source
metals_platform/collectors/market_proxies.py,1259,.py,source
metals_platform/collectors/world_bank.py,2565,.py,source
metals_platform/collectors/__init__.py,0,.py,source
metals_platform/confidence/engine.py,3307,.py,source
metals_platform/confidence/engine_v7_1.py,3995,.py,source
metals_platform/confidence/__init__.py,0,.py,source
metals_platform/core/config.py,1531,.py,source
metals_platform/core/dependencies.py,559,.py,source
metals_platform/core/http.py,715,.py,source
metals_platform/core/logging_utils.py,600,.py,source
metals_platform/core/quality.py,3173,.py,source
metals_platform/core/rate_limit.py,505,.py,source
metals_platform/core/__init__.py,0,.py,source
metals_platform/dashboard/component_grades.py,247,.py,source
metals_platform/dashboard/engine.py,6315,.py,source
metals_platform/dashboard/engine_v6_2.py,4621,.py,source
metals_platform/dashboard/engine_v7.py,1920,.py,source
metals_platform/dashboard/engine_v7_1.py,6349,.py,source
metals_platform/dashboard/engine_v7_2.py,1766,.py,source
metals_platform/dashboard/grading_v7_1.py,1358,.py,source
metals_platform/dashboard/__init__.py,0,.py,source
metals_platform/database/base.py,82,.py,source
metals_platform/database/db.py,4654,.py,source
metals_platform/database/models.py,5296,.py,source
metals_platform/database/module2_migration.py,5815,.py,source
metals_platform/database/module3_schema.py,2629,.py,source
metals_platform/database/module4_schema.py,1777,.py,source
metals_platform/database/repository.py,5565,.py,source
metals_platform/database/schema.py,3871,.py,source
metals_platform/database/session.py,429,.py,source
metals_platform/database/v5_1_schema.py,920,.py,source
metals_platform/database/v5_schema.py,3301,.py,source
metals_platform/database/v6_1_schema.py,3117,.py,source
metals_platform/database/v6_2_schema.py,1973,.py,source
metals_platform/database/v6_schema.py,6566,.py,source
metals_platform/database/v7_1_schema.py,2134,.py,source
metals_platform/database/v7_2_schema.py,2582,.py,source
metals_platform/database/v7_schema.py,7730,.py,source
metals_platform/database/v8_schema.py,4337,.py,source
metals_platform/database/__init__.py,0,.py,source
metals_platform/decision_support/engine.py,11143,.py,source
metals_platform/decision_support/engine_v7_1.py,17857,.py,source
metals_platform/decision_support/engine_v7_1_before_v7_1_1_20260713_080134.py,16223,.py,source
metals_platform/decision_support/engine_v7_2.py,22416,.py,source
metals_platform/decision_support/engine_v8.py,12571,.py,source
metals_platform/decision_support/__init__.py,0,.py,source
metals_platform/etl/pipeline.py,5773,.py,source
metals_platform/etl/__init__.py,0,.py,source
metals_platform/forecasting/engine.py,10840,.py,source
metals_platform/forecasting/__init__.py,0,.py,source
metals_platform/macro/engine.py,20211,.py,source
metals_platform/macro/engine_before_scenario_upgrade_20260712_114345.py,21005,.py,source
metals_platform/macro/engine_before_v5_probability_20260712_181335.py,19538,.py,source
metals_platform/macro/probabilistic_engine.py,4968,.py,source
metals_platform/macro/probability_engine.py,1109,.py,source
metals_platform/macro/scenario_patch.py,665,.py,source
metals_platform/macro/__init__.py,0,.py,source
metals_platform/models/contracts.py,529,.py,source
metals_platform/models/__init__.py,0,.py,source
metals_platform/optimizer/black_litterman.py,883,.py,source
metals_platform/optimizer/engine.py,5550,.py,source
metals_platform/optimizer/engine_v6_1.py,8023,.py,source
metals_platform/optimizer/engine_v6_2.py,12098,.py,source
metals_platform/optimizer/engine_v7.py,8005,.py,source
metals_platform/optimizer/uncertainty_views.py,3456,.py,source
metals_platform/optimizer/uncertainty_views_before_v8_0_1_20260713_084032.py,2728,.py,source
metals_platform/optimizer/__init__.py,0,.py,source
metals_platform/portfolio/engine.py,13247,.py,source
metals_platform/portfolio/engine_v5_1.py,9990,.py,source
metals_platform/portfolio/engine_v6.py,13203,.py,source
metals_platform/portfolio/engine_v6_1.py,18144,.py,source
metals_platform/portfolio/engine_v6_2.py,1812,.py,source
metals_platform/portfolio/execution.py,485,.py,source
metals_platform/portfolio/__init__.py,0,.py,source
metals_platform/reporting/monthly_report.py,5768,.py,source
metals_platform/reporting/__init__.py,0,.py,source
metals_platform/risk/engine.py,5845,.py,source
metals_platform/risk/engine_v6_1.py,9308,.py,source
metals_platform/risk/__init__.py,0,.py,source
metals_platform/services/quality.py,1772,.py,source
metals_platform/services/__init__.py,0,.py,source
metals_platform/vehicles/advanced_metrics.py,3577,.py,source
metals_platform/vehicles/advanced_metrics_before_v7_0_1_20260713_071432.py,1790,.py,source
metals_platform/vehicles/engine.py,12226,.py,source
metals_platform/vehicles/engine_before_v5_0_2_metadata_20260712_183757.py,11406,.py,source
metals_platform/vehicles/engine_before_v5_selection_20260712_182124.py,10260,.py,source
metals_platform/vehicles/run_advanced_metrics.py,2757,.py,source
metals_platform/vehicles/selection.py,5739,.py,source
metals_platform/vehicles/selection_before_v5_1_3_20260712_191531.py,5739,.py,source
metals_platform/vehicles/__init__.py,0,.py,source
metals_platform/__pycache__/__init__.cpython-313.pyc,202,.pyc,other
metals_platform/__pycache__/__init__.cpython-314.pyc,181,.pyc,other
metals_platform/vehicles/__pycache__/advanced_metrics.cpython-313.pyc,3002,.pyc,other
metals_platform/vehicles/__pycache__/advanced_metrics.cpython-314.pyc,4573,.pyc,other
metals_platform/vehicles/__pycache__/engine.cpython-313.pyc,23552,.pyc,other
metals_platform/vehicles/__pycache__/engine.cpython-314.pyc,25087,.pyc,other
metals_platform/vehicles/__pycache__/run_advanced_metrics.cpython-313.pyc,3861,.pyc,other
metals_platform/vehicles/__pycache__/run_advanced_metrics.cpython-314.pyc,3988,.pyc,other
metals_platform/vehicles/__pycache__/selection.cpython-313.pyc,4559,.pyc,other
metals_platform/vehicles/__pycache__/selection.cpython-314.pyc,6339,.pyc,other
metals_platform/vehicles/__pycache__/__init__.cpython-313.pyc,177,.pyc,other
metals_platform/vehicles/__pycache__/__init__.cpython-314.pyc,164,.pyc,other
metals_platform/services/__pycache__/quality.cpython-313.pyc,3236,.pyc,other
metals_platform/services/__pycache__/quality.cpython-314.pyc,3423,.pyc,other
metals_platform/services/__pycache__/__init__.cpython-313.pyc,185,.pyc,other
metals_platform/services/__pycache__/__init__.cpython-314.pyc,164,.pyc,other
metals_platform/risk/__pycache__/engine.cpython-313.pyc,9169,.pyc,other
metals_platform/risk/__pycache__/engine.cpython-314.pyc,9626,.pyc,other
metals_platform/risk/__pycache__/engine_v6_1.cpython-313.pyc,11178,.pyc,other
metals_platform/risk/__pycache__/engine_v6_1.cpython-314.pyc,11675,.pyc,other
metals_platform/risk/__pycache__/__init__.cpython-313.pyc,173,.pyc,other
metals_platform/risk/__pycache__/__init__.cpython-314.pyc,160,.pyc,other
metals_platform/reporting/__pycache__/monthly_report.cpython-313.pyc,8311,.pyc,other
metals_platform/reporting/__pycache__/monthly_report.cpython-314.pyc,8508,.pyc,other
metals_platform/reporting/__pycache__/__init__.cpython-313.pyc,178,.pyc,other
metals_platform/reporting/__pycache__/__init__.cpython-314.pyc,165,.pyc,other
metals_platform/portfolio/__pycache__/engine.cpython-313.pyc,15762,.pyc,other
metals_platform/portfolio/__pycache__/engine.cpython-314.pyc,16648,.pyc,other
metals_platform/portfolio/__pycache__/engine_v5_1.cpython-313.pyc,13588,.pyc,other
metals_platform/portfolio/__pycache__/engine_v5_1.cpython-314.pyc,14376,.pyc,other
metals_platform/portfolio/__pycache__/engine_v6.cpython-313.pyc,16000,.pyc,other
metals_platform/portfolio/__pycache__/engine_v6.cpython-314.pyc,16848,.pyc,other
metals_platform/portfolio/__pycache__/engine_v6_1.cpython-313.pyc,18910,.pyc,other
metals_platform/portfolio/__pycache__/engine_v6_1.cpython-314.pyc,19900,.pyc,other
metals_platform/portfolio/__pycache__/engine_v6_2.cpython-313.pyc,2455,.pyc,other
metals_platform/portfolio/__pycache__/engine_v6_2.cpython-314.pyc,2554,.pyc,other
metals_platform/portfolio/__pycache__/execution.cpython-313.pyc,909,.pyc,other
metals_platform/portfolio/__pycache__/execution.cpython-314.pyc,1047,.pyc,other
metals_platform/portfolio/__pycache__/__init__.cpython-313.pyc,178,.pyc,other
metals_platform/portfolio/__pycache__/__init__.cpython-314.pyc,165,.pyc,other
metals_platform/optimizer/__pycache__/black_litterman.cpython-313.pyc,1567,.pyc,other
metals_platform/optimizer/__pycache__/black_litterman.cpython-314.pyc,1781,.pyc,other
metals_platform/optimizer/__pycache__/engine.cpython-313.pyc,8853,.pyc,other
metals_platform/optimizer/__pycache__/engine.cpython-314.pyc,9285,.pyc,other
metals_platform/optimizer/__pycache__/engine_v6_1.cpython-313.pyc,10683,.pyc,other
metals_platform/optimizer/__pycache__/engine_v6_1.cpython-314.pyc,11169,.pyc,other
metals_platform/optimizer/__pycache__/engine_v6_2.cpython-313.pyc,15591,.pyc,other
metals_platform/optimizer/__pycache__/engine_v6_2.cpython-314.pyc,16506,.pyc,other
metals_platform/optimizer/__pycache__/engine_v7.cpython-313.pyc,10312,.pyc,other
metals_platform/optimizer/__pycache__/engine_v7.cpython-314.pyc,10933,.pyc,other
metals_platform/optimizer/__pycache__/uncertainty_views.cpython-313.pyc,3672,.pyc,other
metals_platform/optimizer/__pycache__/uncertainty_views.cpython-314.pyc,4582,.pyc,other
metals_platform/optimizer/__pycache__/__init__.cpython-313.pyc,178,.pyc,other
metals_platform/optimizer/__pycache__/__init__.cpython-314.pyc,165,.pyc,other
metals_platform/models/__pycache__/contracts.cpython-313.pyc,1378,.pyc,other
metals_platform/models/__pycache__/contracts.cpython-314.pyc,1929,.pyc,other
metals_platform/models/__pycache__/__init__.cpython-313.pyc,183,.pyc,other
metals_platform/models/__pycache__/__init__.cpython-314.pyc,162,.pyc,other
metals_platform/macro/__pycache__/engine.cpython-313.pyc,20657,.pyc,other
metals_platform/macro/__pycache__/engine.cpython-314.pyc,22762,.pyc,other
metals_platform/macro/__pycache__/probabilistic_engine.cpython-313.pyc,7118,.pyc,other
metals_platform/macro/__pycache__/probabilistic_engine.cpython-314.pyc,7416,.pyc,other
metals_platform/macro/__pycache__/probability_engine.cpython-313.pyc,1964,.pyc,other
metals_platform/macro/__pycache__/probability_engine.cpython-314.pyc,2276,.pyc,other
metals_platform/macro/__pycache__/scenario_patch.cpython-313.pyc,1299,.pyc,other
metals_platform/macro/__pycache__/scenario_patch.cpython-314.pyc,1345,.pyc,other
metals_platform/macro/__pycache__/__init__.cpython-313.pyc,174,.pyc,other
metals_platform/macro/__pycache__/__init__.cpython-314.pyc,161,.pyc,other
metals_platform/forecasting/__pycache__/engine.cpython-313.pyc,12921,.pyc,other
metals_platform/forecasting/__pycache__/engine.cpython-314.pyc,13663,.pyc,other
metals_platform/forecasting/__pycache__/__init__.cpython-313.pyc,180,.pyc,other
metals_platform/forecasting/__pycache__/__init__.cpython-314.pyc,167,.pyc,other
metals_platform/etl/__pycache__/pipeline.cpython-313.pyc,10803,.pyc,other
metals_platform/etl/__pycache__/pipeline.cpython-314.pyc,11430,.pyc,other
metals_platform/etl/__pycache__/__init__.cpython-313.pyc,180,.pyc,other
metals_platform/etl/__pycache__/__init__.cpython-314.pyc,159,.pyc,other
metals_platform/decision_support/__pycache__/engine.cpython-313.pyc,12247,.pyc,other
metals_platform/decision_support/__pycache__/engine.cpython-314.pyc,12740,.pyc,other
metals_platform/decision_support/__pycache__/engine_v7_1.cpython-313.pyc,18672,.pyc,other
metals_platform/decision_support/__pycache__/engine_v7_1.cpython-314.pyc,20794,.pyc,other
metals_platform/decision_support/__pycache__/engine_v7_2.cpython-313.pyc,25747,.pyc,other
metals_platform/decision_support/__pycache__/engine_v7_2.cpython-314.pyc,27361,.pyc,other
metals_platform/decision_support/__pycache__/engine_v8.cpython-313.pyc,14760,.pyc,other
metals_platform/decision_support/__pycache__/engine_v8.cpython-314.pyc,15406,.pyc,other
metals_platform/decision_support/__pycache__/__init__.cpython-313.pyc,185,.pyc,other
metals_platform/decision_support/__pycache__/__init__.cpython-314.pyc,172,.pyc,other
metals_platform/database/__pycache__/base.cpython-313.pyc,461,.pyc,other
metals_platform/database/__pycache__/base.cpython-314.pyc,445,.pyc,other
metals_platform/database/__pycache__/db.cpython-313.pyc,5712,.pyc,other
metals_platform/database/__pycache__/db.cpython-314.pyc,6198,.pyc,other
metals_platform/database/__pycache__/models.cpython-313.pyc,7160,.pyc,other
metals_platform/database/__pycache__/models.cpython-314.pyc,7331,.pyc,other
metals_platform/database/__pycache__/module2_migration.cpython-313.pyc,6855,.pyc,other
metals_platform/database/__pycache__/module2_migration.cpython-314.pyc,7643,.pyc,other
metals_platform/database/__pycache__/module3_schema.cpython-313.pyc,2800,.pyc,other
metals_platform/database/__pycache__/module3_schema.cpython-314.pyc,2779,.pyc,other
metals_platform/database/__pycache__/module4_schema.cpython-313.pyc,1957,.pyc,other
metals_platform/database/__pycache__/module4_schema.cpython-314.pyc,1941,.pyc,other
metals_platform/database/__pycache__/repository.cpython-313.pyc,6767,.pyc,other
metals_platform/database/__pycache__/repository.cpython-314.pyc,7176,.pyc,other
metals_platform/database/__pycache__/schema.cpython-313.pyc,4020,.pyc,other
metals_platform/database/__pycache__/schema.cpython-314.pyc,3999,.pyc,other
metals_platform/database/__pycache__/session.cpython-313.pyc,790,.pyc,other
metals_platform/database/__pycache__/session.cpython-314.pyc,777,.pyc,other
metals_platform/database/__pycache__/v5_1_schema.cpython-313.pyc,1070,.pyc,other
metals_platform/database/__pycache__/v5_1_schema.cpython-314.pyc,1061,.pyc,other
metals_platform/database/__pycache__/v5_schema.cpython-313.pyc,3403,.pyc,other
metals_platform/database/__pycache__/v5_schema.cpython-314.pyc,3387,.pyc,other
metals_platform/database/__pycache__/v6_1_schema.cpython-313.pyc,3235,.pyc,other
metals_platform/database/__pycache__/v6_1_schema.cpython-314.pyc,3227,.pyc,other
metals_platform/database/__pycache__/v6_2_schema.cpython-313.pyc,2115,.pyc,other
metals_platform/database/__pycache__/v6_2_schema.cpython-314.pyc,2107,.pyc,other
metals_platform/database/__pycache__/v6_schema.cpython-313.pyc,6578,.pyc,other
metals_platform/database/__pycache__/v6_schema.cpython-314.pyc,6570,.pyc,other
metals_platform/database/__pycache__/v7_1_schema.cpython-313.pyc,2273,.pyc,other
metals_platform/database/__pycache__/v7_1_schema.cpython-314.pyc,2265,.pyc,other
metals_platform/database/__pycache__/v7_2_schema.cpython-313.pyc,2707,.pyc,other
metals_platform/database/__pycache__/v7_2_schema.cpython-314.pyc,2699,.pyc,other
metals_platform/database/__pycache__/v7_schema.cpython-313.pyc,7710,.pyc,other
metals_platform/database/__pycache__/v7_schema.cpython-314.pyc,7702,.pyc,other
metals_platform/database/__pycache__/v8_schema.cpython-313.pyc,4413,.pyc,other
metals_platform/database/__pycache__/v8_schema.cpython-314.pyc,4405,.pyc,other
metals_platform/database/__pycache__/__init__.cpython-313.pyc,177,.pyc,other
metals_platform/database/__pycache__/__init__.cpython-314.pyc,164,.pyc,other
metals_platform/dashboard/__pycache__/component_grades.cpython-313.pyc,509,.pyc,other
metals_platform/dashboard/__pycache__/component_grades.cpython-314.pyc,648,.pyc,other
metals_platform/dashboard/__pycache__/engine.cpython-313.pyc,7949,.pyc,other
metals_platform/dashboard/__pycache__/engine.cpython-314.pyc,8303,.pyc,other
metals_platform/dashboard/__pycache__/engine_v6_2.cpython-313.pyc,5958,.pyc,other
metals_platform/dashboard/__pycache__/engine_v6_2.cpython-314.pyc,6471,.pyc,other
metals_platform/dashboard/__pycache__/engine_v7.cpython-313.pyc,3029,.pyc,other
metals_platform/dashboard/__pycache__/engine_v7.cpython-314.pyc,3153,.pyc,other
metals_platform/dashboard/__pycache__/engine_v7_1.cpython-313.pyc,6811,.pyc,other
metals_platform/dashboard/__pycache__/engine_v7_1.cpython-314.pyc,7237,.pyc,other
metals_platform/dashboard/__pycache__/engine_v7_2.cpython-313.pyc,3044,.pyc,other
metals_platform/dashboard/__pycache__/engine_v7_2.cpython-314.pyc,3176,.pyc,other
metals_platform/dashboard/__pycache__/grading_v7_1.cpython-313.pyc,2080,.pyc,other
metals_platform/dashboard/__pycache__/grading_v7_1.cpython-314.pyc,2637,.pyc,other
metals_platform/dashboard/__pycache__/__init__.cpython-313.pyc,178,.pyc,other
metals_platform/dashboard/__pycache__/__init__.cpython-314.pyc,165,.pyc,other
metals_platform/core/__pycache__/config.cpython-313.pyc,2946,.pyc,other
metals_platform/core/__pycache__/config.cpython-314.pyc,3766,.pyc,other
metals_platform/core/__pycache__/dependencies.cpython-313.pyc,1071,.pyc,other
metals_platform/core/__pycache__/dependencies.cpython-314.pyc,1216,.pyc,other
metals_platform/core/__pycache__/http.cpython-313.pyc,1228,.pyc,other
metals_platform/core/__pycache__/http.cpython-314.pyc,1382,.pyc,other
metals_platform/core/__pycache__/logging_utils.cpython-313.pyc,1446,.pyc,other
metals_platform/core/__pycache__/logging_utils.cpython-314.pyc,1597,.pyc,other
metals_platform/core/__pycache__/quality.cpython-313.pyc,4371,.pyc,other
metals_platform/core/__pycache__/quality.cpython-314.pyc,4714,.pyc,other
metals_platform/core/__pycache__/rate_limit.cpython-313.pyc,1399,.pyc,other
metals_platform/core/__pycache__/rate_limit.cpython-314.pyc,1643,.pyc,other
metals_platform/core/__pycache__/__init__.cpython-313.pyc,181,.pyc,other
metals_platform/core/__pycache__/__init__.cpython-314.pyc,160,.pyc,other
metals_platform/confidence/__pycache__/engine.cpython-313.pyc,4650,.pyc,other
metals_platform/confidence/__pycache__/engine.cpython-314.pyc,4903,.pyc,other
metals_platform/confidence/__pycache__/engine_v7_1.cpython-313.pyc,5814,.pyc,other
metals_platform/confidence/__pycache__/engine_v7_1.cpython-314.pyc,6031,.pyc,other
metals_platform/confidence/__pycache__/__init__.cpython-313.pyc,179,.pyc,other
metals_platform/confidence/__pycache__/__init__.cpython-314.pyc,166,.pyc,other
metals_platform/collectors/__pycache__/eia_uranium.cpython-313.pyc,4858,.pyc,other
metals_platform/collectors/__pycache__/eia_uranium.cpython-314.pyc,5192,.pyc,other
metals_platform/collectors/__pycache__/fred.cpython-313.pyc,3008,.pyc,other
metals_platform/collectors/__pycache__/fred.cpython-314.pyc,3355,.pyc,other
metals_platform/collectors/__pycache__/market_proxies.cpython-313.pyc,2581,.pyc,other
metals_platform/collectors/__pycache__/market_proxies.cpython-314.pyc,2846,.pyc,other
metals_platform/collectors/__pycache__/world_bank.cpython-313.pyc,5680,.pyc,other
metals_platform/collectors/__pycache__/world_bank.cpython-314.pyc,6021,.pyc,other
metals_platform/collectors/__pycache__/__init__.cpython-313.pyc,187,.pyc,other
metals_platform/collectors/__pycache__/__init__.cpython-314.pyc,166,.pyc,other
metals_platform/backtest/__pycache__/engine.cpython-313.pyc,8318,.pyc,other
metals_platform/backtest/__pycache__/engine.cpython-314.pyc,8835,.pyc,other
metals_platform/backtest/__pycache__/engine_v6_1.cpython-313.pyc,14470,.pyc,other
metals_platform/backtest/__pycache__/engine_v6_1.cpython-314.pyc,15528,.pyc,other
metals_platform/backtest/__pycache__/institutional_metrics.cpython-313.pyc,3768,.pyc,other
metals_platform/backtest/__pycache__/institutional_metrics.cpython-314.pyc,4168,.pyc,other
metals_platform/backtest/__pycache__/run_institutional_metrics.cpython-313.pyc,2932,.pyc,other
metals_platform/backtest/__pycache__/run_institutional_metrics.cpython-314.pyc,3077,.pyc,other
metals_platform/backtest/__pycache__/__init__.cpython-313.pyc,177,.pyc,other
metals_platform/backtest/__pycache__/__init__.cpython-314.pyc,164,.pyc,other
metals_platform/attribution/__pycache__/engine.cpython-313.pyc,5455,.pyc,other
metals_platform/attribution/__pycache__/engine.cpython-314.pyc,5978,.pyc,other
metals_platform/attribution/__pycache__/engine_v6_1.cpython-313.pyc,10740,.pyc,other
metals_platform/attribution/__pycache__/engine_v6_1.cpython-314.pyc,11252,.pyc,other
metals_platform/attribution/__pycache__/engine_v6_2.cpython-313.pyc,10413,.pyc,other
metals_platform/attribution/__pycache__/engine_v6_2.cpython-314.pyc,10921,.pyc,other
metals_platform/attribution/__pycache__/__init__.cpython-313.pyc,180,.pyc,other
metals_platform/attribution/__pycache__/__init__.cpython-314.pyc,167,.pyc,other
metals_platform/analytics/__pycache__/engine.cpython-313.pyc,29730,.pyc,other
metals_platform/analytics/__pycache__/engine.cpython-314.pyc,36104,.pyc,other
metals_platform/analytics/__pycache__/module2_allocation_patch.cpython-313.pyc,2830,.pyc,other
metals_platform/analytics/__pycache__/module2_allocation_patch.cpython-314.pyc,3116,.pyc,other
metals_platform/analytics/__pycache__/retention.cpython-313.pyc,1459,.pyc,other
metals_platform/analytics/__pycache__/retention.cpython-314.pyc,1579,.pyc,other
metals_platform/analytics/__pycache__/__init__.cpython-313.pyc,186,.pyc,other
metals_platform/analytics/__pycache__/__init__.cpython-314.pyc,165,.pyc,other
data/backups/metals_intelligence_before_module2_cleanup_20260711_144403.duckdb,17313792,.duckdb,other
data/backups/metals_intelligence_before_module2_cleanup_20260711_144559.duckdb,17313792,.duckdb,other
data/exports/latest_data_freshness_details.csv,1864,.csv,other
data/exports/latest_forecast_model_components.csv,3156,.csv,other
data/exports/latest_learned_regime_probabilities.csv,355,.csv,other
data/exports/latest_metal_forecasts.csv,2423,.csv,other
data/exports/latest_metal_opportunity_rankings.csv,441,.csv,other
data/exports/latest_monthly_committee_report.csv,230,.csv,other
data/exports/latest_platform_health_score.csv,346,.csv,other
data/exports/latest_recommendation_change_explanations.csv,2072,.csv,other
data/exports/latest_uncertainty_adjusted_views.csv,3170,.csv,other
data/exports/metals_committee_report_2026-07-13.html,3470,.html,other
data/exports/metals_data_explorer.html,56676,.html,other
data/logs/platform_v2_1.log,9463,.log,other
data/logs/platform_v2_3.log,33901,.log,other
data/raw/eia/eia_uranium_summarytable1b.html,71222,.html,other
data/raw/fred/fred_CPIAUCSL.json,637,.json,other
data/raw/fred/fred_DCOILWTICO.json,1204,.json,other
data/raw/fred/fred_DFF.json,1632,.json,other
data/raw/fred/fred_DFII10.json,1342,.json,other
data/raw/fred/fred_DGS10.json,1343,.json,other
data/raw/fred/fred_DTWEXBGS.json,1373,.json,other
data/raw/fred/fred_INDPRO.json,638,.json,other
data/raw/fred/fred_M2SL.json,637,.json,other
data/raw/fred/fred_PCEPI.json,637,.json,other
data/raw/fred/fred_T10YIE.json,1343,.json,other
data/raw/fred/fred_UNRATE.json,629,.json,other
data/raw/fred/fred_VIXCLS.json,1352,.json,other
data/raw/world_bank/world_bank_monthly.xlsx,575636,.xlsx,other
