filename,type,rows,columns,column_names,producer,consumer,refresh,universal_mapping
latest_data_freshness_details.csv,CSV,21,8,decision_run_id | series_key | frequency | last_observation | age_days | freshness_status | health_score | message,export_v8.py / source latest_* view,Universal adapter; analytics review,Per v8 pipeline run,platform_status / export_manifest
latest_forecast_model_components.csv,CSV,64,6,forecast_run_id | metal | horizon_months | model_name | model_forecast | model_weight,export_v8.py / source latest_* view,Universal adapter; analytics review,Per v8 pipeline run,forecasts (supporting detail)
latest_learned_regime_probabilities.csv,CSV,12,4,forecast_run_id | metal | regime | probability,export_v8.py / source latest_* view,Universal adapter; analytics review,Per v8 pipeline run,forecasts / risk_metrics (supporting detail)
latest_metal_forecasts.csv,CSV,16,10,forecast_run_id | metal | horizon_months | expected_return | lower_bound | upper_bound | forecast_volatility | downside_probability | dominant_regime | model_agreement,export_v8.py / source latest_* view,Universal adapter; analytics review,Per v8 pipeline run,forecasts
latest_metal_opportunity_rankings.csv,CSV,2,8,decision_run_id | opportunity_rank | metal | target_weight_pct | expected_return | average_confidence | opportunity_score | rationale,export_v8.py / source latest_* view,Universal adapter; analytics review,Per v8 pipeline run,recommendations
latest_monthly_committee_report.csv,CSV,1,5,decision_run_id | report_date | report_path | report_title | generated_at_utc,export_v8.py / source latest_* view,Universal adapter; analytics review,Per v8 pipeline run,export_manifest
latest_platform_health_score.csv,CSV,1,8,decision_run_id | data_freshness_score | model_confidence_score | recommendation_quality_score | pipeline_completeness_score | overall_platform_health | platform_grade | explanation,export_v8.py / source latest_* view,Universal adapter; analytics review,Per v8 pipeline run,platform_status
latest_recommendation_change_explanations.csv,CSV,10,11,decision_run_id | ticker | previous_action | current_action | previous_weight_pct | current_weight_pct | weight_change_pct | previous_confidence | current_confidence | confidence_change | explanation,export_v8.py / source latest_* view,Universal adapter; analytics review,Per v8 pipeline run,recommendations (change audit)
latest_uncertainty_adjusted_views.csv,CSV,32,8,forecast_run_id | ticker | metal | horizon_months | raw_expected_return | uncertainty_penalty | downside_penalty | adjusted_expected_return,export_v8.py / source latest_* view,Universal adapter; analytics review,Per v8 pipeline run,forecasts / recommendations (adapter input)
metals_committee_report_2026-07-13.html,HTML,,,,MonthlyCommitteeReportEngine or dashboard engine,Human review,Per report/dashboard run,export_manifest only; not canonical data
metals_data_explorer.html,HTML,,,,MonthlyCommitteeReportEngine or dashboard engine,Human review,Per report/dashboard run,export_manifest only; not canonical data
