relative_path,component,role,suffix,size_bytes,sha256,version_marker,is_test,is_backup,initial_classification,classification_reason
apply_v10_0_0_config.py,root,operations,.py,1564,9f95e765f65386fe3435b55667e8a28b827014fa323c4d58373058f955ec225b,10.0.0,False,False,archive,"Legacy upgrade, recovery, or operational entry point"
apply_v10_0_1_config.py,root,operations,.py,1680,c845cf30f59bd1c9839fcf949de392f494e7bfae5aef48e411adb55aa99e33ab,10.0.1,False,False,archive,"Legacy upgrade, recovery, or operational entry point"
apply_v10_0_1_hotfix.bat,root,operations,.bat,724,2c3a1e0afa787545bd5986706135fd5ceb9db0d91ea01a29b086e1cc74a5b8b6,10.0.1,False,False,archive,"Legacy upgrade, recovery, or operational entry point"
apply_v10_0_2_config.py,root,operations,.py,1679,c45f841a89dce296735895676c2857d94fb4f075acb46daa33a880203a6f93b0,10.0.2,False,False,archive,"Legacy upgrade, recovery, or operational entry point"
apply_v10_0_2_hotfix.bat,root,operations,.bat,732,f89b44eefe535488a5a20658e900cce97e208e7ceddab250ead69279a081d7f7,10.0.2,False,False,archive,"Legacy upgrade, recovery, or operational entry point"
apply_v10_1_0_config.py,root,operations,.py,796,0f01e0fd6492b7b163877e7f1bb6880000003085d9056f7c4e43d7c733bdee69,10.1.0,False,False,archive,"Legacy upgrade, recovery, or operational entry point"
apply_v10_2_0_config.py,root,operations,.py,1509,f71273f41abe5ab600c28382498e1eec472869bc4ad9fca61d81211ce4df1ab8,10.2.0,False,False,archive,"Legacy upgrade, recovery, or operational entry point"
apply_v11_0_0_config.py,root,operations,.py,693,14dc5a7dc824b1b6fc2db35afe386dd4639ee9a14835c0884ec08e536f464087,11.0.0,False,False,archive,"Legacy upgrade, recovery, or operational entry point"
apply_v11_0_1_config.py,root,operations,.py,1101,037878be82672c049d3a0c30fd9f0a77b972697ddeb26b477807abfc24baa4c2,11.0.1,False,False,archive,"Legacy upgrade, recovery, or operational entry point"
apply_v11_0_1_memory_persistence.bat,root,operations,.bat,793,79df22d2d8d29ba06cf8230061874ef336a5bb08fc09f4c82021f87c3324c4a0,11.0.1,False,False,archive,"Legacy upgrade, recovery, or operational entry point"
apply_v11_0_2_canonical_identity.bat,root,operations,.bat,558,bf815fc211d46b212c5bb059d90181af628547aee46b1f01e33779a65f7dab5b,11.0.2,False,False,archive,"Legacy upgrade, recovery, or operational entry point"
apply_v11_0_2_config.py,root,operations,.py,1058,aec37958d3474f68799550b92ee3c1759638c71f089aa0e7798d2c7530cd53dd,11.0.2,False,False,archive,"Legacy upgrade, recovery, or operational entry point"
apply_v11_0_3_canonical_memory_rebuild.bat,root,operations,.bat,733,1ab3bb327810c155838f638b6dd667ac785f0d97c1501cba1e147c0ad1487cfd,11.0.3,False,False,archive,"Legacy upgrade, recovery, or operational entry point"
apply_v11_0_3_config.py,root,operations,.py,1215,cf1980b8e88a2e7744c806efe4053203f559fd31353ebf90fdc40ef67e0b6305,11.0.3,False,False,archive,"Legacy upgrade, recovery, or operational entry point"
apply_v12_0_0_config.py,root,operations,.py,1610,9d25b305ad043dc9b46a97f33d0e7825d0f0b4ca00d5fbe792466cf8f7515553,12.0.0,False,False,archive,"Legacy upgrade, recovery, or operational entry point"
apply_v12_0_1_config.py,root,operations,.py,1888,5a4df746c919b737bb28b83fa607488229a4a2e8308bcd85bdee43c4ff1d74fd,12.0.1,False,False,archive,"Legacy upgrade, recovery, or operational entry point"
apply_v12_0_1_decision_guardrails.bat,root,operations,.bat,630,e73a53af5b2dfb811f0d117321ba1e77b6bfe945a7e4c28b4e0f5686234993de,12.0.1,False,False,archive,"Legacy upgrade, recovery, or operational entry point"
apply_v12_1_0_config.py,root,operations,.py,1360,216cef39c23bd014acadb15a613b2e234201e1785ad1f9e8eb8e5b3820122b66,12.1.0,False,False,archive,"Legacy upgrade, recovery, or operational entry point"
apply_v13_0_0_config.py,root,operations,.py,917,99b464819b6c697054b9d1b3c59f88dd479167031e69438f1b81e55f19987e4c,13.0.0,False,False,archive,"Legacy upgrade, recovery, or operational entry point"
apply_v3_1_1_hotfix.bat,root,operations,.bat,185,16c0d8d187c61df7abd8b56446b5c213c2c1344a664302eccc761747f4b1ecbf,3.1.1,False,False,archive,"Legacy upgrade, recovery, or operational entry point"
apply_v3_1_1_hotfix.py,root,operations,.py,1667,cf2c285f701015e285997d7cef5aa5ffe899e9d49ff2e543b5790a817f34c734,3.1.1,False,False,archive,"Legacy upgrade, recovery, or operational entry point"
apply_v3_2_1_hotfix.bat,root,operations,.bat,185,98e54ea40bbc176c8eb520c969a8040b22d8ef266333eb7cb2d1db5f5e2d6238,3.2.1,False,False,archive,"Legacy upgrade, recovery, or operational entry point"
apply_v3_2_1_hotfix.py,root,operations,.py,1361,1db38857133090e0e301e56c3c33ab2d6ec543129b973f4468e2bc82315d611e,3.2.1,False,False,archive,"Legacy upgrade, recovery, or operational entry point"
apply_v3_3_1_hotfix.bat,root,operations,.bat,185,6ec5be75544b0a167b321b380d25e5410ca06481ad162313ec84e0cc21b6bf5e,3.3.1,False,False,archive,"Legacy upgrade, recovery, or operational entry point"
apply_v3_3_1_hotfix.py,root,operations,.py,1757,0c3814f135759c622f8bfba414dd9f44607d370a84e826610e187f6425f16ded,3.3.1,False,False,archive,"Legacy upgrade, recovery, or operational entry point"
apply_v3_3_2_hotfix.bat,root,operations,.bat,277,df7af85c09ce29d0fffa8136bcf0c7c1406edb8da14e201a31c8273eff1bb078,3.3.2,False,False,archive,"Legacy upgrade, recovery, or operational entry point"
apply_v3_3_2_hotfix.py,root,operations,.py,2031,f9802b6595a2d44ce72a9bd915c1f9eae6b937b619c7350901f2609a0b2de4d4,3.3.2,False,False,archive,"Legacy upgrade, recovery, or operational entry point"
apply_v3_3_3_identifier_hotfix.bat,root,operations,.bat,337,1d66d334694020d593ed1ff219199cdad00c06fe63edc667297f84f11beaeb5e,3.3.3,False,False,archive,"Legacy upgrade, recovery, or operational entry point"
apply_v3_3_3_identifier_hotfix.py,root,operations,.py,2080,124862c42ebdce5813ab7ad510090dc232651d1c5489fac576d050731be2c055,3.3.3,False,False,archive,"Legacy upgrade, recovery, or operational entry point"
apply_v3_3_5_recovery_hotfix.bat,root,operations,.bat,359,8ede8eec7291e89bc6a83d87b17958b34fa0b3ec07300e50204d1a033b3e2ab1,3.3.5,False,False,archive,"Legacy upgrade, recovery, or operational entry point"
apply_v3_3_5_recovery_hotfix.py,root,operations,.py,838,68b84404e609cacbbe85560dcd36c536329c2582e9fcdc2af0062062a9a2037a,3.3.5,False,False,archive,"Legacy upgrade, recovery, or operational entry point"
apply_v4_2_1_config.py,root,operations,.py,1255,baebba197f40fd0b261c28b1ffa6585bbe5a8a3df5ba11ada1540fecbbe7d717,4.2.1,False,False,archive,"Legacy upgrade, recovery, or operational entry point"
apply_v4_2_2_config.py,root,operations,.py,2174,3bfc26b4bb82b8f15025888480361c9bb62207460dd347f0196d5ae5a9a1ce4d,4.2.2,False,False,archive,"Legacy upgrade, recovery, or operational entry point"
apply_v4_2_3_config.py,root,operations,.py,1551,5110b729bac3ae469690b745d2e119edc7f1c446a9f4418d4ff4327d55b6190a,4.2.3,False,False,archive,"Legacy upgrade, recovery, or operational entry point"
apply_v5_0_config.py,root,operations,.py,2364,502654192cb5659ff492c684eaf226497445c367337fefc5bb85bac09f972441,5.0,False,False,archive,"Legacy upgrade, recovery, or operational entry point"
apply_v5_1_1_config.py,root,operations,.py,894,481d91cd556b921fb05d18d4775270f56fec736455981b8d9cbee92a46b8d788,5.1.1,False,False,archive,"Legacy upgrade, recovery, or operational entry point"
apply_v5_1_config.py,root,operations,.py,1685,30caeae0b0944be9150fe416e09dd718fc2c9347a14ec33a30cc6356f17ed3e5,5.1,False,False,archive,"Legacy upgrade, recovery, or operational entry point"
apply_v6_0_config.py,root,operations,.py,1456,0d7fab4ca19d28f205831edcebace84a4496e36a605b4361d954ae8885e08320,6.0,False,False,archive,"Legacy upgrade, recovery, or operational entry point"
apply_v6_0_module22_fix.py,root,operations,.py,5401,85abe411fb8c65f8795722e51410d5db4e118dbe84cd078139e9522eed9cffb9,6.0,False,False,archive,"Legacy upgrade, recovery, or operational entry point"
apply_v7_0_1_schema_hotfix.bat,root,operations,.bat,435,0590559e3b98b81ffa73b076d55e4936e464b53cd2afea16053467cd695fa61f,7.0.1,False,False,archive,"Legacy upgrade, recovery, or operational entry point"
apply_v7_0_2_feature_matrix_hotfix.bat,root,operations,.bat,322,8b87c3ab6fe548e448fb3a4fc670bbe3d44c49f80ee1e9c2f1aafb42dd420541,7.0.2,False,False,archive,"Legacy upgrade, recovery, or operational entry point"
apply_v7_0_2_hotfix.py,root,operations,.py,852,24153a7ed7ef07fa04def28601520d35d91240552c5c61498562a0e07f4292b2,7.0.2,False,False,archive,"Legacy upgrade, recovery, or operational entry point"
apply_v7_0_3_config.py,root,operations,.py,892,0699ae01a520fecbe1bb8489a163be2e9a594754aa8b7356f2b0fe45357d185f,7.0.3,False,False,archive,"Legacy upgrade, recovery, or operational entry point"
apply_v7_0_config.py,root,operations,.py,1497,d9561365669a9cb36e2cc2678b65f5f7247dbd37f8d941e8a2381f57f83f4aa0,7.0,False,False,archive,"Legacy upgrade, recovery, or operational entry point"
apply_v7_1_config.py,root,operations,.py,1155,015bb3ac29fb9a1f9f19a26ca4c573b05f966cae5bfd24b1f81ce0f4951880c7,7.1,False,False,archive,"Legacy upgrade, recovery, or operational entry point"
apply_v7_2_config.py,root,operations,.py,1328,fa416c68cd6911b1552286c0da6ed6be4d1762720575ec61d461c8fa728b4671,7.2,False,False,archive,"Legacy upgrade, recovery, or operational entry point"
apply_v7_3_1_compatibility_hotfix.bat,root,operations,.bat,476,1bb09f32ae94866e7476c1c7b2d67042b47c93fb9f86844da004835f11af5a1e,7.3.1,False,False,archive,"Legacy upgrade, recovery, or operational entry point"
apply_v7_3_1_config.py,root,operations,.py,876,3daf51995830f2adcf05fd621d5b5aef72ebb84b4a2b0b402b2da4484ed684ca,7.3.1,False,False,archive,"Legacy upgrade, recovery, or operational entry point"
apply_v7_3_1_hotfix.py,root,operations,.py,2508,8ba82012c0a9098b7c7064cc9f846db833ef11c9f715d501e4dbe0c3c8dcc492,7.3.1,False,False,archive,"Legacy upgrade, recovery, or operational entry point"
apply_v7_3_config.py,root,operations,.py,1456,094fd439eecf3964d5d9b06bc8f300371e6582805865b6f02b31ce670377e02f,7.3,False,False,archive,"Legacy upgrade, recovery, or operational entry point"
apply_v8_0_config.py,root,operations,.py,1883,45b78ab83fa8c8607545f2a902da9fa6fa60e98e5f3cfb62419bddcab7124fa1,8.0,False,False,archive,"Legacy upgrade, recovery, or operational entry point"
apply_v8_1_0_config.py,root,operations,.py,1567,bf62aa8821c378e13cbf3d9e5f00eccade95814c739606b985b17fb0241d52a5,8.1.0,False,False,archive,"Legacy upgrade, recovery, or operational entry point"
apply_v8_1_1_config.py,root,operations,.py,1418,727a1407eb4f87faeb503647e8385bca2da94a2d18774f1a953af6fddf661953,8.1.1,False,False,archive,"Legacy upgrade, recovery, or operational entry point"
apply_v8_2_1_module31_hotfix.bat,root,operations,.bat,442,0bd78697417805637b11428b7891a553a2d7e21a2ea03b298d73488ad3c5bbf6,8.2.1,False,False,archive,"Legacy upgrade, recovery, or operational entry point"
apply_v8_2_2_actual_schema_hotfix.bat,root,operations,.bat,490,6e18caa2d9b696f54044974d8b329f6185a0bea69e756deb9f03c61d93b2df6b,8.2.2,False,False,archive,"Legacy upgrade, recovery, or operational entry point"
apply_v8_2_config.py,root,operations,.py,817,f15c11475625dd8e59a08900a71ba335f50b7d4dd4d6368c80da9f697ea35051,8.2,False,False,archive,"Legacy upgrade, recovery, or operational entry point"
apply_v8_3_0_config.py,root,operations,.py,970,38a611030aa91a70d56ae4da81e8cec81c9be55c864daf63c5fd6aa894dc03b4,8.3.0,False,False,archive,"Legacy upgrade, recovery, or operational entry point"
apply_v8_3_1_config.py,root,operations,.py,1554,548e90dfd0e30b98ecb9fd7694d14733a6c0808a29f37bb7ea9d8079ea655f52,8.3.1,False,False,archive,"Legacy upgrade, recovery, or operational entry point"
apply_v8_4_0_config.py,root,operations,.py,1063,20bb14cf90fd083b46b312094502fb245dee2d7e056f8b067940c25e3b2498f7,8.4.0,False,False,archive,"Legacy upgrade, recovery, or operational entry point"
apply_v9_1_0_config.py,root,operations,.py,649,a19a7b0eeab21003617916ea64f62240b179aca84257b9f39fd7f37a39718ad1,9.1.0,False,False,archive,"Legacy upgrade, recovery, or operational entry point"
apply_v9_2_0_config.py,root,operations,.py,1567,3195507b95cf1d453427b51c2451d84cb6e3797e2366a0b2f711867aa44621ca,9.2.0,False,False,archive,"Legacy upgrade, recovery, or operational entry point"
config/assets.yaml,config,configuration,.yaml,1688,69faca855647814bdf11281fb63f4dd3442d6ced837bdafffc1176d2209c0b3a,,False,False,adapt,"Potentially reusable Crypto asset, provider, or policy configuration"
config/settings.yaml,config,configuration,.yaml,29844,695ac909e38b122217adf29dea8dde48dd950ecfc8391b3b6948c96045d29c17,,False,False,adapt,"Potentially reusable Crypto asset, provider, or policy configuration"
config/settings_before_v10_0_0.yaml,config,configuration,.yaml,27538,e3be692051a5aaafd9d2982a2489f70726d29856469723c22b7af45d46b4b6be,10.0.0,False,True,archive,Historical backup or pre-upgrade source
config/settings_before_v10_1_0.yaml,config,configuration,.yaml,27985,4653a9ac14e99a21e85c7ca68b768f7a4e7dd8dce321ff92afddbdf3f16f60ef,10.1.0,False,True,archive,Historical backup or pre-upgrade source
config/settings_before_v10_2_0.yaml,config,configuration,.yaml,28194,5cf74dfddf2c05061a199e7608095bd98abdd632308945913c0377ebf943d7b6,10.2.0,False,True,archive,Historical backup or pre-upgrade source
config/settings_before_v11_0_0.yaml,config,configuration,.yaml,28414,a79617b45f27862274eec03fe73b6225334bfe38ce1246c310c4a892cd9f9ff2,11.0.0,False,True,archive,Historical backup or pre-upgrade source
config/settings_before_v11_0_1.yaml,config,configuration,.yaml,28458,82446341ec7e4c58cea5b0db773d79ae393ebda8e9ef707b198c90fcdcd3b516,11.0.1,False,True,archive,Historical backup or pre-upgrade source
config/settings_before_v11_0_2.yaml,config,configuration,.yaml,28559,23ceada16c373b482ffd0def57562cb7ac3c42bfb50d271ba99549be6f9b98a4,11.0.2,False,True,archive,Historical backup or pre-upgrade source
config/settings_before_v11_0_3.yaml,config,configuration,.yaml,28667,ed011c636467425f215bc0a94416e76f69470bac9993922a1e01401460a54d8c,11.0.3,False,True,archive,Historical backup or pre-upgrade source
config/settings_before_v12_0_0.yaml,config,configuration,.yaml,28701,04bb201d4cf2a846783e5ab8afe8651c64738bb64141e6634e6b432666be6dda,12.0.0,False,True,archive,Historical backup or pre-upgrade source
config/settings_before_v12_1_0.yaml,config,configuration,.yaml,29463,39369606247497ede712fe8685f2e61f3c2c8ce806759b297c5a2a1a37db64d3,12.1.0,False,True,archive,Historical backup or pre-upgrade source
config/settings_before_v13_0_0.yaml,config,configuration,.yaml,29763,8579d31c3d1cef3fc36627ea0fb33344aeb4b9ba203427570b2233e30a0051e8,13.0.0,False,True,archive,Historical backup or pre-upgrade source
config/settings_before_v3_3_3_identifier_hotfix.yaml,config,configuration,.yaml,10940,76be971f5fee500dfaa4b6bf02dc1a6a393a7ef5e25b95fcb7c86f7e19f11a98,3.3.3,False,True,archive,Historical backup or pre-upgrade source
config/settings_before_v4_2_1.yaml,config,configuration,.yaml,15167,c4e7111ae82c3493c384a69747b372984884b7220bdceb20331dd13e84515243,4.2.1,False,True,archive,Historical backup or pre-upgrade source
config/settings_before_v4_2_2.yaml,config,configuration,.yaml,16250,325ff5cddb9742d6d1428ac22d8c6a9299b6e2a7ea9040c0ddc1a877c382de07,4.2.2,False,True,archive,Historical backup or pre-upgrade source
config/settings_before_v4_2_3.yaml,config,configuration,.yaml,17208,dfb7d1614126643959745640f48f1aa047eb724bc2fe226b8294fec8da148eb9,4.2.3,False,True,archive,Historical backup or pre-upgrade source
config/settings_before_v5_0.yaml,config,configuration,.yaml,18316,882b7815a89d1bb6d9957d4e8dada31d7080e97652f65c77cc1815f029927a02,5.0,False,True,archive,Historical backup or pre-upgrade source
config/settings_before_v5_1.yaml,config,configuration,.yaml,19453,af6860cce87dea6b7ffb8046c9626b658eb11cfb226a35b7d2d0acd7daeb2e05,5.1,False,True,archive,Historical backup or pre-upgrade source
config/settings_before_v5_1_1.yaml,config,configuration,.yaml,20153,29eafdbf51b0839d85f472d59f1efb5f40eceda74a7e0a02bc092febbdf47653,5.1.1,False,True,archive,Historical backup or pre-upgrade source
config/settings_before_v6_0.yaml,config,configuration,.yaml,20508,bdd6019d9b4fb70cd683ef56bd803e9f4530e0dc47efcc613b85d706ae823168,6.0,False,True,archive,Historical backup or pre-upgrade source
config/settings_before_v7_0.yaml,config,configuration,.yaml,21023,db05baa93eb965608657dc7827ee0570a0b0d356472e09da14fb2a74832c4cfa,7.0,False,True,archive,Historical backup or pre-upgrade source
config/settings_before_v7_0_3.yaml,config,configuration,.yaml,21480,a5222affb8e6a696891db63002198047761d0bfe785423fe9c461b4647c318af,7.0.3,False,True,archive,Historical backup or pre-upgrade source
config/settings_before_v7_1.yaml,config,configuration,.yaml,21781,a67d2613f48a7fbef70ca264c42cb3e0c3717260ba9012f341e506cd776fcd3c,7.1,False,True,archive,Historical backup or pre-upgrade source
config/settings_before_v7_2.yaml,config,configuration,.yaml,22490,3316a8a4a290d3aeba7aabcd7d92beaecf2d1cf74fccde4fe961efa674d86d46,7.2,False,True,archive,Historical backup or pre-upgrade source
config/settings_before_v7_3.yaml,config,configuration,.yaml,22888,6d58915cf5668dce052ad45107929f543c0f28e2a459f185a0f98ea25b91cef5,7.3,False,True,archive,Historical backup or pre-upgrade source
config/settings_before_v7_3_1.yaml,config,configuration,.yaml,23609,801c7177b029c2d7e733a042069b121ec778b8239d6eea8799f7018da8731991,7.3.1,False,True,archive,Historical backup or pre-upgrade source
config/settings_before_v8_0.yaml,config,configuration,.yaml,23649,ff074f230820fb1f08af37f8203d3224933e7fea579c5b9d9a2c3d1fad10424a,8.0,False,True,archive,Historical backup or pre-upgrade source
config/settings_before_v8_1_0.yaml,config,configuration,.yaml,24378,9457fadef28acd299508d22b17c81dedecc0202183dcc51cb82df30f49ec28c1,8.1.0,False,True,archive,Historical backup or pre-upgrade source
config/settings_before_v8_1_1.yaml,config,configuration,.yaml,24848,4ed4dac17f7107d28cf4cd298ca1ac5c8c1e6998a54d2d4871bb96f8d1155208,8.1.1,False,True,archive,Historical backup or pre-upgrade source
config/settings_before_v8_2.yaml,config,configuration,.yaml,24976,7e9bb6938d1bea77fb633dc757a7166a6dcb48cbb0dba994edabf561b05b9d51,8.2,False,True,archive,Historical backup or pre-upgrade source
config/settings_before_v8_3_0.yaml,config,configuration,.yaml,25291,2800bdcf6536ee92da83e162eb205434d5a0a3f6a1b38a9d8d721d6464d90aba,8.3.0,False,True,archive,Historical backup or pre-upgrade source
config/settings_before_v8_3_1.yaml,config,configuration,.yaml,25682,39a116f6394e0eaf2272c2a335aae296c23ab02da4feb98748e8f94bd4eaa0cf,8.3.1,False,True,archive,Historical backup or pre-upgrade source
config/settings_before_v8_4_0.yaml,config,configuration,.yaml,26293,1ba1832fec23fa34dc0802514cd69c425a4ca3b8c241076ea996b5011a2c16ae,8.4.0,False,True,archive,Historical backup or pre-upgrade source
config/settings_before_v9_1_0.yaml,config,configuration,.yaml,26872,5f2adfc23a7a40e72222dcad7e4f6d388dfc79632203334070bd4a40b30d1bfe,9.1.0,False,True,archive,Historical backup or pre-upgrade source
config/settings_before_v9_2_0.yaml,config,configuration,.yaml,27026,5f601658f718e78ff38b9d2ab7d9e66997a4f2e7d8baeac37f65b678b4da59cc,9.2.0,False,True,archive,Historical backup or pre-upgrade source
crypto_platform/__init__.py,root,source,.py,22,a54e7a6438c20e751b20d7b7f6162e2971f2f5423d4dfe318d6827c419711039,,False,False,evaluate,Requires component-level domain review
crypto_platform/ml/__init__.py,ml,source,.py,78,b327b2383a611abb55fb58cdf712a4da9f4a8f3a910dc35d20165dabd0d02c4a,,False,False,replace,Universal platform already owns generic ML and optimization
crypto_platform/ml/calibration.py,ml,source,.py,1906,54cbbce2a41eae96372df5bf517ad6ec08ae944b220b2a498fd0048e97edcd6a,,False,False,replace,Universal platform already owns generic ML and optimization
crypto_platform/ml/classes.py,ml,source,.py,462,f2a653e8d94821a8f26d337cb6bcbe3b5ea89843793b9c59bc0bcc57d973c800,,False,False,replace,Universal platform already owns generic ML and optimization
crypto_platform/ml/datasets.py,ml,source,.py,1016,54f0ff5e31f8892df800d06b0a6cd38eb97b38faacb16b61e40a7c11ec445236,,False,False,replace,Universal platform already owns generic ML and optimization
crypto_platform/ml/drift.py,ml,source,.py,2292,79e8e4bae0a18059f00e2a020a4009617dc2b336b9b48861da295998f0425b8e,,False,False,replace,Universal platform already owns generic ML and optimization
crypto_platform/ml/explainability.py,ml,source,.py,2414,e3864f17036b8e62298adcc0d927f00436dc29984fb9a5048d6ac972c7f3ac1d,,False,False,replace,Universal platform already owns generic ML and optimization
crypto_platform/ml/models.py,ml,source,.py,3940,9eb17ad974f59438a6b05d84cc46d8a91340f6edda0b87f90df16cedaac560f5,,False,False,replace,Universal platform already owns generic ML and optimization
crypto_platform/ml/registry.py,ml,source,.py,2195,42a51e9e384d35cb60c610b3770b024b849923acc362c4fb88685ec41b062b3c,,False,False,replace,Universal platform already owns generic ML and optimization
crypto_platform/ml/validation.py,ml,source,.py,2719,f4b4239afd9d151041bdc5c7333c9aa687f2198a5090fb6a648f993911fd5c9f,,False,False,replace,Universal platform already owns generic ML and optimization
crypto_platform/module10.py,root,source,.py,34017,eee1fd471050e76f4097be94120685ce601d4017914e23acdcaf9450bb92989b,,False,False,evaluate,Requires component-level domain review
crypto_platform/module11.py,root,source,.py,43025,47a6af3907c29b18fa7c57128f3e7037146af6f5c41837b2c7ca380a833fcba0,,False,False,evaluate,Requires component-level domain review
crypto_platform/module12.py,root,source,.py,21170,60abeac0d63f3d5d27cfdca711414c5ab5b07bb6e7a6718c36e907e8c3effbf0,,False,False,evaluate,Requires component-level domain review
crypto_platform/module13.py,root,source,.py,21827,c8574bd7d8550a074e4e24670bac7fa1cf6dc0f48fe7ec55f9250666d89f4003,,False,False,evaluate,Requires component-level domain review
crypto_platform/module13_before_v3_3_2_hotfix.py,root,source,.py,27052,c954ccedb2a364958f32dab3d8b41438c2c1a8bfa696444571d72418e21edfd0,3.3.2,False,True,archive,Historical backup or pre-upgrade source
crypto_platform/module14.py,root,source,.py,35379,c6e63346a9e33949f6b649f293349213b77554e62b94f209dbddb2fecbd76060,,False,False,evaluate,Requires component-level domain review
crypto_platform/module14_before_v3_3_5_hotfix.py,root,source,.py,35379,0eedab3369e86ac166ccb1bc14b4c4b021c43888a4604326d6402b78dc466718,3.3.5,False,True,archive,Historical backup or pre-upgrade source
crypto_platform/module15.py,root,source,.py,38899,026559263eaca8f15264cfb9c9b99a08672b1ce4bb1a6ceef289af351f21fb29,,False,False,evaluate,Requires component-level domain review
crypto_platform/module16.py,root,source,.py,17270,147e52611e95d24f53fcda10e021fbf35cf45518cd7cad1f9290c5c878d1f193,,False,False,evaluate,Requires component-level domain review
crypto_platform/module17.py,root,source,.py,23073,c6c1f18a3062989e48528e1c50f589524310e43f0400a5f1f597739a2bcdecd5,,False,False,evaluate,Requires component-level domain review
crypto_platform/module18.py,root,source,.py,14199,9e2c5bf28f5ed074820b49e78c6d5d889fe66bc21f2bea20520f685bb2110c57,,False,False,evaluate,Requires component-level domain review
crypto_platform/module19.py,root,source,.py,35343,4e21908d7e418c0973de7751d21c8ab662b2d4ba478d640c092af068d8a9a57a,,False,False,evaluate,Requires component-level domain review
crypto_platform/module2.py,root,source,.py,31822,f908815e312fc5a5c42a81480ed7dee0fce074971656fd528aaa4bc2c1c4ff8f,,False,False,evaluate,Requires component-level domain review
crypto_platform/module20.py,root,source,.py,20978,5a313fb86e00e0b33a6f5d7349e8dbb44da6d3a3ff57e061a5762d013ca3a19b,,False,False,evaluate,Requires component-level domain review
crypto_platform/module21.py,root,source,.py,41656,07b4b70682481d0941c87d4741c73d10c0f89aec051c77c25fc853b053eed131,,False,False,evaluate,Requires component-level domain review
crypto_platform/module22.py,root,source,.py,41355,7261102b3861d65ae917721ce1164e38111c2f82980039bc8bd263624f387401,,False,False,evaluate,Requires component-level domain review
crypto_platform/module22_before_v6_0.py,root,source,.py,39583,37a65f18b9c6a72d6f021e27b725ec2d91701ada3d364543f72f271428daa888,6.0,False,True,archive,Historical backup or pre-upgrade source
crypto_platform/module23.py,root,source,.py,19998,160b45fb26ba968569721ca963eeb5df7432d2447031b8c892b13140c3bcf274,,False,False,evaluate,Requires component-level domain review
crypto_platform/module24.py,root,source,.py,36614,61731bd22b36d332c4341f604614d3dfaa456a7c88cd7f8df084d029c1a8f5df,,False,False,evaluate,Requires component-level domain review
crypto_platform/module25.py,root,source,.py,42671,308442ba0e5b024e1ef43b2710143da47e2a857d713a20fcbe5d1f15e2672e1d,,False,False,evaluate,Requires component-level domain review
crypto_platform/module25_before_v7_0_2_hotfix.py,root,source,.py,42671,308442ba0e5b024e1ef43b2710143da47e2a857d713a20fcbe5d1f15e2672e1d,7.0.2,False,True,archive,Historical backup or pre-upgrade source
crypto_platform/module25_validation.py,root,source,.py,26103,27404acec6f1174e7ceb66a244cc19aea7b0aa0c0143e7f8e0592f254464050a,,False,False,evaluate,Requires component-level domain review
crypto_platform/module26.py,root,source,.py,19241,9acd304fcb701cc23a44450479874df7421673409d375381fd74c2cdd6a15233,,False,False,evaluate,Requires component-level domain review
crypto_platform/module27.py,root,source,.py,38911,05ab58ef1f9493fa67009700d3ded0dac9a52dd4e3d8b0b5727a1cce7fc42885,,False,False,evaluate,Requires component-level domain review
crypto_platform/module28.py,root,source,.py,44223,ffe6a1f1fcb0e0da091600e35c1bd77d60a4e1bad0d3802088c9104b3e68f4b0,,False,False,evaluate,Requires component-level domain review
crypto_platform/module28_before_v7_3_1_hotfix.py,root,source,.py,43142,c23956e8714ebd3e07c7fc4045496facec1b63da23d48f40d2eb5c9e7620c455,7.3.1,False,True,archive,Historical backup or pre-upgrade source
crypto_platform/module29.py,root,source,.py,41162,d3691673bbada8fb3095a4335998df2b277eee749cbff5e1aecd61ee96fcfa24,,False,False,evaluate,Requires component-level domain review
crypto_platform/module3.py,root,source,.py,36284,89afea7326946fcb9823e1b95ac3299e0e37f9bea17866ded574dcba84f882e3,,False,False,evaluate,Requires component-level domain review
crypto_platform/module30.py,root,source,.py,34745,630270572560d52cb90e1a691dc267314af9253f60c50f2315293096d93fc77c,,False,False,evaluate,Requires component-level domain review
crypto_platform/module31.py,root,source,.py,20025,86018d3f8c0c27351d3f51ce3352a91150d2236147b3a5c010cfe2b3cc4286c8,,False,False,evaluate,Requires component-level domain review
crypto_platform/module32.py,root,source,.py,37765,7290a407127e5acc0adef848ad997ac138d9041b083cfd6bd358341d0e7d1574,,False,False,evaluate,Requires component-level domain review
crypto_platform/module33.py,root,source,.py,40435,1ab118e4f50ea10a436fe0d84140d7e19f2ef7070ddc1ca84cc59bc75e1e0d2f,,False,False,evaluate,Requires component-level domain review
crypto_platform/module34.py,root,source,.py,32281,13702bdf73e38ca016d6778bab27e7275b634791f403086236ffe8282e81965e,,False,False,evaluate,Requires component-level domain review
crypto_platform/module35.py,root,source,.py,9558,4c5af8a938c282df749dac98e3dfb6725e722754620ff4110b81f8580c29512c,,False,False,evaluate,Requires component-level domain review
crypto_platform/module36.py,root,source,.py,8156,4e92a16dc7ef95075d54ca1f19c0f361adfe55f2ed39d2aea3313e571155a24a,,False,False,evaluate,Requires component-level domain review
crypto_platform/module37.py,root,source,.py,42824,afd2d7304a724b19f92171c07382b8539bdd02eb2b8566eb5ad6b446ea79ccac,,False,False,evaluate,Requires component-level domain review
crypto_platform/module38.py,root,source,.py,49138,aa5b541a86ee42d3521dcb1a1d2e006051cff325ef78d813f17001a5259dcc92,,False,False,evaluate,Requires component-level domain review
crypto_platform/module39.py,root,source,.py,28063,16d219ed0c64b7ef2a0b194eb0cb2ee2df54b4a2052fcdea65b470f83a523056,,False,False,evaluate,Requires component-level domain review
crypto_platform/module40.py,root,source,.py,56086,2c2c90d9aa8e54261bef7f40b3af466e45be3257bc403e05bd34b58ddd8d087c,,False,False,evaluate,Requires component-level domain review
crypto_platform/module41.py,root,source,.py,18138,5133256d73842dc0c1480c493a740a89fbd308b3037dd4a880fd626d1bf18770,,False,False,evaluate,Requires component-level domain review
crypto_platform/module42.py,root,source,.py,59278,e3de55b2f4a886f0e82cf0e8013d20aefc0189471b902fa6400882b2e168bd5f,,False,False,evaluate,Requires component-level domain review
crypto_platform/module43.py,root,source,.py,40498,21b53bce34818be9043c58ceca46e2f91b4b0909f8ee7605b22dd6c8dd772d3e,,False,False,evaluate,Requires component-level domain review
crypto_platform/module44.py,root,source,.py,27587,cb60298886de344f9a625331df4d0cbe363f49f1291381e115464a62c2f7d4b6,,False,False,evaluate,Requires component-level domain review
crypto_platform/module5.py,root,source,.py,20889,8b57fbd2a1ae0d5561a34c343283ce5cff29438bbabda69faa329bb497f64d65,,False,False,evaluate,Requires component-level domain review
crypto_platform/module6.py,root,source,.py,26382,ebb171b5aa4391b4704a63d66052499aa4d5de3b7269fcd27c8fbb2b62e40788,,False,False,evaluate,Requires component-level domain review
crypto_platform/module7.py,root,source,.py,27694,a8e379038513cf8223fbb0533fecc05508a805a7aee2f459b9463e0cbcbda12f,,False,False,evaluate,Requires component-level domain review
crypto_platform/module8.py,root,source,.py,32120,8d791a455dff738e29188273c21e89df75111a95678d5aec857e574a81540a66,,False,False,evaluate,Requires component-level domain review
crypto_platform/module9.py,root,source,.py,28177,dd6924234d1a8bb03ca08c4c8f961b0a3dd64fba73484ca9382fa774e1bd33e5,,False,False,evaluate,Requires component-level domain review
crypto_platform/optimization/__init__.py,optimization,source,.py,148,e55db2e8e0630121a7fe3cd4393b443bb2c521b8d1b5b66cf0e4eb7b78748151,,False,False,replace,Universal platform already owns generic ML and optimization
crypto_platform/optimization/candidate_generator.py,optimization,source,.py,1925,8638dacb53bce05b10e0099ab9c0edc5cb20737ff1754e066768a50c67c68c65,,False,False,replace,Universal platform already owns generic ML and optimization
crypto_platform/optimization/objective_function.py,optimization,source,.py,723,544c96639bb8c05579654b2603c8d49d4e868c77d4b5a998bb741912cecf8ae7,,False,False,replace,Universal platform already owns generic ML and optimization
crypto_platform/optimization/parameter_space.py,optimization,source,.py,1280,068b5eba9038a36e8cf410c293595b9f050a03127dfe9c9b74ae416a2533d5a8,,False,False,replace,Universal platform already owns generic ML and optimization
crypto_platform/optimization/registry.py,optimization,source,.py,484,a700e68831da99a285c80d76e5f84f9dda75e82833c2c8d294158a32fe8e1cae,,False,False,replace,Universal platform already owns generic ML and optimization
crypto_platform/platform.py,root,source,.py,44683,75b0dc96cc427953cc889e89183205bdcdeb8eaf0ab60a1b49bbb36779b032cb,,False,False,evaluate,Requires component-level domain review
current_holdings.example.json,root,source,.json,111,ff3e6e842b35aa6bb042256f0b8ea402699cd57980c9ab3ec9d87b33ce5a3c5e,,False,False,evaluate,Requires component-level domain review
diagnose_and_recover_v3_3_5.py,root,operations,.py,2411,f241467f20877f029f14813f7ba03fd268a6413ee580d0968b2b62c4edbbb0b1,3.3.5,False,False,archive,"Legacy upgrade, recovery, or operational entry point"
export_module1.py,root,integration,.py,923,693fd38ed5419657e85c9fbb41a4beaef7c1ec2d9573f6ef35abe3196d30ac61,,False,False,evaluate,Required to determine the canonical v13 integration boundary
export_module10.py,root,integration,.py,2291,6c411acaa5ae9683b60d6b981378a40c933215b57cdf683535b637017b2081c8,,False,False,evaluate,Required to determine the canonical v13 integration boundary
export_module11.py,root,integration,.py,2277,2c3fede6f99e7ea6ca44d38c5e02afb13fd8d8eac79581a1aae850cfe2efbbc6,,False,False,evaluate,Required to determine the canonical v13 integration boundary
export_module12.py,root,integration,.py,1036,f0157242231a2d7ad5731fe09f00f5f7ad0de49da00ab83195fb9c2067e3ad11,,False,False,evaluate,Required to determine the canonical v13 integration boundary
export_module13.py,root,integration,.py,1091,bbfd270524bc3fc3779d982f1dda006dca6bf220248a315989d1b4a3fbcf0619,,False,False,evaluate,Required to determine the canonical v13 integration boundary
export_module14.py,root,integration,.py,1589,3d7f33178a6ec1a445c89c84a7a12f7d8489ef4fa414a8acb7437a54202e382b,,False,False,evaluate,Required to determine the canonical v13 integration boundary
export_module15.py,root,integration,.py,1409,a248d632500a721231ed30dd21a4da4d8a77a5bddb4e289ddc5cbd6fd8d59371,,False,False,evaluate,Required to determine the canonical v13 integration boundary
export_module16.py,root,integration,.py,1086,3196a2c84216aea285682edd689ab8ad4d7f475085e4e6d5f197cac954f6b423,,False,False,evaluate,Required to determine the canonical v13 integration boundary
export_module17.py,root,integration,.py,1035,51f3c59c8e3ca626ec4ec8398f8596d23768df5ee428e00dc4248298c536a6c5,,False,False,evaluate,Required to determine the canonical v13 integration boundary
export_module18.py,root,integration,.py,1117,6bfd1d59762d06bab0a29762ed9400c58ec15029f34e78c786f0f143f04f98b3,,False,False,evaluate,Required to determine the canonical v13 integration boundary
export_module19.py,root,integration,.py,1703,2338add20ab5910a9d92cd3d4f134403cb5194fb6ea719143ebff533c095a06e,,False,False,evaluate,Required to determine the canonical v13 integration boundary
export_module2.py,root,integration,.py,1112,94d186f0c63a2e80589b324863bbb2a26ca576b4f8116fe6cb19e087eb09204b,,False,False,evaluate,Required to determine the canonical v13 integration boundary
export_module20.py,root,integration,.py,1399,e71af93ed28325e63f96f69cac94de0b99dbae92ff1d6bc8eb9e6a71f8db774b,,False,False,evaluate,Required to determine the canonical v13 integration boundary
export_module21.py,root,integration,.py,2105,7f9d96c20056cd1ef1b2fe361e051f80ae601e55956867ee1009470d51a43282,,False,False,evaluate,Required to determine the canonical v13 integration boundary
export_module22.py,root,integration,.py,1919,986b9e77ef00a5c6d40a3fd753dff9bc01c180757d28047c42140df448e2017e,,False,False,evaluate,Required to determine the canonical v13 integration boundary
export_module23.py,root,integration,.py,1318,03cf5fde328623914da09c55f5bff19624fd3c64c404ff6adff7f6903f20bfa8,,False,False,evaluate,Required to determine the canonical v13 integration boundary
export_module24.py,root,integration,.py,1263,08c4127e22d15d4c4fd6b182c8ad37df4ffb56633737d6c085396402472a24a4,,False,False,evaluate,Required to determine the canonical v13 integration boundary
export_module25.py,root,integration,.py,1954,22f9f207bfdaded321bdd58ead0f05444d201dde9d596a495baf0019631237d7,,False,False,evaluate,Required to determine the canonical v13 integration boundary
export_module25_validation.py,root,integration,.py,1133,928abb9f6d8729215cfc17989791612cfa1ad7122772a207954519631c358947,,False,False,evaluate,Required to determine the canonical v13 integration boundary
export_module26.py,root,integration,.py,1046,08728383f4d9f7e911ef073fb6f48238fc83ac343c127dcd2a87a8fe1cd11e2a,,False,False,evaluate,Required to determine the canonical v13 integration boundary
export_module27.py,root,integration,.py,1317,5f6b589c2017589f7a5af16b42b0f0301f27f19d7ca23db767dcf0b451fab779,,False,False,evaluate,Required to determine the canonical v13 integration boundary
export_module28.py,root,integration,.py,1182,6c1863295c506a6856a48ed0ba153f3a832718da01325e13d334f454c3cd2bcb,,False,False,evaluate,Required to determine the canonical v13 integration boundary
export_module29.py,root,integration,.py,1533,90d47861a63e94652b6091368c6fe77c648571a145283e23a3e4edfd0a59ed2e,,False,False,evaluate,Required to determine the canonical v13 integration boundary
export_module3.py,root,integration,.py,1980,3cf3a8ae2630188471b66e9c74b45f5f524a0a588c9ce2672b611b448d782b24,,False,False,evaluate,Required to determine the canonical v13 integration boundary
export_module30.py,root,integration,.py,1716,cbb6fa341f793a9e7d2084695b355e5649a2c8cbac751e72ef193c2b32c4766e,,False,False,evaluate,Required to determine the canonical v13 integration boundary
export_module31.py,root,integration,.py,1104,574ee7588299238e8110a8295b09ced11f8eedd89669d75d6e9da049a4146cbb,,False,False,evaluate,Required to determine the canonical v13 integration boundary
export_module32.py,root,integration,.py,1312,a14383f4491ea829643470388d42f221590ad4f5bf013d46f69da2062caf3106,,False,False,evaluate,Required to determine the canonical v13 integration boundary
export_module33.py,root,integration,.py,1426,6e94c1bbea175b2b05f11ce638698d7107ca5c4bf3436eb83a7928d7696dd21e,,False,False,evaluate,Required to determine the canonical v13 integration boundary
export_module34.py,root,integration,.py,1052,a64c99ea268916fda7cca5b7596e2acca95c19b63688357346773ea9f7f9d5c8,,False,False,evaluate,Required to determine the canonical v13 integration boundary
export_module35.py,root,integration,.py,1076,261a95d0cc7897ef894c5e2a3b05f658ae39546e45e7664efd7f5ff8618254f0,,False,False,evaluate,Required to determine the canonical v13 integration boundary
export_module36.py,root,integration,.py,952,94fd483a1021b761337f60be9a0af2cb94b0c9088af339cd934831dc06f72da6,,False,False,evaluate,Required to determine the canonical v13 integration boundary
export_module37.py,root,integration,.py,1316,16c2e8d22b40f19e57c556d065b41ebec40eef382a3af8a20f5644bf15927f87,,False,False,evaluate,Required to determine the canonical v13 integration boundary
export_module38.py,root,integration,.py,1318,d7a9f9f37cba109ee888429e43895a5edffe86ccbe3f50636b3d929954632e4a,,False,False,evaluate,Required to determine the canonical v13 integration boundary
export_module39.py,root,integration,.py,1086,01b335a4ad388296ed689c6fd6cb732557360222c9c49cf4e49e08296bae9bb4,,False,False,evaluate,Required to determine the canonical v13 integration boundary
export_module40.py,root,integration,.py,1480,f37ca561c81c4882afa510b294d2719d6b53bf7375fee9014dfd5dbf21e286a8,,False,False,evaluate,Required to determine the canonical v13 integration boundary
export_module41.py,root,integration,.py,989,cf581764e1573a34da963d86692d2770df70f81bc9f1242799e46f79c945f893,,False,False,evaluate,Required to determine the canonical v13 integration boundary
export_module42.py,root,integration,.py,2154,54b1624a51b62a1cb3f08c5249f3177de69bbde1724d9fa36eed98edac6176d4,,False,False,evaluate,Required to determine the canonical v13 integration boundary
export_module43.py,root,integration,.py,1282,4d03ee2924932069422eef14dbd7f979e71865f88f69d0989142657498fae627,,False,False,evaluate,Required to determine the canonical v13 integration boundary
export_module44.py,root,integration,.py,1149,36d4cd4a606b265bef30bb37497481447fd3777990febcc0e0a08743e232e287,,False,False,evaluate,Required to determine the canonical v13 integration boundary
export_module5.py,root,integration,.py,1386,12966c5d66dd89907ee8223aacbcdd1b74aed44a71fe55f07b0cba3e208d460b,,False,False,evaluate,Required to determine the canonical v13 integration boundary
export_module6.py,root,integration,.py,1690,df86c40d7ca3d900c5a54b70cf11b36b3652cbf6d6c6f62c9ac07d92d5bbda06,,False,False,evaluate,Required to determine the canonical v13 integration boundary
export_module7.py,root,integration,.py,2041,07d1c12acc731bccc5f01dafeb4027ab657760e3a886b04a4cdbeba0ec9a50dc,,False,False,evaluate,Required to determine the canonical v13 integration boundary
export_module8.py,root,integration,.py,2090,a4a0f71660d9f7edd41c96cce328773b57ac58dca50bd6afb7815a50aa29e56f,,False,False,evaluate,Required to determine the canonical v13 integration boundary
export_module9.py,root,integration,.py,2059,11a31f908129fa03271c0edde9f4faeb7966b7d611ca5795fe89a0c2997e89c9,,False,False,evaluate,Required to determine the canonical v13 integration boundary
import_etf_flows.py,root,integration,.py,681,eb9f592b55fab6c06b452ee1279ebd4d4f06bcccd38bac3ad75f6ccb17e54dc7,,False,False,evaluate,Required to determine the canonical v13 integration boundary
import_manual_macro.py,root,integration,.py,2037,75350e6595ffffbd9eb0ff4adc453bfcb99f2a8d6e8144ec7bbf61fc52f0ef6e,,False,False,evaluate,Required to determine the canonical v13 integration boundary
inspect_module1.py,root,integration,.py,2411,900b433edbeb22650b3aa0f38817fc6825d042f42c35e49c0e6a6235d262a5f3,,False,False,evaluate,Required to determine the canonical v13 integration boundary
inspect_module10.py,root,integration,.py,2750,3748d036896c972cfbfd1acbf6cf6100b6b420b354d24c8e74fd625da02008d2,,False,False,evaluate,Required to determine the canonical v13 integration boundary
inspect_module11.py,root,integration,.py,3442,175f9ebfc112ab1b5b74bc36d5f9f9a02c55983fc956d357486effcc24fba17e,,False,False,evaluate,Required to determine the canonical v13 integration boundary
inspect_module12.py,root,integration,.py,2293,66c924d3a05de7a56c0621a90312a8fe85e36b138580f1f003f52042e2f4f769,,False,False,evaluate,Required to determine the canonical v13 integration boundary
inspect_module13.py,root,integration,.py,2210,c61c47762d0bebde17634ad9cd9f0d78ea5f5579496f403495c95c2606b341e5,,False,False,evaluate,Required to determine the canonical v13 integration boundary
inspect_module14.py,root,integration,.py,2781,01bd3d5b8ecb98dcec8761d900e31a664ecdd7cbc5d53486ded4a16dd7574097,,False,False,evaluate,Required to determine the canonical v13 integration boundary
inspect_module15.py,root,integration,.py,2971,5dd8850ca8f0a322e21853cccdafc66e245bdcead1f0f959627461336e457c7d,,False,False,evaluate,Required to determine the canonical v13 integration boundary
inspect_module16.py,root,integration,.py,1331,62203fe41f3f0ac6875dd45391549bd6e1a7af76b59cbb25af92961f5b49e1e5,,False,False,evaluate,Required to determine the canonical v13 integration boundary
inspect_module17.py,root,integration,.py,1540,c79d42661b07bff56b6c0e6a7bc81cc32bf35e39fce7997c68c2e229b0965157,,False,False,evaluate,Required to determine the canonical v13 integration boundary
inspect_module18.py,root,integration,.py,1286,9cb7cd15c996132a5569416a5f9343cdffaf955fd51ab7ad3dd6a9373d811713,,False,False,evaluate,Required to determine the canonical v13 integration boundary
inspect_module19.py,root,integration,.py,3358,7422e351ef6db157e8f3219a92d3ab19eeebfbc8ec2c272a9a380260e2624294,,False,False,evaluate,Required to determine the canonical v13 integration boundary
inspect_module2.py,root,integration,.py,2348,d7c122b652b0a7190b87611a08130065a471469069e79e5bf17c98b5c21d316c,,False,False,evaluate,Required to determine the canonical v13 integration boundary
inspect_module20.py,root,integration,.py,1855,b455865b6641ffd257edb55ff3577fb3e8a2802c91b4d357be1df13a5f5862b4,,False,False,evaluate,Required to determine the canonical v13 integration boundary
inspect_module21.py,root,integration,.py,4899,1ca22dcd17df485785e8be209f44efe904b86247d0cd9eab24a476f06e9c824e,,False,False,evaluate,Required to determine the canonical v13 integration boundary
inspect_module22.py,root,integration,.py,3534,38e0541d2561f7ff9043633264a00c27265ffd2e50818b24ef087dd230d8811b,,False,False,evaluate,Required to determine the canonical v13 integration boundary
inspect_module23.py,root,integration,.py,1875,426bcc10a85c7ad8a28dae6426ec5795ee1f854791156a15e9a2b1e294851d02,,False,False,evaluate,Required to determine the canonical v13 integration boundary
inspect_module24.py,root,integration,.py,1747,39c6e6148add535f42787f6bcd15d338b9e175962ba23c7dedd6bff6642c03f4,,False,False,evaluate,Required to determine the canonical v13 integration boundary
inspect_module25.py,root,integration,.py,4733,add6fff2d3b7f4b79ce5fec11298932a82c0bbb48bc43a4067bdb4032ac4c1fe,,False,False,evaluate,Required to determine the canonical v13 integration boundary
inspect_module25_validation.py,root,integration,.py,2297,de310f5a74d1641dcacfc2aea350fd449b406c577ec4ecbbaedff029f6723fad,,False,False,evaluate,Required to determine the canonical v13 integration boundary
inspect_module26.py,root,integration,.py,2257,bc42767b865f872c0f6e71141f197f9c11cd62759b1efd3803f16c73441beaaa,,False,False,evaluate,Required to determine the canonical v13 integration boundary
inspect_module27.py,root,integration,.py,2844,1af9fdb9e8d9f55d88da7007306c40ee0925a55ab115957737531e68e9bf46ce,,False,False,evaluate,Required to determine the canonical v13 integration boundary
inspect_module28.py,root,integration,.py,3273,b5d7708fd254d8e0412297a0020ee89f3a3d578f241f6c195db29d7e9953603e,,False,False,evaluate,Required to determine the canonical v13 integration boundary
inspect_module29.py,root,integration,.py,4250,08bca935c7dae1dd662fd03d9da951c128dab644e32482f6dcc89daf4c83a731,,False,False,evaluate,Required to determine the canonical v13 integration boundary
inspect_module3.py,root,integration,.py,2855,77c8db6a0db35b36d165cd7a95be8b727a66212aaa65e313e0bc35c6537336e9,,False,False,evaluate,Required to determine the canonical v13 integration boundary
inspect_module30.py,root,integration,.py,5620,968e089b4e6a18882504bfb6f0beea4f5a184e976b9bb583b2184b7132961005,,False,False,evaluate,Required to determine the canonical v13 integration boundary
inspect_module31.py,root,integration,.py,1724,023511ee10ff1a4783d3afe0461b0e5c3fccad3d79916691e57be9baf518c190,,False,False,evaluate,Required to determine the canonical v13 integration boundary
inspect_module32.py,root,integration,.py,2569,eea349bbcbd3a5890b22f89fa2c8e3720e07afc656b0e4c7c1ce26b260452610,,False,False,evaluate,Required to determine the canonical v13 integration boundary
inspect_module33.py,root,integration,.py,4608,6275ae35f3abb6a6009564094b538a453bac3c388eaaaa93eae7ec93e1a6c6b4,,False,False,evaluate,Required to determine the canonical v13 integration boundary
inspect_module34.py,root,integration,.py,2498,60331df237e27c80235082e658b7995fbdb90515116b1326adbed07b93e5201b,,False,False,evaluate,Required to determine the canonical v13 integration boundary
inspect_module35.py,root,integration,.py,843,1bb55ba0b88d2459308d2e003dcfb4e8907f836a680644f64d03d394e76a9a51,,False,False,evaluate,Required to determine the canonical v13 integration boundary
inspect_module36.py,root,integration,.py,813,c71b23215b1f7d15554829cd5d3152c846c5dee1df928bc034a21b0413b58020,,False,False,evaluate,Required to determine the canonical v13 integration boundary
inspect_module37.py,root,integration,.py,3371,b318220d5fd752982b8d262e2f6068bfc86422b5ccb47d25c57b4444fb92bdb3,,False,False,evaluate,Required to determine the canonical v13 integration boundary
inspect_module38.py,root,integration,.py,3261,630213f3a9b6c1fcfae06b838202dd0e59734dea944606c9a30b71a98933069b,,False,False,evaluate,Required to determine the canonical v13 integration boundary
inspect_module39.py,root,integration,.py,1285,941ac5bd96f0093d63a471f99bdecc44dbe41618a93affad9a3538300349a9ca,,False,False,evaluate,Required to determine the canonical v13 integration boundary
inspect_module40.py,root,integration,.py,2892,486e8a5eff547215a3c5d659133fdfa7e5ad0de0c19a0f2eaf6271b41c0aa2fd,,False,False,evaluate,Required to determine the canonical v13 integration boundary
inspect_module41.py,root,integration,.py,1145,b6cc85c52fce27ce6404467ff9e9eb32a88f68c0bbfd7c597f23e876229315f0,,False,False,evaluate,Required to determine the canonical v13 integration boundary
inspect_module42.py,root,integration,.py,3037,aa10ab40529ea3a257881eac4763920d5a755ec103857f15179925fd21bb715d,,False,False,evaluate,Required to determine the canonical v13 integration boundary
inspect_module43.py,root,integration,.py,3399,eb604d244d19763b7dabc39bdb05d4393b280ab5ac9de029c455782082bba053,,False,False,evaluate,Required to determine the canonical v13 integration boundary
inspect_module44.py,root,integration,.py,1693,1e1f564fd267177e7c4ea5e0023870226831733617060cc43c65e0683a289520,,False,False,evaluate,Required to determine the canonical v13 integration boundary
inspect_module5.py,root,integration,.py,1857,b6358578221a7b485b1ff00c85aab190611089d342b22fb0896d75d444c1868b,,False,False,evaluate,Required to determine the canonical v13 integration boundary
inspect_module6.py,root,integration,.py,1625,a4111fcf5204dfcf456271d438396dae7efa54ede9e74fc9948033916db689f5,,False,False,evaluate,Required to determine the canonical v13 integration boundary
inspect_module7.py,root,integration,.py,3294,0e79fc81aab17d7d40c78c5e86c1941bff9f5996e6dc36f291a2d838a8943edb,,False,False,evaluate,Required to determine the canonical v13 integration boundary
inspect_module8.py,root,integration,.py,2919,436a6645a40fa040bad10b4b5f81a56b1941a6a735253713e441b8029ef17b5c,,False,False,evaluate,Required to determine the canonical v13 integration boundary
inspect_module9.py,root,integration,.py,2830,447b431a79915fe885f631ee2fac8d0a2e60635ce0dac161ebfa3dfbe95ee4f6,,False,False,evaluate,Required to determine the canonical v13 integration boundary
install_v10_0_0_windows.bat,root,operations,.bat,874,a8bacd46fe76b0cb211e7bfbb8d096bcd2e49d6ca4d43fbf627c04d2e2355bf2,10.0.0,False,False,archive,"Legacy upgrade, recovery, or operational entry point"
install_v10_1_0_windows.bat,root,operations,.bat,464,5306b4ab76fa5e81ba3fd19a1a10faa9067f36eea837a87054afcba1e92737d8,10.1.0,False,False,archive,"Legacy upgrade, recovery, or operational entry point"
install_v10_2_0_windows.bat,root,operations,.bat,910,0fd680f3cace37748f4600aa303da8183694a00e7cbb810900cf80faac0fec78,10.2.0,False,False,archive,"Legacy upgrade, recovery, or operational entry point"
install_v11_0_0_windows.bat,root,operations,.bat,609,921241470a8fd81f51afaaa42e003095c12e9e9aed82c6b7ba8fd5f5c72ea710,11.0.0,False,False,archive,"Legacy upgrade, recovery, or operational entry point"
install_v12_0_0_windows.bat,root,operations,.bat,678,cfbbe1a58d970261a6d25e0e07d6e58bd1a9730bc8008ba045847b150fac802c,12.0.0,False,False,archive,"Legacy upgrade, recovery, or operational entry point"
install_v12_1_0_windows.bat,root,operations,.bat,681,df25caa5e8f9725d43fa4e0868fbf8700541d670a97d01e8fcfe37cd0c9e6573,12.1.0,False,False,archive,"Legacy upgrade, recovery, or operational entry point"
install_v13_0_0_windows.bat,root,operations,.bat,502,35aea65f3990ab453e59af4af1e1afa2b5bdbd36d80828784a35666cd0cbd2ba,13.0.0,False,False,archive,"Legacy upgrade, recovery, or operational entry point"
install_v1_1_1_windows.bat,root,operations,.bat,474,ff990b8401654626d54260eada74168cf9fea4aed9e30369b8ffb37bd5bd5245,1.1.1,False,False,archive,"Legacy upgrade, recovery, or operational entry point"
install_v1_1_windows.bat,root,operations,.bat,468,5dce226fda3334e3b996ad6958801bf790234e3780c8edf5afe8167999626fb9,1.1,False,False,archive,"Legacy upgrade, recovery, or operational entry point"
install_v1_2_1_windows.bat,root,operations,.bat,536,04f72753d69a3441e6bffb16a4d75247a6c69f89cef2c51dc770eb3abae167c2,1.2.1,False,False,archive,"Legacy upgrade, recovery, or operational entry point"
install_v1_2_windows.bat,root,operations,.bat,566,8407080630edcff84f790d5735373fe0edb104f72ff1f55eb11cac425c492d91,1.2,False,False,archive,"Legacy upgrade, recovery, or operational entry point"
install_v1_3_windows.bat,root,operations,.bat,529,a79c8ead2cf02ada374594700bd4cd18372bbb3667fb69d36b449045db350593,1.3,False,False,archive,"Legacy upgrade, recovery, or operational entry point"
install_v1_4_windows.bat,root,operations,.bat,632,f5539001faabb17c28e0fa26c6b773d8fc84e4a754515fef3cd177627113764c,1.4,False,False,archive,"Legacy upgrade, recovery, or operational entry point"
install_v1_5_windows.bat,root,operations,.bat,529,9ce5a7c585a9f4bb1523217c11262619f8c04331f87db70069424d3d82ede7d8,1.5,False,False,archive,"Legacy upgrade, recovery, or operational entry point"
install_v1_6_windows.bat,root,operations,.bat,528,67442ea04e1fe341c7f8b5fadd8b94465ba13e01f007351f5ee3a2a7eb96524a,1.6,False,False,archive,"Legacy upgrade, recovery, or operational entry point"
install_v1_7_windows.bat,root,operations,.bat,532,64aafd55cc6a52a6e2ce2e136f6d6a7f97e6d73f28407c70b88960bcc8c8ce24,1.7,False,False,archive,"Legacy upgrade, recovery, or operational entry point"
install_v2_0_windows.bat,root,operations,.bat,637,974ca05676e8271ecad7fef9f6a418eb0f3bcb27f47a5e726366721d79011241,2.0,False,False,archive,"Legacy upgrade, recovery, or operational entry point"
install_v2_1_windows.bat,root,operations,.bat,643,b60060ad817e3d7e49ef481d8a2fb37a86363c72bf29bd7f9f073b968ed84a4f,2.1,False,False,archive,"Legacy upgrade, recovery, or operational entry point"
install_v3_0_windows.bat,root,operations,.bat,645,75bf32d4fdb47b20d20dc645716d84aadfd28694b4494e9276155bc4aa2476ce,3.0,False,False,archive,"Legacy upgrade, recovery, or operational entry point"
install_v3_1_windows.bat,root,operations,.bat,643,5b12b8ce9589187f8899f602d3d9cb961db48db503eb06e2d9ea96508b7cf508,3.1,False,False,archive,"Legacy upgrade, recovery, or operational entry point"
install_v3_2_windows.bat,root,operations,.bat,348,de7021b11ba0d7140596b384ad25a4e0691953e603799af323d50838230c3e3b,3.2,False,False,archive,"Legacy upgrade, recovery, or operational entry point"
install_v3_3_4_windows.bat,root,operations,.bat,409,4c4c51cb7b52ab99420518b1b29dc73e897af23822aeb6e573846591a6704309,3.3.4,False,False,archive,"Legacy upgrade, recovery, or operational entry point"
install_v3_3_windows.bat,root,operations,.bat,348,79a98910956a26691285e0cc3cd4a08e895fd3a7c1a411ffd51040e82b8c5ed7,3.3,False,False,archive,"Legacy upgrade, recovery, or operational entry point"
install_v4_0_windows.bat,root,operations,.bat,403,5e48550cd2a95d81cc174d2bbdddb375d1ff6e27d6f6725b9511b6ceb2e647fa,4.0,False,False,archive,"Legacy upgrade, recovery, or operational entry point"
install_v4_1_0_windows.bat,root,operations,.bat,391,273fa7911c88d6e26f58415078d9116cdd894875681e1e2ee2163ad0325206a5,4.1.0,False,False,archive,"Legacy upgrade, recovery, or operational entry point"
install_v4_2_1_windows.bat,root,operations,.bat,452,28fc5e6477067e63ba432973a39fa55d95f76fb91989e05e7c71edc5cd5ecd24,4.2.1,False,False,archive,"Legacy upgrade, recovery, or operational entry point"
install_v4_2_2_windows.bat,root,operations,.bat,467,756e12c85d22757891363dcb2ed45cce783c37202be0c4a1c22707fa02f83b2d,4.2.2,False,False,archive,"Legacy upgrade, recovery, or operational entry point"
install_v4_2_3_windows.bat,root,operations,.bat,426,c17187f21a75323a5a81073443de4e559426d8bb119e8aceb9604ed47c994370,4.2.3,False,False,archive,"Legacy upgrade, recovery, or operational entry point"
install_v4_2_windows.bat,root,operations,.bat,397,c634e9d1e37bdab88ccdcb0d577fea4a6105bd4379d4d9354ec415fb93086817,4.2,False,False,archive,"Legacy upgrade, recovery, or operational entry point"
install_v5_0_windows.bat,root,operations,.bat,459,0c19fe8dee373fb0663e85b17898e7a10f0ca809a6b0593ce00f987106e54fb8,5.0,False,False,archive,"Legacy upgrade, recovery, or operational entry point"
install_v5_1_1_windows.bat,root,operations,.bat,356,094e5ff7bb75e6e255913709da4b0dd65adbf65bcb230a40aec5ac0837c01394,5.1.1,False,False,archive,"Legacy upgrade, recovery, or operational entry point"
install_v5_1_windows.bat,root,operations,.bat,459,873deaed98022982d8851f9ece86cd1269d3c112494b6a90b3b9e4636d992c98,5.1,False,False,archive,"Legacy upgrade, recovery, or operational entry point"
install_v6_0_windows.bat,root,operations,.bat,408,a5c0242f54fc365810fbd95eac748cc1fdcc36a30b8ab615cd442596abf396f6,6.0,False,False,archive,"Legacy upgrade, recovery, or operational entry point"
install_v7_0_3_windows.bat,root,operations,.bat,336,5db989da0fc61acd82398115dc450ae2be5ec54795d0ad0b34cb6d99c93940bd,7.0.3,False,False,archive,"Legacy upgrade, recovery, or operational entry point"
install_v7_0_windows.bat,root,operations,.bat,459,a68ac97edd67493b535d863cd841d4e8facf3a4ee4a89bd8a900087bd736d5c3,7.0,False,False,archive,"Legacy upgrade, recovery, or operational entry point"
install_v7_1_windows.bat,root,operations,.bat,348,732d845b2d8e63a9e07395efd0274097be392674e3aa9dc124eb2d5745f90c3c,7.1,False,False,archive,"Legacy upgrade, recovery, or operational entry point"
install_v7_2_windows.bat,root,operations,.bat,459,22601a3f21787ad7d8658ef824aa4878949f0fa2802a92f733943d0ba4832467,7.2,False,False,archive,"Legacy upgrade, recovery, or operational entry point"
install_v7_3_windows.bat,root,operations,.bat,459,214f8701e649e6909195f593baef9b6db1fa21e7fd520ed0a2b420979876683c,7.3,False,False,archive,"Legacy upgrade, recovery, or operational entry point"
install_v8_0_windows.bat,root,operations,.bat,459,86760cc28abe38223e0a069b2c7c209378336c040de6bd2364ae45b4b0e36c86,8.0,False,False,archive,"Legacy upgrade, recovery, or operational entry point"
install_v8_1_0_windows.bat,root,operations,.bat,601,39159309e24702d2bccdb2d4c5a6a7adf88784eee7949f0d06d6f538e4fe9ffa,8.1.0,False,False,archive,"Legacy upgrade, recovery, or operational entry point"
install_v8_1_1_windows.bat,root,operations,.bat,620,09b39da5d0663e14d409276bd0f59e5b5dbc2e359697f3d02f7cf8be726bc6cd,8.1.1,False,False,archive,"Legacy upgrade, recovery, or operational entry point"
install_v8_2_windows.bat,root,operations,.bat,348,95369c7fa84b7a8ea766283469ec5814c4041b3e9f47df20aaf06adddf797503,8.2,False,False,archive,"Legacy upgrade, recovery, or operational entry point"
install_v8_3_0_windows.bat,root,operations,.bat,633,fa73515a946bd7a69c0d4a3c943c274513370ff6b98a9e1b7aa8c5349d273547,8.3.0,False,False,archive,"Legacy upgrade, recovery, or operational entry point"
install_v8_3_1_windows.bat,root,operations,.bat,633,c9e183078099cfd3d3a6adb87fb356a9acafac113cc6c1caf295c0274493d238,8.3.1,False,False,archive,"Legacy upgrade, recovery, or operational entry point"
install_v8_4_0_windows.bat,root,operations,.bat,633,c9fad842afa15dd113d5de1ed4b1de23063c884e65f39ff00b9736ee94c94c02,8.4.0,False,False,archive,"Legacy upgrade, recovery, or operational entry point"
install_v9_1_0_windows.bat,root,operations,.bat,480,62b10dc3a37d15d52cdd34cdedc666905d4adf737e9f1fa4727aac829d141c0d,9.1.0,False,False,archive,"Legacy upgrade, recovery, or operational entry point"
install_v9_2_0_windows.bat,root,operations,.bat,787,e7d670f41560826b3c50296c6ee53e12d387bb07843fc796dd20b305ba0ee563,9.2.0,False,False,archive,"Legacy upgrade, recovery, or operational entry point"
install_windows.bat,root,operations,.bat,217,f64a98a7bd66c7a3a0a7fad2f2b5cebca418ff5ba63a6386cd663f8be3e740ab,,False,False,archive,"Legacy upgrade, recovery, or operational entry point"
README.md,root,documentation,.md,1836,fb7a18099d6acc6c56f95b8d07507119227a989797ae8198c71884d082dce3b7,,False,False,reference_only,Historical capability and release evidence
README_HOTFIX.txt,root,documentation,.txt,827,9d0acf02c2a9d80f1f955d665adbab73beb40667e5a434923760e665d44bcf0b,,False,False,reference_only,Historical capability and release evidence
README_RECOVERY.txt,root,documentation,.txt,783,b55844f7ece7bbfa215cbab1a28e60496e9faf8febcd126e42eed6d8e8dc6801,,False,False,reference_only,Historical capability and release evidence
README_V10_0_0.txt,root,documentation,.txt,2012,8acec8a2549068fe557c4169118ce6c73d82b6f4adda775ce68465b21a20e720,10.0.0,False,False,reference_only,Historical capability and release evidence
README_V10_0_1_HOTFIX.txt,root,documentation,.txt,1507,67c256484c9a20f714a762b485c7b7fa447b58ca5bdef68e7c09fc561ec893ac,10.0.1,False,False,reference_only,Historical capability and release evidence
README_V10_0_2_HOTFIX.txt,root,documentation,.txt,1646,0c0cd83c72a1af98c340f702d550d470c7673d2b8a9fe4605b7834a9a415d3ef,10.0.2,False,False,reference_only,Historical capability and release evidence
README_V10_1_0.txt,root,documentation,.txt,884,3a4e67bcdb91849471092250996ce12b20eb44bbaaf48bbf08dc2a4e3e74c551,10.1.0,False,False,reference_only,Historical capability and release evidence
README_V10_2_0.txt,root,documentation,.txt,2988,b59dc1ec09a9a44f2cb3dbdcad8037ca1cf25cdc742385153ade881ac84bdc78,10.2.0,False,False,reference_only,Historical capability and release evidence
README_V11_0_0.txt,root,documentation,.txt,2245,17215f305f98bea0551651c22f792f8daf886eb27c4ff18e20784f573c6affd4,11.0.0,False,False,reference_only,Historical capability and release evidence
README_V11_0_1_MEMORY_PERSISTENCE.txt,root,documentation,.txt,2126,8ecaf513d1d13d76d767e081606a3a353c5189f8ba5eeddce047b697728d6b64,11.0.1,False,False,reference_only,Historical capability and release evidence
README_V11_0_2_CANONICAL_IDENTITY.txt,root,documentation,.txt,1062,a9b0b735b1206142b35e9b76c39a689731138e296420f9cf84bcf4e0f00995a6,11.0.2,False,False,reference_only,Historical capability and release evidence
README_V11_0_3_CANONICAL_MEMORY_REBUILD.txt,root,documentation,.txt,2143,2b0e2c5d1b19d63a7d7bded5e6adfe417c416ea5ca20e1ee9732c38a0cc12fdb,11.0.3,False,False,reference_only,Historical capability and release evidence
README_V12_0_0.txt,root,documentation,.txt,3094,424f85a710100180e775dc9d9ce089c827a65d55bfe331375646ea61e480532c,12.0.0,False,False,reference_only,Historical capability and release evidence
README_V12_0_1_DECISION_GUARDRAILS.txt,root,documentation,.txt,1928,a0d52c8e9f6aa68aff1419d6d1f419265932441f669d336ba80b3a1e1dc0168f,12.0.1,False,False,reference_only,Historical capability and release evidence
README_V12_1_0.txt,root,documentation,.txt,2943,eb0ee667724fc4ff0657b37351bf73a05c1111b9f03b357d65bd77e875e8d798,12.1.0,False,False,reference_only,Historical capability and release evidence
README_V13_0_0.txt,root,documentation,.txt,1173,bb6383e0387df425ea530903a7af18b32ff9549b0400e653755e1507edef84f1,13.0.0,False,False,reference_only,Historical capability and release evidence
README_V4_2_1.txt,root,documentation,.txt,722,70f871a7dbb52f3b1011f765ef25b33118f127034cd7eccf37e2300432c798ca,4.2.1,False,False,reference_only,Historical capability and release evidence
README_V4_2_2.txt,root,documentation,.txt,1683,5c5d031c70a6afe9449ff17ad0aaa9d3e52f03daa2bee1f53e47736736e19886,4.2.2,False,False,reference_only,Historical capability and release evidence
README_V4_2_3.txt,root,documentation,.txt,793,f16e7fda1f7425386e8fb7ff93fb6c5bae3b8c29c1de5e8f94466e4dcb0d0414,4.2.3,False,False,reference_only,Historical capability and release evidence
README_V5_0.txt,root,documentation,.txt,1540,d61f7db9c95582cdfd15d5f8b73a9276488f1d917b3c289d775c6b4df821d9df,5.0,False,False,reference_only,Historical capability and release evidence
README_V5_1.txt,root,documentation,.txt,1643,7d4f27d2d796467208c943d09bdd1389d01fd06763ba098d329a14ec21905a0e,5.1,False,False,reference_only,Historical capability and release evidence
README_V5_1_1.txt,root,documentation,.txt,1091,eae94fa731313227a3ab589fac1a799e1f27124229e454b6c3a6efdf76a38d9d,5.1.1,False,False,reference_only,Historical capability and release evidence
README_V6_0.txt,root,documentation,.txt,946,054140aa38df349c65f6f004121d0d56cf65c60160413efe9ad2584e6ade7fa1,6.0,False,False,reference_only,Historical capability and release evidence
README_V7_0.txt,root,documentation,.txt,1527,4942592eaf38fb6cf14162cf5a90b58816021d1bfd4392c9e0f2deabf0e57b63,7.0,False,False,reference_only,Historical capability and release evidence
README_V7_0_1_HOTFIX.txt,root,documentation,.txt,1039,350889bb369f76504d011cd26f267aa327de236280f4986a6222f015cd33fe4f,7.0.1,False,False,reference_only,Historical capability and release evidence
README_V7_0_2_HOTFIX.txt,root,documentation,.txt,959,00bbd5d94f0a865954caa3018119a82d40b4f7946d911b7c0fdfafd8ea6f7b8f,7.0.2,False,False,reference_only,Historical capability and release evidence
README_V7_0_3.txt,root,documentation,.txt,772,4751bebd9f3451e296f48e411195d46352de932f1014c0dc28062a021c255251,7.0.3,False,False,reference_only,Historical capability and release evidence
README_V7_1.txt,root,documentation,.txt,653,af8a05365e887e1c2bbfdd1f312f06ba3382dde3c929575e5036e841aabd6284,7.1,False,False,reference_only,Historical capability and release evidence
README_V7_2.txt,root,documentation,.txt,1211,bcdde0e416322b4128ad91405072cb3c859147339f18a44031887b71eacde302,7.2,False,False,reference_only,Historical capability and release evidence
README_V7_3.txt,root,documentation,.txt,1106,528c7cfea641090beb2ea139816e4d67d90a2f0347b02383d314e818ec0bfa9a,7.3,False,False,reference_only,Historical capability and release evidence
README_V7_3_1_HOTFIX.txt,root,documentation,.txt,1062,221a68e5838b8d64f0569f112d46551995a5b91bcfd18326c89fb37f4d44d740,7.3.1,False,False,reference_only,Historical capability and release evidence
README_V8_0.txt,root,documentation,.txt,1366,ccea4d647197a07041e1c71ac77db33e09820c675e0b5f03d363b56e23754a1a,8.0,False,False,reference_only,Historical capability and release evidence
README_V8_1_0.txt,root,documentation,.txt,1304,e30eb5eeab521ec4560117e2278012bd47e023f28dfa520d73d127c77e9ce677,8.1.0,False,False,reference_only,Historical capability and release evidence
README_V8_1_1.txt,root,documentation,.txt,1841,907d994e26118a23d882445af4c06da1ec6bab38810ed8959311ec56141f3895,8.1.1,False,False,reference_only,Historical capability and release evidence
README_V8_2.txt,root,documentation,.txt,1013,cf2c82cdd278cfe533563d078c3542c20340897088f79516ae5c275bb3bfd88c,8.2,False,False,reference_only,Historical capability and release evidence
README_V8_2_1_HOTFIX.txt,root,documentation,.txt,888,101a1f4e113ce271cd96cc2234eb8ca31efdbf04f92dd5e5cc4b60a77fb4efb4,8.2.1,False,False,reference_only,Historical capability and release evidence
README_V8_2_2_HOTFIX.txt,root,documentation,.txt,1075,40cb9a581bea9789b7ae2bdecbf260bb544c7c7c9be21df4dda73ad464350f3b,8.2.2,False,False,reference_only,Historical capability and release evidence
README_V8_3_0.txt,root,documentation,.txt,1739,5a190aabf25da950321b30e722f40e55844fb172914da341ffb514129aa0e937,8.3.0,False,False,reference_only,Historical capability and release evidence
README_V8_3_1.txt,root,documentation,.txt,2202,13452310eff7aeb713c5a7a76bacd2e93164e9f7c52bc60c50b401678c91bd46,8.3.1,False,False,reference_only,Historical capability and release evidence
README_V8_4_0.txt,root,documentation,.txt,1601,c139268ed015c3ecea8516c0bc1b8210248d562d60b2bcd4cfc41baf311db279,8.4.0,False,False,reference_only,Historical capability and release evidence
README_V9_1_0.txt,root,documentation,.txt,454,e1f4f0affdb48a9c51c4fbba516ef4510ea8ae67e2b228aecc422bcca07b2400,9.1.0,False,False,reference_only,Historical capability and release evidence
README_V9_2_0.txt,root,documentation,.txt,1835,f02a31d032c011dc060b84a71ebbcfc1e810f0c3eed6a07cbaf9a54c9ed94a87,9.2.0,False,False,reference_only,Historical capability and release evidence
recover_crypto_database.py,root,operations,.py,6967,2e336233a0b7ffa8f98ba61cd8c5ef1d3104be33ee4d3b33ec6e54b14b7c4f5b,,False,False,archive,"Legacy upgrade, recovery, or operational entry point"
requirements.txt,root,documentation,.txt,115,26c97e97ab19536c2c885d3f614aa2c62d7f35f454e7a8814a789d1a90db5634,,False,False,reference_only,Historical capability and release evidence
restore_best_crypto_database.bat,root,operations,.bat,245,ddb8109ae35ffc5ac2df05ac66169ed5b58c036b81ffacda7d93c7cb0a6051aa,,False,False,archive,"Legacy upgrade, recovery, or operational entry point"
run_all.py,root,operations,.py,4901,bdbf0e0943aba67b6489b25847c1c6e6b3a3704cf715b74d43db3bc23e923c30,,False,False,archive,"Legacy upgrade, recovery, or operational entry point"
run_all_windows.bat,root,operations,.bat,172,72e396e38940ba1128a41e621f3675f93ceab05ff57639dc61757bed014f2356,,False,False,archive,"Legacy upgrade, recovery, or operational entry point"
run_module1.py,root,operations,.py,997,39d02536eb49e72252ff401da84f3f27ef7dbb28f33dc6669c1ccd206deb641f,,False,False,archive,"Legacy upgrade, recovery, or operational entry point"
run_module10.py,root,operations,.py,883,44721774177610dfc33d874e101acea40c9874714ede0b01de5d8c12525b04fa,,False,False,archive,"Legacy upgrade, recovery, or operational entry point"
run_module11.py,root,operations,.py,1012,28cce4fa53af1af28530e11e5809f6b43a424a2b74c017941a0252e7dd7c1e8c,,False,False,archive,"Legacy upgrade, recovery, or operational entry point"
run_module12.py,root,operations,.py,728,c3302edc7965ced6d978b81a3e51bc55ff6ee093688164d1e66e974d1534048f,,False,False,archive,"Legacy upgrade, recovery, or operational entry point"
run_module13.py,root,operations,.py,735,254f27a0cf2e79ada53ca6f3b5a3849477a09c7a91f6a948f21c18c3da835ced,,False,False,archive,"Legacy upgrade, recovery, or operational entry point"
run_module14.py,root,operations,.py,1144,d9da27625d36a6d43ca42afca9b3a74a1a1abf1fc196c9db0cb46e34eba4de4f,,False,False,archive,"Legacy upgrade, recovery, or operational entry point"
run_module15.py,root,operations,.py,1227,5c06779ba94dfa90395d8074d3ebc728f8b4756f1bbfc3500a6bc71a6dc807d2,,False,False,archive,"Legacy upgrade, recovery, or operational entry point"
run_module16.py,root,operations,.py,826,0664d2ddadf569057032ee413dda40918c26c7441a0073faf04d33eda2f0d825,,False,False,archive,"Legacy upgrade, recovery, or operational entry point"
run_module17.py,root,operations,.py,734,2644472e35452152b49e20b6f946e1c195dec255577d270c65e994476bd04378,,False,False,archive,"Legacy upgrade, recovery, or operational entry point"
run_module18.py,root,operations,.py,754,a55738977a99bb34a0ff00cab0788b2e87b7e3734e3f3893dbe111e0f90f3cce,,False,False,archive,"Legacy upgrade, recovery, or operational entry point"
run_module19.py,root,operations,.py,1061,4bc974a780384996b6a90f4efb4a7ea8170a51bc0af88ae184a45938571092ce,,False,False,archive,"Legacy upgrade, recovery, or operational entry point"
run_module1_windows.bat,root,operations,.bat,181,608610d02348084f79eb174f352f081618a2268d6d252819df80fcd7a598cd7e,,False,False,archive,"Legacy upgrade, recovery, or operational entry point"
run_module2.py,root,operations,.py,698,8241fc6d977198efe17ab06e948445bd89301be98e90c1d7cbc972f014600f02,,False,False,archive,"Legacy upgrade, recovery, or operational entry point"
run_module20.py,root,operations,.py,1132,fa68a6aab7b758995ba6478a8b200b339f328f806f7916db3e9efbd53be0100e,,False,False,archive,"Legacy upgrade, recovery, or operational entry point"
run_module21.py,root,operations,.py,1354,aba3a5091f5d9a762ef7066d72a62b9b4062e97438d6a6620f649f8ff48af80b,,False,False,archive,"Legacy upgrade, recovery, or operational entry point"
run_module22.py,root,operations,.py,1083,f3ba71b944d0fa738a3a6fb608d1327647e8285abe343334f31b08e923533e45,,False,False,archive,"Legacy upgrade, recovery, or operational entry point"
run_module23.py,root,operations,.py,889,06ca4b1c342c4f97f314eebee6a2aee019032527c129327ab3133d2dfd5ddf0b,,False,False,archive,"Legacy upgrade, recovery, or operational entry point"
run_module24.py,root,operations,.py,1071,222ae4463b5757a6e641e26d6664c37fe9f6ed0e8bcd8eaf9efb2f56a898aead,,False,False,archive,"Legacy upgrade, recovery, or operational entry point"
run_module25.py,root,operations,.py,1529,fe0052061d9c7c7003aa9ff85e306511653fc56d8ca563873a509d2da4870ef7,,False,False,archive,"Legacy upgrade, recovery, or operational entry point"
run_module25_validation.py,root,operations,.py,1149,74e591f364bf8659312e3bfaef78487ccfa4ace0aed8ba5edd5aede077417146,,False,False,archive,"Legacy upgrade, recovery, or operational entry point"
run_module26.py,root,operations,.py,1015,b76fe0309812435a7b80210022b7016f1f8c4bddc2483ccdb3c42b88c0fb9704,,False,False,archive,"Legacy upgrade, recovery, or operational entry point"
run_module27.py,root,operations,.py,1197,981b295a978519c5412b942b4d53ec089689d9d4d2c7ed7b4e10e841a58b31cc,,False,False,archive,"Legacy upgrade, recovery, or operational entry point"
run_module28.py,root,operations,.py,1300,35de66a0ed89f634b186287a5ce77b2dbf411a2837fc5065925164d8530203c4,,False,False,archive,"Legacy upgrade, recovery, or operational entry point"
run_module29.py,root,operations,.py,1641,11915b5bf6d40b9c8e1ee6a41a251e1baf5396ad67f48441207594a9052715e9,,False,False,archive,"Legacy upgrade, recovery, or operational entry point"
run_module3.py,root,operations,.py,1678,fbe765259a72569f6e43e65ca3d762c31fb8281a46add5b3b9e4b3e6f19f2814,,False,False,archive,"Legacy upgrade, recovery, or operational entry point"
run_module30.py,root,operations,.py,1643,fd20fbf39d4a1b583e0fe96fe07015ecce8d8ea2d4ce765a7c3360ca4b8af8a9,,False,False,archive,"Legacy upgrade, recovery, or operational entry point"
run_module31.py,root,operations,.py,1162,b97f4ca1d5b2fef03b271737483adf484087d4f20ce88b97a08b903759a8874d,,False,False,archive,"Legacy upgrade, recovery, or operational entry point"
run_module32.py,root,operations,.py,1430,68d04dfbf277d70bf1e53980535368a5c41912e26aa3b8bca019854c23d39d7f,,False,False,archive,"Legacy upgrade, recovery, or operational entry point"
run_module33.py,root,operations,.py,1885,fcd1b842498162e59f0b6fd9a2839f22e657ea01c5f3d65b82f4e20e793790fe,,False,False,archive,"Legacy upgrade, recovery, or operational entry point"
run_module34.py,root,operations,.py,1576,dc14acf978db798e128f69a5e12a28b7dfe508bbc2e0cd5a9cd9e89ea55177d5,,False,False,archive,"Legacy upgrade, recovery, or operational entry point"
run_module35.py,root,operations,.py,312,585a512982afb56860b83a1a45decaa0776f551db0a7e36d362e2faa38d05ff7,,False,False,archive,"Legacy upgrade, recovery, or operational entry point"
run_module36.py,root,operations,.py,305,2ce96596aff2da7f30b8a200d16c181862b698fb7ca42bfb99ff51a34749ab2b,,False,False,archive,"Legacy upgrade, recovery, or operational entry point"
run_module37.py,root,operations,.py,1662,f4c6f664f7958081eba287c7cc7f7cb06ace40490ca5f935d35652ec63821ea7,,False,False,archive,"Legacy upgrade, recovery, or operational entry point"
run_module38.py,root,operations,.py,1594,9238447533ed18b1950a0b68b9778acc46c3e8a92cbb27a96d47712d5fd822e5,,False,False,archive,"Legacy upgrade, recovery, or operational entry point"
run_module39.py,root,operations,.py,1079,90972b5e2d52af60d6d14c731f4d6df9a0a1d39e319f85e5f75c8748a1192ae3,,False,False,archive,"Legacy upgrade, recovery, or operational entry point"
run_module40.py,root,operations,.py,1678,5af6a3e4b5c3a27f62ac1fed5152b937cfacbc6c0f0503f50c9bb638ec633bf9,,False,False,archive,"Legacy upgrade, recovery, or operational entry point"
run_module41.py,root,operations,.py,928,5d05da87a9fe3e1a716d3da38234cba6940c8e0776994f449b0dbef99244d48d,,False,False,archive,"Legacy upgrade, recovery, or operational entry point"
run_module42.py,root,operations,.py,1523,993bab51c7df7c2c0debc2cb722baea3f00ace5960edf01bc7c2e9fa2a0de44e,,False,False,archive,"Legacy upgrade, recovery, or operational entry point"
run_module43.py,root,operations,.py,1291,d829a8e7eed1d330b481ecece9df7f9dc8861e57fd14d07b991e9540c5e08ec8,,False,False,archive,"Legacy upgrade, recovery, or operational entry point"
run_module44.py,root,operations,.py,1106,a38228a80963fe0420081689f4989f2985380d348305878047c17b5b1d0c3c8c,,False,False,archive,"Legacy upgrade, recovery, or operational entry point"
run_module5.py,root,operations,.py,560,e06cdd335e5033ffa4be6714087a43c2432b31b4d22c413314aedf75ce2aa67a,,False,False,archive,"Legacy upgrade, recovery, or operational entry point"
run_module6.py,root,operations,.py,909,bf1ecfd14a06c063c541d251df760345a9c7acd4e2511030a0001f620f1bfe1d,,False,False,archive,"Legacy upgrade, recovery, or operational entry point"
run_module7.py,root,operations,.py,807,c9b5e8fe8334039f4d06180a094038a87a67deab48f5807870e2a74d83c2609f,,False,False,archive,"Legacy upgrade, recovery, or operational entry point"
run_module8.py,root,operations,.py,901,23d6fe613c9072a59c9878f7c7795be045c22958d71e37670d5a6bcb60591dca,,False,False,archive,"Legacy upgrade, recovery, or operational entry point"
run_module9.py,root,operations,.py,772,d2e1bc9bd6e68fb0f095bf3564847143ff4b381e810148227cbc9e39651926d9,,False,False,archive,"Legacy upgrade, recovery, or operational entry point"
scan_crypto_databases.bat,root,operations,.bat,231,20e0d20769be7d17f426f8fde9a177271fd8f8ba80a22d0dbde33d09523c5533,,False,False,archive,"Legacy upgrade, recovery, or operational entry point"
smoke_test.py,root,test,.py,1667,50363803864dc898cc99816d092d3a194950fabbf2178c3f3a9d69c89ac83ff0,,True,False,evaluate,Script may preserve Crypto-specific expected behavior
smoke_test_v1_2.py,root,test,.py,4124,44f5de5bed897c8f0390bbf506b11f82db37b39bc4403e927b4e1bf836a999ae,1.2,True,False,evaluate,Script may preserve Crypto-specific expected behavior
smoke_test_v1_2_1.py,root,test,.py,4486,a1505c1f78a6f67688e41f730f9e0c01d64c72a4ef177f731d3e2fd8a625925c,1.2.1,True,False,evaluate,Script may preserve Crypto-specific expected behavior
smoke_test_v1_3.py,root,test,.py,6222,482afbf040f51989a425893f2a4c85647a53dac38a995c5088d2776545a19f35,1.3,True,False,evaluate,Script may preserve Crypto-specific expected behavior
smoke_test_v1_4.py,root,test,.py,6606,40d2879248a52535d55877572d75dd27042d116bac482bb62a187c3bab8d71ce,1.4,True,False,evaluate,Script may preserve Crypto-specific expected behavior
smoke_test_v1_5.py,root,test,.py,6202,bdc8c9aca42b4206eaba02f1f1c3a828624addd9e470d79be13c71512672e5fd,1.5,True,False,evaluate,Script may preserve Crypto-specific expected behavior
smoke_test_v1_6.py,root,test,.py,6745,6f34e0447748f74ad084d3dfe51faada860484a8d6369ddc7d741978d836d298,1.6,True,False,evaluate,Script may preserve Crypto-specific expected behavior
smoke_test_v1_7.py,root,test,.py,7860,41295ef263816dd48d0c41279daf3f9c372930a09ea2a86ab7c95932c287dc01,1.7,True,False,evaluate,Script may preserve Crypto-specific expected behavior
smoke_test_v2_0.py,root,test,.py,10731,e4eab0e0d5c3732cbb437f882165dd9d4c96422415128ddbeca2c07cef45cdee,2.0,True,False,evaluate,Script may preserve Crypto-specific expected behavior
smoke_test_v2_1.py,root,test,.py,9168,75bcf6142df3b8ce0ae219a43bf4dec7864500ed92cdca0b41c7778c54892000,2.1,True,False,evaluate,Script may preserve Crypto-specific expected behavior
smoke_test_v3_0.py,root,test,.py,7250,0cc48dd19cd0c06198766937cbb00c71caa44ceaadb65e5db3619f6cc3d99c32,3.0,True,False,evaluate,Script may preserve Crypto-specific expected behavior
smoke_test_v3_1.py,root,test,.py,7428,a60033cd3ae1cc331033e722206050190049539b8b2977ba387e823851b106c1,3.1,True,False,evaluate,Script may preserve Crypto-specific expected behavior
smoke_test_v3_2.py,root,test,.py,4513,08e96809be0684e3b7e3cfb3a631b9738bdeaba893b9e313e8785463b44e21df,3.2,True,False,evaluate,Script may preserve Crypto-specific expected behavior
smoke_test_v3_3.py,root,test,.py,2959,e3054056ab8ac6e17b94a329cfe554722101c877cf20088c9c52b11a5521b42c,3.3,True,False,evaluate,Script may preserve Crypto-specific expected behavior
smoke_test_v3_3_4.py,root,test,.py,2995,2634faf9c8b80dec94ad86b854fcafb4f7d3881029bbc56663bd7127bf425b18,3.3.4,True,False,evaluate,Script may preserve Crypto-specific expected behavior
smoke_test_v4_0.py,root,test,.py,3488,5a8379a7e5b8b4921add195b540ccb5728c3624849b45c5da950469c98401f05,4.0,True,False,evaluate,Script may preserve Crypto-specific expected behavior
smoke_test_v4_1_0.py,root,test,.py,2435,0c855f4c1a98c988869d019623b5cd783cefb27513d466fa517bc13645907fc6,4.1.0,True,False,evaluate,Script may preserve Crypto-specific expected behavior
smoke_test_v4_2.py,root,test,.py,2615,7ee2e2f7d8a236894f1c28014e3444b134a54c84501e97770075a9da6b794f4b,4.2,True,False,evaluate,Script may preserve Crypto-specific expected behavior
test_v10_0_0_module38_schema.py,root,test,.py,1331,a6edc39eb0b9a4d5d3b58b506ab75c03016259c1a9a2207069a9464372085021,10.0.0,True,False,evaluate,Script may preserve Crypto-specific expected behavior
test_v10_0_1_adaptive_history.py,root,test,.py,1117,9052fd7161566cd6b4cf7cfce7987c97832ea9d21cd9af9cb9020ca1119bd9f8,10.0.1,True,False,evaluate,Script may preserve Crypto-specific expected behavior
test_v10_0_2_horizon_availability.py,root,test,.py,1341,e439f6fae7dccad1477859b5c0994a59c968a21d815909e4dbaaff263e4a639a,10.0.2,True,False,evaluate,Script may preserve Crypto-specific expected behavior
test_v10_1_0_module39_schema.py,root,test,.py,478,8cc03e20db1a762195c698d8c2f075a4cf54b4804d8011b6a9f6ef0cbec46e77,10.1.0,True,False,evaluate,Script may preserve Crypto-specific expected behavior
test_v10_1_1_module39_schema.py,root,test,.py,478,9efab7655e023b7b89bacb3fc445a758d963eb6efcc0ecf8f292bd2ef3e0a953,10.1.1,True,False,evaluate,Script may preserve Crypto-specific expected behavior
test_v10_2_0_module40_schema.py,root,test,.py,1325,c8df7d8d76a3da95135eaea29de7ec62394e919b8d178f20ca0e284e261090ac,10.2.0,True,False,evaluate,Script may preserve Crypto-specific expected behavior
test_v11_0_0_schema_and_memory.py,root,test,.py,871,4d3dc2a340f6550b81367d06fa6fce869a6820bdfa32c7cabcd247e034e99f83,11.0.0,True,False,evaluate,Script may preserve Crypto-specific expected behavior
test_v11_0_1_memory_persistence.py,root,test,.py,2056,6da898b88d9440caa5329a4f3346fa771f5dd6b58078a4a75b56619ff54b13ab,11.0.1,True,False,evaluate,Script may preserve Crypto-specific expected behavior
test_v11_0_2_canonical_identity.py,root,test,.py,2241,55f1a014cc206b86a147f5e8283b80b7909e0f4505c04cbcf8d377053d66bf05,11.0.2,True,False,evaluate,Script may preserve Crypto-specific expected behavior
test_v11_0_3_canonical_rebuild.py,root,test,.py,2798,eb7cd1e5e58c194f32daa4a7f1c46b9234f82e6b7a76c3bc6308f2549bf0cb38,11.0.3,True,False,evaluate,Script may preserve Crypto-specific expected behavior
test_v12_0_0_module42_schema.py,root,test,.py,1747,761fed4301feecc8122973bdc9e5c8ac0f50edfd257c7c2314da4e80260589c5,12.0.0,True,False,evaluate,Script may preserve Crypto-specific expected behavior
test_v12_0_1_decision_guardrails.py,root,test,.py,1176,fd97f304155afede7e2e6035e165d71c4d1706a1d0588bd36d2aced2de8b9bec,12.0.1,True,False,evaluate,Script may preserve Crypto-specific expected behavior
test_v12_1_0_module43_schema.py,root,test,.py,1374,c17ffe2255cb888b870a21330604f5f6797f0dc49d7558878118f9ca661bc5ad,12.1.0,True,False,evaluate,Script may preserve Crypto-specific expected behavior
test_v13_0_0_module44_schema.py,root,test,.py,1091,228f74be7e8a3df4fbb1d6bb4a74f5b6332a936487a5803a691529ab39e14cf8,13.0.0,True,False,evaluate,Script may preserve Crypto-specific expected behavior
test_v7_3_1_sklearn_compatibility.py,root,test,.py,2192,f939c8293a6400c534d1ae8f913311d7061696efee7ed63f0f4c7050f70a947a,7.3.1,True,False,evaluate,Script may preserve Crypto-specific expected behavior
test_v8_1_0_compatibility.py,root,test,.py,1003,d4790a0b4d3a5122e61c2736a2ece83ef5382e59d068715b9f6be07c8df86e6c,8.1.0,True,False,evaluate,Script may preserve Crypto-specific expected behavior
test_v8_1_1_stabilization.py,root,test,.py,1862,4443d75631ffe7894941dc2173991d6968f2049a0654737b54e69b483bb39e83,8.1.1,True,False,evaluate,Script may preserve Crypto-specific expected behavior
test_v8_2_1_module31_schema.py,root,test,.py,1121,8b0ca73e49c8cce00cc8c057bec7e8074d69c52c1af074090f00a6d30017ba7b,8.2.1,True,False,evaluate,Script may preserve Crypto-specific expected behavior
test_v8_2_2_module31_schema.py,root,test,.py,1175,7d0601e86919cef4532609941d6c3a64f2058a91183628f92094769c1d962626,8.2.2,True,False,evaluate,Script may preserve Crypto-specific expected behavior
test_v8_3_0_module32_schema.py,root,test,.py,963,3aba54c6a08a12d81e5e38deffea839ac5ef0bb19fb88d9f25bcde0dfbca660d,8.3.0,True,False,evaluate,Script may preserve Crypto-specific expected behavior
test_v8_3_1_module33_schema.py,root,test,.py,1311,ff8e32ca5356be1d5b6dbe0ff848013dce6f0cc3f8a3f93cbfb69ce67db9124b,8.3.1,True,False,evaluate,Script may preserve Crypto-specific expected behavior
test_v8_4_0_module34_schema.py,root,test,.py,1025,a35d40ed021be76427439e25c3157d5c23ee5125d359e1ac3d379a2561009bdb,8.4.0,True,False,evaluate,Script may preserve Crypto-specific expected behavior
test_v9_1_0_schema.py,root,test,.py,665,d6c4874dd4fdc1d088789ba05182c23d061ecec31c22866af8441d566cc15b0a,9.1.0,True,False,evaluate,Script may preserve Crypto-specific expected behavior
test_v9_2_0_module37_schema.py,root,test,.py,1356,4bec239396b2e65670f1f7d8121e593af563fd316e2f38507fe784d70f74e13c,9.2.0,True,False,evaluate,Script may preserve Crypto-specific expected behavior
test_v9_2_1_hotfix.py,root,test,.py,1056,2d5390f8b02811b5ffb910dbef789edb7d549fa2d25cedaccdf874c2d8fee8b2,9.2.1,True,False,evaluate,Script may preserve Crypto-specific expected behavior
upgrade_to_v10_0_0.py,root,operations,.py,899,06c8a392edb215526348450993d7ac26e892c1538028ba1adb59576bffefabfd,10.0.0,False,False,archive,"Legacy upgrade, recovery, or operational entry point"
upgrade_to_v10_0_1.py,root,operations,.py,1232,95a59e0b5b4cf9dd79f2e8bfa38b98bf7bf51f50676c86b9632ee62bd83a5f43,10.0.1,False,False,archive,"Legacy upgrade, recovery, or operational entry point"
upgrade_to_v10_0_2.py,root,operations,.py,1311,33abdcf572e650112cbb796b1922bc5a71aa19e8fb49cfac1610fed81de8f16b,10.0.2,False,False,archive,"Legacy upgrade, recovery, or operational entry point"
upgrade_to_v10_1_0.py,root,operations,.py,623,5b9c728b19b5a8af353d08ff4c3cb1a85612f029a0c3de0409e0a5662d89c2be,10.1.0,False,False,archive,"Legacy upgrade, recovery, or operational entry point"
upgrade_to_v10_2_0.py,root,operations,.py,1000,f831172dd6cb7ac1ad2d460a4f2bd3225af689c0e59e8f1691bef328aa3dd3df,10.2.0,False,False,archive,"Legacy upgrade, recovery, or operational entry point"
upgrade_to_v11_0_0.py,root,operations,.py,2226,9ddd05ccdf21399bbc515192fd68c09f925d5efdbfec2feca65159947775f0fc,11.0.0,False,False,archive,"Legacy upgrade, recovery, or operational entry point"
upgrade_to_v11_0_1.py,root,operations,.py,3192,03efae098d77a1577e17573c618a1426837342724b2fdd3c4da954bd87d85b08,11.0.1,False,False,archive,"Legacy upgrade, recovery, or operational entry point"
upgrade_to_v11_0_2.py,root,operations,.py,7658,de793c333bcd8ae0e50e9adde281bf5bd38910cbb2d3390abb8852882c7d8606,11.0.2,False,False,archive,"Legacy upgrade, recovery, or operational entry point"
upgrade_to_v11_0_3.py,root,operations,.py,17141,d682a0b27a67746da26a00daa932ee99a45b334dc024a0117944e6f30dc45729,11.0.3,False,False,archive,"Legacy upgrade, recovery, or operational entry point"
upgrade_to_v12_0_0.py,root,operations,.py,919,95ae0f102874e3ef554cd111887c4b9cd9510e735acf0283f47d50c86bdbfdf9,12.0.0,False,False,archive,"Legacy upgrade, recovery, or operational entry point"
upgrade_to_v12_0_1.py,root,operations,.py,956,ac2f00a5b8e4c634a6f23a670d070eaeefae8359f9c32ea5003590633b83f748,12.0.1,False,False,archive,"Legacy upgrade, recovery, or operational entry point"
upgrade_to_v12_1_0.py,root,operations,.py,889,29ca2d37e186904bb81d6f992e81929ddc4fb58b2e7594bfc6eb0f04e83df944,12.1.0,False,False,archive,"Legacy upgrade, recovery, or operational entry point"
upgrade_to_v13_0_0.py,root,operations,.py,707,625ac38209143579f9140bb0cfac715fca91d39b78949b0de936e835b6331b0a,13.0.0,False,False,archive,"Legacy upgrade, recovery, or operational entry point"
upgrade_to_v1_1.py,root,operations,.py,678,66dbc8c23fd6b379ac1284706388968bf6a384cf5e9d50b1bd8c467ff96d6121,1.1,False,False,archive,"Legacy upgrade, recovery, or operational entry point"
upgrade_to_v1_1_1.py,root,operations,.py,779,1c5d0722ff3f064debe74e8fbd75fbe0c6ccf38707c394d8f580cc04b40effed,1.1.1,False,False,archive,"Legacy upgrade, recovery, or operational entry point"
upgrade_to_v1_2.py,root,operations,.py,1209,1507aea80c9c4ff4ab4932a9d4579256c9d1a34c46ef06e72f7e1724ced157ed,1.2,False,False,archive,"Legacy upgrade, recovery, or operational entry point"
upgrade_to_v1_2_1.py,root,operations,.py,1259,0887a1d2c8713f2a570fbf97995298ec888467fd906044c0c3e0697520d42cd3,1.2.1,False,False,archive,"Legacy upgrade, recovery, or operational entry point"
upgrade_to_v1_3.py,root,operations,.py,1126,f779516fb552c83e81382bc0dcc5065101e5b5956dac606938430504f723c2a5,1.3,False,False,archive,"Legacy upgrade, recovery, or operational entry point"
upgrade_to_v1_4.py,root,operations,.py,1424,fdc3a280d645e301d59f1494b4fe40744afd7b0ef17ffabb10b25d197674c6de,1.4,False,False,archive,"Legacy upgrade, recovery, or operational entry point"
upgrade_to_v1_5.py,root,operations,.py,1195,d69c917a55db1fedafe8ccd4f14bce7ecae4645bf69c0d6bd6b61bb5cd514e2e,1.5,False,False,archive,"Legacy upgrade, recovery, or operational entry point"
upgrade_to_v1_6.py,root,operations,.py,1109,4922e4e739cb0aca674fb1f0797babb0c574880b190128c092432d15b5a69950,1.6,False,False,archive,"Legacy upgrade, recovery, or operational entry point"
upgrade_to_v1_7.py,root,operations,.py,1330,b3b99fe6846b106e9489e11583f61da2c2d7e07494dfea212a5b05ce79f08a34,1.7,False,False,archive,"Legacy upgrade, recovery, or operational entry point"
upgrade_to_v2_0.py,root,operations,.py,1401,c2e159c35106fba3be16e9a2bb4b83ef69a6225999e9867e1207b9a59557a3f3,2.0,False,False,archive,"Legacy upgrade, recovery, or operational entry point"
upgrade_to_v2_1.py,root,operations,.py,1498,a7cbf91b9820863b104d18da1dbedd23e046d67610ad37a050f8a7d1786dedc2,2.1,False,False,archive,"Legacy upgrade, recovery, or operational entry point"
upgrade_to_v3_0.py,root,operations,.py,1650,b8f855ecf8ad13b7e76d0502e600144fabaf1c5206725ed6c7a43428e5b7faaf,3.0,False,False,archive,"Legacy upgrade, recovery, or operational entry point"
upgrade_to_v3_1.py,root,operations,.py,1596,314c5fe8ccb87678723af0f53e5610f52fb4f18a66ee8778e92d2260c77fced1,3.1,False,False,archive,"Legacy upgrade, recovery, or operational entry point"
upgrade_to_v3_2.py,root,operations,.py,646,f385630f185135486f15325f0601534cdd6623c6ffa46d08f209c54af8d50cb4,3.2,False,False,archive,"Legacy upgrade, recovery, or operational entry point"
upgrade_to_v3_3.py,root,operations,.py,691,4433858996eda17e32cb5cc232af1665a52d22e7683e88de19ce2c045a518994,3.3,False,False,archive,"Legacy upgrade, recovery, or operational entry point"
upgrade_to_v3_3_4.py,root,operations,.py,872,e3a394ae3263e98e4dc8757ad0a17f1d80a2d7475852d670f73e115d4ec840f3,3.3.4,False,False,archive,"Legacy upgrade, recovery, or operational entry point"
upgrade_to_v4_0.py,root,operations,.py,870,c8d29ca574dc9d8e4aa89a9690aed2f9cf286c06c3399bedc1467614af99ffe6,4.0,False,False,archive,"Legacy upgrade, recovery, or operational entry point"
upgrade_to_v4_1_0.py,root,operations,.py,582,e215de0353a73f11e39f0b1eb17d9e358e5026bc697f7084fd4f036d07de1efa,4.1.0,False,False,archive,"Legacy upgrade, recovery, or operational entry point"
upgrade_to_v4_2.py,root,operations,.py,706,677cce532cc606c255a3dc147d8029a2711c2cb9e82751ccdca65a188898cdfe,4.2,False,False,archive,"Legacy upgrade, recovery, or operational entry point"
upgrade_to_v4_2_1.py,root,operations,.py,558,f308af544d071270e1848ea398b45b3836b0d1c05ffd0e43dc9d1165e14bdf0a,4.2.1,False,False,archive,"Legacy upgrade, recovery, or operational entry point"
upgrade_to_v4_2_2.py,root,operations,.py,869,5bf10e1c076963ab39ccec6294aa48959cbff1fca5f4b0d2e449ee7a30ed8d5c,4.2.2,False,False,archive,"Legacy upgrade, recovery, or operational entry point"
upgrade_to_v4_2_3.py,root,operations,.py,583,f4bf0644ff64dc068e5f210a728f049ac1b27158583d28ad31547f5a2612c520,4.2.3,False,False,archive,"Legacy upgrade, recovery, or operational entry point"
upgrade_to_v5_0.py,root,operations,.py,763,ab0ed536384491822ccd86a1990cd3421cfbf5fb931504f5dc29b0bea2d9cd7d,5.0,False,False,archive,"Legacy upgrade, recovery, or operational entry point"
upgrade_to_v5_1.py,root,operations,.py,772,c756a46a2264cde4c3a177fd559680a7328f4a5c06d64da32a55b0f5bb229e55,5.1,False,False,archive,"Legacy upgrade, recovery, or operational entry point"
upgrade_to_v5_1_1.py,root,operations,.py,537,cdc6118b90f75dd1b25867dd13c5fbf445c45f3de2dc13989af0c36696ce786d,5.1.1,False,False,archive,"Legacy upgrade, recovery, or operational entry point"
upgrade_to_v6_0.py,root,operations,.py,786,1a8548bb98bbdd06e76d23ff0320d34cea5656d23b612db6dc96918a5ffdcb2e,6.0,False,False,archive,"Legacy upgrade, recovery, or operational entry point"
upgrade_to_v7_0.py,root,operations,.py,2142,c654bc3a67cf286331bfa4da66b1abf0c763ee5425a5b9dc91970e2a5059c0cc,7.0,False,False,archive,"Legacy upgrade, recovery, or operational entry point"
upgrade_to_v7_0_3.py,root,operations,.py,564,a937077a6b105c7cf3f0fc9256b6f07a8e0359bf48481759f6152538d7a907e6,7.0.3,False,False,archive,"Legacy upgrade, recovery, or operational entry point"
upgrade_to_v7_1.py,root,operations,.py,583,ca24dd74bf36481300fc8e508cc8fa4d5d98a7b88a2cb02f294f530572c49350,7.1,False,False,archive,"Legacy upgrade, recovery, or operational entry point"
upgrade_to_v7_2.py,root,operations,.py,750,7135b474112708adcd92fca2392d08001a479d6320770b2039316cef0b16428b,7.2,False,False,archive,"Legacy upgrade, recovery, or operational entry point"
upgrade_to_v7_3.py,root,operations,.py,732,8525b45d020a5d2bf69d57458e673b48d25ee0b34c56afaee6dc83e2de99556b,7.3,False,False,archive,"Legacy upgrade, recovery, or operational entry point"
upgrade_to_v8_0.py,root,operations,.py,904,3dc2307815aff2430be852dd55b004f564aec40787d8f27618ab2da5f0220e7b,8.0,False,False,archive,"Legacy upgrade, recovery, or operational entry point"
upgrade_to_v8_1_0.py,root,operations,.py,990,635b4aefcb4fbf7c869bad76a4691a0d4b1b6f302442c40b28ee81032271f3ba,8.1.0,False,False,archive,"Legacy upgrade, recovery, or operational entry point"
upgrade_to_v8_1_1.py,root,operations,.py,1820,3291e12fdce81989964190803ea2c1115bbcc0b75505997c9fe196528bf4d063,8.1.1,False,False,archive,"Legacy upgrade, recovery, or operational entry point"
upgrade_to_v8_2.py,root,operations,.py,563,cdd7c5289afb6cb0264fad3f0ebc39bfb5cb1feb4a56975c72091ed20175f112,8.2,False,False,archive,"Legacy upgrade, recovery, or operational entry point"
upgrade_to_v8_2_1.py,root,operations,.py,677,2a297ac4a92207a704da1336e6acb4d2c34dba0c5d5acf2db13ca65647d1f893,8.2.1,False,False,archive,"Legacy upgrade, recovery, or operational entry point"
upgrade_to_v8_2_2.py,root,operations,.py,886,8e61e7b63065ecc30ce5336359a45fcdd0131693b541eda6b86c6fbdf45b17c3,8.2.2,False,False,archive,"Legacy upgrade, recovery, or operational entry point"
upgrade_to_v8_3_0.py,root,operations,.py,638,ce22d1e6d62d6ac14cf55ec9a23a0bc2d2777db207b45c3cea7e4ab713a978f5,8.3.0,False,False,archive,"Legacy upgrade, recovery, or operational entry point"
upgrade_to_v8_3_1.py,root,operations,.py,928,bb43235922696d9f0164e9763a42db35f0a6f47c8a8e8ff316c14daf94d6eb51,8.3.1,False,False,archive,"Legacy upgrade, recovery, or operational entry point"
upgrade_to_v8_4_0.py,root,operations,.py,641,5fea22423d703dd35412c75aaa1cd5a06c6f380d13042590e6d448b1617a784e,8.4.0,False,False,archive,"Legacy upgrade, recovery, or operational entry point"
upgrade_to_v9_1_0.py,root,operations,.py,634,c5c21475ddbd05fe2e49df1518f2ffe4debf6c83f0c6fe6e8223644961ff1ee5,9.1.0,False,False,archive,"Legacy upgrade, recovery, or operational entry point"
upgrade_to_v9_2_0.py,root,operations,.py,846,f1661408f5117e5d4cd6989df7b36cfcf3dbea48e3a21fd7142a46100c4c5075,9.2.0,False,False,archive,"Legacy upgrade, recovery, or operational entry point"
