asset,month,close,source,updated_utc
avalanche,2021-12,97.46,KRAKEN_WEEKLY_OHLC,2026-10-08T06:02:32Z
avalanche,2022-01,67.84,KRAKEN_WEEKLY_OHLC,2026-10-08T06:02:32Z
avalanche,2022-02,83.31,KRAKEN_WEEKLY_OHLC,2026-10-08T06:02:32Z
avalanche,2022-03,82.81,KRAKEN_WEEKLY_OHLC,2026-10-08T06:02:32Z
avalanche,2022-04,67.11,KRAKEN_WEEKLY_OHLC,2026-10-08T06:02:32Z
avalanche,2022-05,23.67,KRAKEN_WEEKLY_OHLC,2026-10-08T06:02:32Z
avalanche,2022-06,19.14,KRAKEN_WEEKLY_OHLC,2026-10-08T06:02:32Z
avalanche,2022-07,23.07,KRAKEN_WEEKLY_OHLC,2026-10-08T06:02:32Z
avalanche,2022-08,19.13,KRAKEN_WEEKLY_OHLC,2026-10-08T06:02:32Z
avalanche,2022-09,17.37,KRAKEN_WEEKLY_OHLC,2026-10-08T06:02:32Z
avalanche,2022-10,17.9,KRAKEN_WEEKLY_OHLC,2026-10-08T06:02:32Z
avalanche,2022-11,13.18,KRAKEN_WEEKLY_OHLC,2026-10-08T06:02:32Z
avalanche,2022-12,12.09,KRAKEN_WEEKLY_OHLC,2026-10-08T06:02:32Z
avalanche,2023-01,20.95,KRAKEN_WEEKLY_OHLC,2026-10-08T06:02:32Z
avalanche,2023-02,17.76,KRAKEN_WEEKLY_OHLC,2026-10-08T06:02:32Z
avalanche,2023-03,18,KRAKEN_WEEKLY_OHLC,2026-10-08T06:02:32Z
avalanche,2023-04,17.28,KRAKEN_WEEKLY_OHLC,2026-10-08T06:02:32Z
avalanche,2023-05,14.12,KRAKEN_WEEKLY_OHLC,2026-10-08T06:02:32Z
avalanche,2023-06,12.68,KRAKEN_WEEKLY_OHLC,2026-10-08T06:02:32Z
avalanche,2023-07,12.54,KRAKEN_WEEKLY_OHLC,2026-10-08T06:02:32Z
avalanche,2023-08,9.94,KRAKEN_WEEKLY_OHLC,2026-10-08T06:02:32Z
avalanche,2023-09,10.11,KRAKEN_WEEKLY_OHLC,2026-10-08T06:02:32Z
avalanche,2023-10,12.21,KRAKEN_WEEKLY_OHLC,2026-10-08T06:02:32Z
avalanche,2023-11,26.22,KRAKEN_WEEKLY_OHLC,2026-10-08T06:02:32Z
avalanche,2023-12,36.84,KRAKEN_WEEKLY_OHLC,2026-10-08T06:02:32Z
avalanche,2024-01,33.17,KRAKEN_WEEKLY_OHLC,2026-10-08T06:02:32Z
avalanche,2024-02,41.55,KRAKEN_WEEKLY_OHLC,2026-10-08T06:02:32Z
avalanche,2024-03,45.88,KRAKEN_WEEKLY_OHLC,2026-10-08T06:02:32Z
avalanche,2024-04,33.27,KRAKEN_WEEKLY_OHLC,2026-10-08T06:02:32Z
avalanche,2024-05,36.55,KRAKEN_WEEKLY_OHLC,2026-10-08T06:02:32Z
avalanche,2024-06,26.48,KRAKEN_WEEKLY_OHLC,2026-10-08T06:02:32Z
avalanche,2024-07,25.71,KRAKEN_WEEKLY_OHLC,2026-10-08T06:02:32Z
avalanche,2024-08,21.9,KRAKEN_WEEKLY_OHLC,2026-10-08T06:02:32Z
avalanche,2024-09,25.41,KRAKEN_WEEKLY_OHLC,2026-10-08T06:02:32Z
avalanche,2024-10,27.03,KRAKEN_WEEKLY_OHLC,2026-10-08T06:02:32Z
avalanche,2024-11,52.88,KRAKEN_WEEKLY_OHLC,2026-10-08T06:02:32Z
avalanche,2024-12,37.66,KRAKEN_WEEKLY_OHLC,2026-10-08T06:02:32Z
avalanche,2025-01,25.85,KRAKEN_WEEKLY_OHLC,2026-10-08T06:02:32Z
avalanche,2025-02,21.73,KRAKEN_WEEKLY_OHLC,2026-10-08T06:02:32Z
avalanche,2025-03,17.99,KRAKEN_WEEKLY_OHLC,2026-10-08T06:02:32Z
avalanche,2025-04,20.9,KRAKEN_WEEKLY_OHLC,2026-10-08T06:02:32Z
avalanche,2025-05,20.09,KRAKEN_WEEKLY_OHLC,2026-10-08T06:02:32Z
avalanche,2025-06,18.52,KRAKEN_WEEKLY_OHLC,2026-10-08T06:02:32Z
avalanche,2025-07,22.24,KRAKEN_WEEKLY_OHLC,2026-10-08T06:02:32Z
avalanche,2025-08,25.21,KRAKEN_WEEKLY_OHLC,2026-10-08T06:02:32Z
avalanche,2025-09,30.71,KRAKEN_WEEKLY_OHLC,2026-10-08T06:02:32Z
avalanche,2025-10,16.61,KRAKEN_WEEKLY_OHLC,2026-10-08T06:02:32Z
avalanche,2025-11,14.78,KRAKEN_WEEKLY_OHLC,2026-10-08T06:02:32Z
avalanche,2025-12,12.3,KRAKEN_WEEKLY_OHLC,2026-10-08T06:02:32Z
avalanche,2026-01,9.7,KRAKEN_WEEKLY_OHLC,2026-10-08T06:02:32Z
avalanche,2026-02,9.49,KRAKEN_WEEKLY_OHLC,2026-10-08T06:02:32Z
avalanche,2026-03,9.13,KRAKEN_WEEKLY_OHLC,2026-10-08T06:02:32Z
avalanche,2026-04,9.62,KRAKEN_WEEKLY_OHLC,2026-10-08T06:02:32Z
avalanche,2026-05,8.05,KRAKEN_WEEKLY_OHLC,2026-10-08T06:02:32Z
avalanche,2026-06,6.66,KRAKEN_WEEKLY_OHLC,2026-10-08T06:02:32Z
avalanche,2026-07,6.658,KRAKEN_WEEKLY_OHLC,2026-10-08T06:02:32Z
avalanche,2026-08,7.192,KRAKEN_WEEKLY_OHLC,2026-10-08T06:02:32Z
avalanche,2026-09,10.928,KRAKEN_WEEKLY_OHLC,2026-10-08T06:02:32Z
avalanche,2026-10,10.82,KRAKEN_WEEKLY_OHLC,2026-10-08T06:02:32Z
bitcoin,2013-10,263.7,KRAKEN_WEEKLY_OHLC,2026-10-08T06:02:32Z
bitcoin,2013-11,1079.9,KRAKEN_WEEKLY_OHLC,2026-10-08T06:02:32Z
bitcoin,2013-12,753.9,KRAKEN_WEEKLY_OHLC,2026-10-08T06:02:32Z
bitcoin,2014-01,802.5,KRAKEN_WEEKLY_OHLC,2026-10-08T06:02:32Z
bitcoin,2014-02,680.9,KRAKEN_WEEKLY_OHLC,2026-10-08T06:02:32Z
bitcoin,2014-03,443.6,KRAKEN_WEEKLY_OHLC,2026-10-08T06:02:32Z
bitcoin,2014-04,448.3,KRAKEN_WEEKLY_OHLC,2026-10-08T06:02:32Z
bitcoin,2014-05,650.4,KRAKEN_WEEKLY_OHLC,2026-10-08T06:02:32Z
bitcoin,2014-06,646.5,KRAKEN_WEEKLY_OHLC,2026-10-08T06:02:32Z
bitcoin,2014-07,579,KRAKEN_WEEKLY_OHLC,2026-10-08T06:02:32Z
bitcoin,2014-08,524.7,KRAKEN_WEEKLY_OHLC,2026-10-08T06:02:32Z
bitcoin,2014-09,390,KRAKEN_WEEKLY_OHLC,2026-10-08T06:02:32Z
bitcoin,2014-10,328.2,KRAKEN_WEEKLY_OHLC,2026-10-08T06:02:32Z
bitcoin,2014-11,380,KRAKEN_WEEKLY_OHLC,2026-10-08T06:02:32Z
bitcoin,2014-12,319.1,KRAKEN_WEEKLY_OHLC,2026-10-08T06:02:32Z
bitcoin,2015-01,228.8,KRAKEN_WEEKLY_OHLC,2026-10-08T06:02:32Z
bitcoin,2015-02,274.7,KRAKEN_WEEKLY_OHLC,2026-10-08T06:02:32Z
bitcoin,2015-03,242.9,KRAKEN_WEEKLY_OHLC,2026-10-08T06:02:32Z
bitcoin,2015-04,227.3,KRAKEN_WEEKLY_OHLC,2026-10-08T06:02:32Z
bitcoin,2015-05,227,KRAKEN_WEEKLY_OHLC,2026-10-08T06:02:32Z
bitcoin,2015-06,258.1,KRAKEN_WEEKLY_OHLC,2026-10-08T06:02:32Z
bitcoin,2015-07,281,KRAKEN_WEEKLY_OHLC,2026-10-08T06:02:32Z
bitcoin,2015-08,230,KRAKEN_WEEKLY_OHLC,2026-10-08T06:02:32Z
bitcoin,2015-09,236,KRAKEN_WEEKLY_OHLC,2026-10-08T06:02:32Z
bitcoin,2015-10,408.9,KRAKEN_WEEKLY_OHLC,2026-10-08T06:02:32Z
bitcoin,2015-11,358.6,KRAKEN_WEEKLY_OHLC,2026-10-08T06:02:32Z
bitcoin,2015-12,429.9,KRAKEN_WEEKLY_OHLC,2026-10-08T06:02:32Z
bitcoin,2016-01,368.1,KRAKEN_WEEKLY_OHLC,2026-10-08T06:02:32Z
bitcoin,2016-02,421.1,KRAKEN_WEEKLY_OHLC,2026-10-08T06:02:32Z
bitcoin,2016-03,423.5,KRAKEN_WEEKLY_OHLC,2026-10-08T06:02:32Z
bitcoin,2016-04,447.8,KRAKEN_WEEKLY_OHLC,2026-10-08T06:02:32Z
bitcoin,2016-05,535.5,KRAKEN_WEEKLY_OHLC,2026-10-08T06:02:32Z
bitcoin,2016-06,677.1,KRAKEN_WEEKLY_OHLC,2026-10-08T06:02:32Z
bitcoin,2016-07,569.8,KRAKEN_WEEKLY_OHLC,2026-10-08T06:02:32Z
bitcoin,2016-08,574.2,KRAKEN_WEEKLY_OHLC,2026-10-08T06:02:32Z
bitcoin,2016-09,614.9,KRAKEN_WEEKLY_OHLC,2026-10-08T06:02:32Z
bitcoin,2016-10,747,KRAKEN_WEEKLY_OHLC,2026-10-08T06:02:32Z
bitcoin,2016-11,742.3,KRAKEN_WEEKLY_OHLC,2026-10-08T06:02:32Z
bitcoin,2016-12,1133.2,KRAKEN_WEEKLY_OHLC,2026-10-08T06:02:32Z
bitcoin,2017-01,988.7,KRAKEN_WEEKLY_OHLC,2026-10-08T06:02:32Z
bitcoin,2017-02,1225,KRAKEN_WEEKLY_OHLC,2026-10-08T06:02:32Z
bitcoin,2017-03,1138.1,KRAKEN_WEEKLY_OHLC,2026-10-08T06:02:32Z
bitcoin,2017-04,1513.5,KRAKEN_WEEKLY_OHLC,2026-10-08T06:02:32Z
bitcoin,2017-05,2291.3,KRAKEN_WEEKLY_OHLC,2026-10-08T06:02:32Z
bitcoin,2017-06,2611.3,KRAKEN_WEEKLY_OHLC,2026-10-08T06:02:32Z
bitcoin,2017-07,2700.8,KRAKEN_WEEKLY_OHLC,2026-10-08T06:02:32Z
bitcoin,2017-08,4641.6,KRAKEN_WEEKLY_OHLC,2026-10-08T06:02:32Z
bitcoin,2017-09,4223.6,KRAKEN_WEEKLY_OHLC,2026-10-08T06:02:32Z
bitcoin,2017-10,6741.9,KRAKEN_WEEKLY_OHLC,2026-10-08T06:02:32Z
bitcoin,2017-11,13737.7,KRAKEN_WEEKLY_OHLC,2026-10-08T06:02:32Z
bitcoin,2017-12,15185.7,KRAKEN_WEEKLY_OHLC,2026-10-08T06:02:32Z
bitcoin,2018-01,10101.6,KRAKEN_WEEKLY_OHLC,2026-10-08T06:02:32Z
bitcoin,2018-02,10310,KRAKEN_WEEKLY_OHLC,2026-10-08T06:02:32Z
bitcoin,2018-03,6790.4,KRAKEN_WEEKLY_OHLC,2026-10-08T06:02:32Z
bitcoin,2018-04,9217.1,KRAKEN_WEEKLY_OHLC,2026-10-08T06:02:32Z
bitcoin,2018-05,7659.8,KRAKEN_WEEKLY_OHLC,2026-10-08T06:02:32Z
bitcoin,2018-06,6584.2,KRAKEN_WEEKLY_OHLC,2026-10-08T06:02:32Z
bitcoin,2018-07,7604.1,KRAKEN_WEEKLY_OHLC,2026-10-08T06:02:32Z
bitcoin,2018-08,6686.6,KRAKEN_WEEKLY_OHLC,2026-10-08T06:02:32Z
bitcoin,2018-09,6463.9,KRAKEN_WEEKLY_OHLC,2026-10-08T06:02:32Z
bitcoin,2018-10,6307.5,KRAKEN_WEEKLY_OHLC,2026-10-08T06:02:32Z
bitcoin,2018-11,3694.3,KRAKEN_WEEKLY_OHLC,2026-10-08T06:02:32Z
bitcoin,2018-12,3886.2,KRAKEN_WEEKLY_OHLC,2026-10-08T06:02:32Z
bitcoin,2019-01,3367.4,KRAKEN_WEEKLY_OHLC,2026-10-08T06:02:32Z
bitcoin,2019-02,3851.7,KRAKEN_WEEKLY_OHLC,2026-10-08T06:02:32Z
bitcoin,2019-03,4972.2,KRAKEN_WEEKLY_OHLC,2026-10-08T06:02:32Z
bitcoin,2019-04,5323.3,KRAKEN_WEEKLY_OHLC,2026-10-08T06:02:32Z
bitcoin,2019-05,7787.1,KRAKEN_WEEKLY_OHLC,2026-10-08T06:02:32Z
bitcoin,2019-06,11979.8,KRAKEN_WEEKLY_OHLC,2026-10-08T06:02:32Z
bitcoin,2019-07,10090.1,KRAKEN_WEEKLY_OHLC,2026-10-08T06:02:32Z
bitcoin,2019-08,10584.9,KRAKEN_WEEKLY_OHLC,2026-10-08T06:02:32Z
bitcoin,2019-09,8382.3,KRAKEN_WEEKLY_OHLC,2026-10-08T06:02:32Z
bitcoin,2019-10,9338.4,KRAKEN_WEEKLY_OHLC,2026-10-08T06:02:32Z
bitcoin,2019-11,7190.5,KRAKEN_WEEKLY_OHLC,2026-10-08T06:02:32Z
bitcoin,2019-12,7174.4,KRAKEN_WEEKLY_OHLC,2026-10-08T06:02:32Z
bitcoin,2020-01,9616.2,KRAKEN_WEEKLY_OHLC,2026-10-08T06:02:32Z
bitcoin,2020-02,8758.7,KRAKEN_WEEKLY_OHLC,2026-10-08T06:02:32Z
bitcoin,2020-03,6662.9,KRAKEN_WEEKLY_OHLC,2026-10-08T06:02:32Z
bitcoin,2020-04,9166.1,KRAKEN_WEEKLY_OHLC,2026-10-08T06:02:32Z
bitcoin,2020-05,9664.1,KRAKEN_WEEKLY_OHLC,2026-10-08T06:02:32Z
bitcoin,2020-06,9234.5,KRAKEN_WEEKLY_OHLC,2026-10-08T06:02:32Z
bitcoin,2020-07,11746,KRAKEN_WEEKLY_OHLC,2026-10-08T06:02:32Z
bitcoin,2020-08,11396.9,KRAKEN_WEEKLY_OHLC,2026-10-08T06:02:32Z
bitcoin,2020-09,10774.9,KRAKEN_WEEKLY_OHLC,2026-10-08T06:02:32Z
bitcoin,2020-10,14163.3,KRAKEN_WEEKLY_OHLC,2026-10-08T06:02:32Z
bitcoin,2020-11,19231.4,KRAKEN_WEEKLY_OHLC,2026-10-08T06:02:32Z
bitcoin,2020-12,36876.7,KRAKEN_WEEKLY_OHLC,2026-10-08T06:02:32Z
bitcoin,2021-01,37670.9,KRAKEN_WEEKLY_OHLC,2026-10-08T06:02:32Z
bitcoin,2021-02,50400,KRAKEN_WEEKLY_OHLC,2026-10-08T06:02:32Z
bitcoin,2021-03,58786.2,KRAKEN_WEEKLY_OHLC,2026-10-08T06:02:32Z
bitcoin,2021-04,57497.1,KRAKEN_WEEKLY_OHLC,2026-10-08T06:02:32Z
bitcoin,2021-05,37565.3,KRAKEN_WEEKLY_OHLC,2026-10-08T06:02:32Z
bitcoin,2021-06,35046.2,KRAKEN_WEEKLY_OHLC,2026-10-08T06:02:32Z
bitcoin,2021-07,39749,KRAKEN_WEEKLY_OHLC,2026-10-08T06:02:32Z
bitcoin,2021-08,48872.2,KRAKEN_WEEKLY_OHLC,2026-10-08T06:02:32Z
bitcoin,2021-09,55350.2,KRAKEN_WEEKLY_OHLC,2026-10-08T06:02:32Z
bitcoin,2021-10,62942.9,KRAKEN_WEEKLY_OHLC,2026-10-08T06:02:32Z
bitcoin,2021-11,57237.9,KRAKEN_WEEKLY_OHLC,2026-10-08T06:02:32Z
bitcoin,2021-12,43410,KRAKEN_WEEKLY_OHLC,2026-10-08T06:02:32Z
bitcoin,2022-01,36903.3,KRAKEN_WEEKLY_OHLC,2026-10-08T06:02:32Z
bitcoin,2022-02,43922.5,KRAKEN_WEEKLY_OHLC,2026-10-08T06:02:32Z
bitcoin,2022-03,43179.4,KRAKEN_WEEKLY_OHLC,2026-10-08T06:02:32Z
bitcoin,2022-04,39682.8,KRAKEN_WEEKLY_OHLC,2026-10-08T06:02:32Z
bitcoin,2022-05,29790,KRAKEN_WEEKLY_OHLC,2026-10-08T06:02:32Z
bitcoin,2022-06,20542.7,KRAKEN_WEEKLY_OHLC,2026-10-08T06:02:32Z
bitcoin,2022-07,22827.9,KRAKEN_WEEKLY_OHLC,2026-10-08T06:02:32Z
bitcoin,2022-08,20052.6,KRAKEN_WEEKLY_OHLC,2026-10-08T06:02:32Z
bitcoin,2022-09,20162.7,KRAKEN_WEEKLY_OHLC,2026-10-08T06:02:32Z
bitcoin,2022-10,20153.5,KRAKEN_WEEKLY_OHLC,2026-10-08T06:02:32Z
bitcoin,2022-11,17166.9,KRAKEN_WEEKLY_OHLC,2026-10-08T06:02:32Z
bitcoin,2022-12,16848.9,KRAKEN_WEEKLY_OHLC,2026-10-08T06:02:32Z
bitcoin,2023-01,23732.6,KRAKEN_WEEKLY_OHLC,2026-10-08T06:02:32Z
bitcoin,2023-02,23634.9,KRAKEN_WEEKLY_OHLC,2026-10-08T06:02:32Z
bitcoin,2023-03,28179.1,KRAKEN_WEEKLY_OHLC,2026-10-08T06:02:32Z
bitcoin,2023-04,29033.3,KRAKEN_WEEKLY_OHLC,2026-10-08T06:02:32Z
bitcoin,2023-05,27216.2,KRAKEN_WEEKLY_OHLC,2026-10-08T06:02:32Z
bitcoin,2023-06,30502.8,KRAKEN_WEEKLY_OHLC,2026-10-08T06:02:32Z
bitcoin,2023-07,29152.3,KRAKEN_WEEKLY_OHLC,2026-10-08T06:02:32Z
bitcoin,2023-08,25763.8,KRAKEN_WEEKLY_OHLC,2026-10-08T06:02:32Z
bitcoin,2023-09,27800,KRAKEN_WEEKLY_OHLC,2026-10-08T06:02:32Z
bitcoin,2023-10,35441.7,KRAKEN_WEEKLY_OHLC,2026-10-08T06:02:32Z
bitcoin,2023-11,43761.7,KRAKEN_WEEKLY_OHLC,2026-10-08T06:02:32Z
bitcoin,2023-12,42849.5,KRAKEN_WEEKLY_OHLC,2026-10-08T06:02:32Z
bitcoin,2024-01,42551.7,KRAKEN_WEEKLY_OHLC,2026-10-08T06:02:32Z
bitcoin,2024-02,66098.9,KRAKEN_WEEKLY_OHLC,2026-10-08T06:02:32Z
bitcoin,2024-03,65991.5,KRAKEN_WEEKLY_OHLC,2026-10-08T06:02:32Z
bitcoin,2024-04,58272.2,KRAKEN_WEEKLY_OHLC,2026-10-08T06:02:32Z
bitcoin,2024-05,71103.6,KRAKEN_WEEKLY_OHLC,2026-10-08T06:02:32Z
bitcoin,2024-06,60146.6,KRAKEN_WEEKLY_OHLC,2026-10-08T06:02:32Z
bitcoin,2024-07,64638.1,KRAKEN_WEEKLY_OHLC,2026-10-08T06:02:32Z
bitcoin,2024-08,57970,KRAKEN_WEEKLY_OHLC,2026-10-08T06:02:32Z
bitcoin,2024-09,60635.3,KRAKEN_WEEKLY_OHLC,2026-10-08T06:02:32Z
bitcoin,2024-10,75642,KRAKEN_WEEKLY_OHLC,2026-10-08T06:02:32Z
bitcoin,2024-11,98757.1,KRAKEN_WEEKLY_OHLC,2026-10-08T06:02:32Z
bitcoin,2024-12,94380.8,KRAKEN_WEEKLY_OHLC,2026-10-08T06:02:32Z
bitcoin,2025-01,96623.8,KRAKEN_WEEKLY_OHLC,2026-10-08T06:02:32Z
bitcoin,2025-02,90610.4,KRAKEN_WEEKLY_OHLC,2026-10-08T06:02:32Z
bitcoin,2025-03,82508.1,KRAKEN_WEEKLY_OHLC,2026-10-08T06:02:32Z
bitcoin,2025-04,94205.4,KRAKEN_WEEKLY_OHLC,2026-10-08T06:02:32Z
bitcoin,2025-05,104745.4,KRAKEN_WEEKLY_OHLC,2026-10-08T06:02:32Z
bitcoin,2025-06,108846.9,KRAKEN_WEEKLY_OHLC,2026-10-08T06:02:32Z
bitcoin,2025-07,115010,KRAKEN_WEEKLY_OHLC,2026-10-08T06:02:32Z
bitcoin,2025-08,111771.1,KRAKEN_WEEKLY_OHLC,2026-10-08T06:02:32Z
bitcoin,2025-09,118599.9,KRAKEN_WEEKLY_OHLC,2026-10-08T06:02:32Z
bitcoin,2025-10,103900,KRAKEN_WEEKLY_OHLC,2026-10-08T06:02:32Z
bitcoin,2025-11,93457.9,KRAKEN_WEEKLY_OHLC,2026-10-08T06:02:32Z
bitcoin,2025-12,87500.1,KRAKEN_WEEKLY_OHLC,2026-10-08T06:02:32Z
bitcoin,2026-01,73013.6,KRAKEN_WEEKLY_OHLC,2026-10-08T06:02:32Z
bitcoin,2026-02,72684.8,KRAKEN_WEEKLY_OHLC,2026-10-08T06:02:32Z
bitcoin,2026-03,68098.5,KRAKEN_WEEKLY_OHLC,2026-10-08T06:02:32Z
bitcoin,2026-04,81438,KRAKEN_WEEKLY_OHLC,2026-10-08T06:02:32Z
bitcoin,2026-05,64035.8,KRAKEN_WEEKLY_OHLC,2026-10-08T06:02:32Z
bitcoin,2026-06,59959.4,KRAKEN_WEEKLY_OHLC,2026-10-08T06:02:32Z
bitcoin,2026-07,64599.2,KRAKEN_WEEKLY_OHLC,2026-10-08T06:02:32Z
bitcoin,2026-08,77305.1,KRAKEN_WEEKLY_OHLC,2026-10-08T06:02:32Z
bitcoin,2026-09,83564.7,KRAKEN_WEEKLY_OHLC,2026-10-08T06:02:32Z
bitcoin,2026-10,82605,KRAKEN_WEEKLY_OHLC,2026-10-08T06:02:32Z
chainlink,2019-09,2.05474,KRAKEN_WEEKLY_OHLC,2026-10-08T06:02:32Z
chainlink,2019-10,2.7564,KRAKEN_WEEKLY_OHLC,2026-10-08T06:02:32Z
chainlink,2019-11,2.0411,KRAKEN_WEEKLY_OHLC,2026-10-08T06:02:32Z
chainlink,2019-12,1.79751,KRAKEN_WEEKLY_OHLC,2026-10-08T06:02:32Z
chainlink,2020-01,2.84427,KRAKEN_WEEKLY_OHLC,2026-10-08T06:02:32Z
chainlink,2020-02,4.63765,KRAKEN_WEEKLY_OHLC,2026-10-08T06:02:32Z
chainlink,2020-03,2.2752,KRAKEN_WEEKLY_OHLC,2026-10-08T06:02:32Z
chainlink,2020-04,3.58721,KRAKEN_WEEKLY_OHLC,2026-10-08T06:02:32Z
chainlink,2020-05,4.48529,KRAKEN_WEEKLY_OHLC,2026-10-08T06:02:32Z
chainlink,2020-06,4.70025,KRAKEN_WEEKLY_OHLC,2026-10-08T06:02:32Z
chainlink,2020-07,9.53824,KRAKEN_WEEKLY_OHLC,2026-10-08T06:02:32Z
chainlink,2020-08,14.79151,KRAKEN_WEEKLY_OHLC,2026-10-08T06:02:32Z
chainlink,2020-09,9.87088,KRAKEN_WEEKLY_OHLC,2026-10-08T06:02:32Z
chainlink,2020-10,10.47889,KRAKEN_WEEKLY_OHLC,2026-10-08T06:02:32Z
chainlink,2020-11,13.97676,KRAKEN_WEEKLY_OHLC,2026-10-08T06:02:32Z
chainlink,2020-12,17.30409,KRAKEN_WEEKLY_OHLC,2026-10-08T06:02:32Z
chainlink,2021-01,25.10226,KRAKEN_WEEKLY_OHLC,2026-10-08T06:02:32Z
chainlink,2021-02,29.88699,KRAKEN_WEEKLY_OHLC,2026-10-08T06:02:32Z
chainlink,2021-03,29.39999,KRAKEN_WEEKLY_OHLC,2026-10-08T06:02:32Z
chainlink,2021-04,49.57902,KRAKEN_WEEKLY_OHLC,2026-10-08T06:02:32Z
chainlink,2021-05,30.67498,KRAKEN_WEEKLY_OHLC,2026-10-08T06:02:32Z
chainlink,2021-06,19.50081,KRAKEN_WEEKLY_OHLC,2026-10-08T06:02:32Z
chainlink,2021-07,24.1828,KRAKEN_WEEKLY_OHLC,2026-10-08T06:02:32Z
chainlink,2021-08,29.75123,KRAKEN_WEEKLY_OHLC,2026-10-08T06:02:32Z
chainlink,2021-09,26.81586,KRAKEN_WEEKLY_OHLC,2026-10-08T06:02:32Z
chainlink,2021-10,31.97125,KRAKEN_WEEKLY_OHLC,2026-10-08T06:02:32Z
chainlink,2021-11,25.35151,KRAKEN_WEEKLY_OHLC,2026-10-08T06:02:32Z
chainlink,2021-12,25.22049,KRAKEN_WEEKLY_OHLC,2026-10-08T06:02:32Z
chainlink,2022-01,15.85526,KRAKEN_WEEKLY_OHLC,2026-10-08T06:02:32Z
chainlink,2022-02,15.2889,KRAKEN_WEEKLY_OHLC,2026-10-08T06:02:32Z
chainlink,2022-03,15.40933,KRAKEN_WEEKLY_OHLC,2026-10-08T06:02:32Z
chainlink,2022-04,12.18831,KRAKEN_WEEKLY_OHLC,2026-10-08T06:02:32Z
chainlink,2022-05,6.90795,KRAKEN_WEEKLY_OHLC,2026-10-08T06:02:32Z
chainlink,2022-06,6.32587,KRAKEN_WEEKLY_OHLC,2026-10-08T06:02:32Z
chainlink,2022-07,7.27467,KRAKEN_WEEKLY_OHLC,2026-10-08T06:02:32Z
chainlink,2022-08,6.62874,KRAKEN_WEEKLY_OHLC,2026-10-08T06:02:32Z
chainlink,2022-09,7.87425,KRAKEN_WEEKLY_OHLC,2026-10-08T06:02:32Z
chainlink,2022-10,7.42296,KRAKEN_WEEKLY_OHLC,2026-10-08T06:02:32Z
chainlink,2022-11,7.68904,KRAKEN_WEEKLY_OHLC,2026-10-08T06:02:32Z
chainlink,2022-12,5.8113,KRAKEN_WEEKLY_OHLC,2026-10-08T06:02:32Z
chainlink,2023-01,7.1992,KRAKEN_WEEKLY_OHLC,2026-10-08T06:02:32Z
chainlink,2023-02,7.53338,KRAKEN_WEEKLY_OHLC,2026-10-08T06:02:32Z
chainlink,2023-03,7.32291,KRAKEN_WEEKLY_OHLC,2026-10-08T06:02:32Z
chainlink,2023-04,7.11863,KRAKEN_WEEKLY_OHLC,2026-10-08T06:02:32Z
chainlink,2023-05,6.4748,KRAKEN_WEEKLY_OHLC,2026-10-08T06:02:32Z
chainlink,2023-06,6.3022,KRAKEN_WEEKLY_OHLC,2026-10-08T06:02:32Z
chainlink,2023-07,7.34661,KRAKEN_WEEKLY_OHLC,2026-10-08T06:02:32Z
chainlink,2023-08,6.29727,KRAKEN_WEEKLY_OHLC,2026-10-08T06:02:32Z
chainlink,2023-09,7.67246,KRAKEN_WEEKLY_OHLC,2026-10-08T06:02:32Z
chainlink,2023-10,11.64062,KRAKEN_WEEKLY_OHLC,2026-10-08T06:02:32Z
chainlink,2023-11,15.26699,KRAKEN_WEEKLY_OHLC,2026-10-08T06:02:32Z
chainlink,2023-12,14.15392,KRAKEN_WEEKLY_OHLC,2026-10-08T06:02:32Z
chainlink,2024-01,15.39211,KRAKEN_WEEKLY_OHLC,2026-10-08T06:02:32Z
chainlink,2024-02,20.08597,KRAKEN_WEEKLY_OHLC,2026-10-08T06:02:32Z
chainlink,2024-03,17.7,KRAKEN_WEEKLY_OHLC,2026-10-08T06:02:32Z
chainlink,2024-04,13.34413,KRAKEN_WEEKLY_OHLC,2026-10-08T06:02:32Z
chainlink,2024-05,17.7302,KRAKEN_WEEKLY_OHLC,2026-10-08T06:02:32Z
chainlink,2024-06,13.56905,KRAKEN_WEEKLY_OHLC,2026-10-08T06:02:32Z
chainlink,2024-07,12.83309,KRAKEN_WEEKLY_OHLC,2026-10-08T06:02:32Z
chainlink,2024-08,10.33525,KRAKEN_WEEKLY_OHLC,2026-10-08T06:02:32Z
chainlink,2024-09,10.66008,KRAKEN_WEEKLY_OHLC,2026-10-08T06:02:32Z
chainlink,2024-10,12.18104,KRAKEN_WEEKLY_OHLC,2026-10-08T06:02:32Z
chainlink,2024-11,24.10872,KRAKEN_WEEKLY_OHLC,2026-10-08T06:02:32Z
chainlink,2024-12,21.69748,KRAKEN_WEEKLY_OHLC,2026-10-08T06:02:32Z
chainlink,2025-01,19.18218,KRAKEN_WEEKLY_OHLC,2026-10-08T06:02:32Z
chainlink,2025-02,16.43111,KRAKEN_WEEKLY_OHLC,2026-10-08T06:02:32Z
chainlink,2025-03,12.9,KRAKEN_WEEKLY_OHLC,2026-10-08T06:02:32Z
chainlink,2025-04,14.30039,KRAKEN_WEEKLY_OHLC,2026-10-08T06:02:32Z
chainlink,2025-05,13.85057,KRAKEN_WEEKLY_OHLC,2026-10-08T06:02:32Z
chainlink,2025-06,13.55618,KRAKEN_WEEKLY_OHLC,2026-10-08T06:02:32Z
chainlink,2025-07,16.68449,KRAKEN_WEEKLY_OHLC,2026-10-08T06:02:32Z
chainlink,2025-08,23.69276,KRAKEN_WEEKLY_OHLC,2026-10-08T06:02:32Z
chainlink,2025-09,22.57279,KRAKEN_WEEKLY_OHLC,2026-10-08T06:02:32Z
chainlink,2025-10,15.10312,KRAKEN_WEEKLY_OHLC,2026-10-08T06:02:32Z
chainlink,2025-11,14.6351,KRAKEN_WEEKLY_OHLC,2026-10-08T06:02:32Z
chainlink,2025-12,12.18141,KRAKEN_WEEKLY_OHLC,2026-10-08T06:02:32Z
chainlink,2026-01,9.23608,KRAKEN_WEEKLY_OHLC,2026-10-08T06:02:32Z
chainlink,2026-02,9.35829,KRAKEN_WEEKLY_OHLC,2026-10-08T06:02:32Z
chainlink,2026-03,8.93923,KRAKEN_WEEKLY_OHLC,2026-10-08T06:02:32Z
chainlink,2026-04,10.00091,KRAKEN_WEEKLY_OHLC,2026-10-08T06:02:32Z
chainlink,2026-05,8.32744,KRAKEN_WEEKLY_OHLC,2026-10-08T06:02:32Z
chainlink,2026-06,7.35138,KRAKEN_WEEKLY_OHLC,2026-10-08T06:02:32Z
chainlink,2026-07,8.1544,KRAKEN_WEEKLY_OHLC,2026-10-08T06:02:32Z
chainlink,2026-08,11.11547,KRAKEN_WEEKLY_OHLC,2026-10-08T06:02:32Z
chainlink,2026-09,14.36174,KRAKEN_WEEKLY_OHLC,2026-10-08T06:02:32Z
chainlink,2026-10,13.09597,KRAKEN_WEEKLY_OHLC,2026-10-08T06:02:32Z
ethereum,2015-08,1.32,KRAKEN_WEEKLY_OHLC,2026-10-08T06:02:32Z
ethereum,2015-09,0.71,KRAKEN_WEEKLY_OHLC,2026-10-08T06:02:32Z
ethereum,2015-10,0.79,KRAKEN_WEEKLY_OHLC,2026-10-08T06:02:32Z
ethereum,2015-11,0.82,KRAKEN_WEEKLY_OHLC,2026-10-08T06:02:32Z
ethereum,2015-12,0.95,KRAKEN_WEEKLY_OHLC,2026-10-08T06:02:32Z
ethereum,2016-01,2.53,KRAKEN_WEEKLY_OHLC,2026-10-08T06:02:32Z
ethereum,2016-02,8.41,KRAKEN_WEEKLY_OHLC,2026-10-08T06:02:32Z
ethereum,2016-03,10.7,KRAKEN_WEEKLY_OHLC,2026-10-08T06:02:32Z
ethereum,2016-04,9.46,KRAKEN_WEEKLY_OHLC,2026-10-08T06:02:32Z
ethereum,2016-05,13.96,KRAKEN_WEEKLY_OHLC,2026-10-08T06:02:32Z
ethereum,2016-06,10.45,KRAKEN_WEEKLY_OHLC,2026-10-08T06:02:32Z
ethereum,2016-07,10.37,KRAKEN_WEEKLY_OHLC,2026-10-08T06:02:32Z
ethereum,2016-08,11.61,KRAKEN_WEEKLY_OHLC,2026-10-08T06:02:32Z
ethereum,2016-09,13.02,KRAKEN_WEEKLY_OHLC,2026-10-08T06:02:32Z
ethereum,2016-10,10.84,KRAKEN_WEEKLY_OHLC,2026-10-08T06:02:32Z
ethereum,2016-11,8.55,KRAKEN_WEEKLY_OHLC,2026-10-08T06:02:32Z
ethereum,2016-12,11.02,KRAKEN_WEEKLY_OHLC,2026-10-08T06:02:32Z
ethereum,2017-01,10.59,KRAKEN_WEEKLY_OHLC,2026-10-08T06:02:32Z
ethereum,2017-02,17.3,KRAKEN_WEEKLY_OHLC,2026-10-08T06:02:32Z
ethereum,2017-03,45.28,KRAKEN_WEEKLY_OHLC,2026-10-08T06:02:32Z
ethereum,2017-04,80.39,KRAKEN_WEEKLY_OHLC,2026-10-08T06:02:32Z
ethereum,2017-05,228.5,KRAKEN_WEEKLY_OHLC,2026-10-08T06:02:32Z
ethereum,2017-06,266.3,KRAKEN_WEEKLY_OHLC,2026-10-08T06:02:32Z
ethereum,2017-07,218.48,KRAKEN_WEEKLY_OHLC,2026-10-08T06:02:32Z
ethereum,2017-08,341.84,KRAKEN_WEEKLY_OHLC,2026-10-08T06:02:32Z
ethereum,2017-09,292,KRAKEN_WEEKLY_OHLC,2026-10-08T06:02:32Z
ethereum,2017-10,290.1,KRAKEN_WEEKLY_OHLC,2026-10-08T06:02:32Z
ethereum,2017-11,417.01,KRAKEN_WEEKLY_OHLC,2026-10-08T06:02:32Z
ethereum,2017-12,938,KRAKEN_WEEKLY_OHLC,2026-10-08T06:02:32Z
ethereum,2018-01,1105.3,KRAKEN_WEEKLY_OHLC,2026-10-08T06:02:32Z
ethereum,2018-02,850.1,KRAKEN_WEEKLY_OHLC,2026-10-08T06:02:32Z
ethereum,2018-03,377.95,KRAKEN_WEEKLY_OHLC,2026-10-08T06:02:32Z
ethereum,2018-04,687.02,KRAKEN_WEEKLY_OHLC,2026-10-08T06:02:32Z
ethereum,2018-05,605.61,KRAKEN_WEEKLY_OHLC,2026-10-08T06:02:32Z
ethereum,2018-06,466.59,KRAKEN_WEEKLY_OHLC,2026-10-08T06:02:32Z
ethereum,2018-07,419.82,KRAKEN_WEEKLY_OHLC,2026-10-08T06:02:32Z
ethereum,2018-08,227.92,KRAKEN_WEEKLY_OHLC,2026-10-08T06:02:32Z
ethereum,2018-09,219.02,KRAKEN_WEEKLY_OHLC,2026-10-08T06:02:32Z
ethereum,2018-10,196.88,KRAKEN_WEEKLY_OHLC,2026-10-08T06:02:32Z
ethereum,2018-11,100.5,KRAKEN_WEEKLY_OHLC,2026-10-08T06:02:32Z
ethereum,2018-12,153.51,KRAKEN_WEEKLY_OHLC,2026-10-08T06:02:32Z
ethereum,2019-01,103.26,KRAKEN_WEEKLY_OHLC,2026-10-08T06:02:32Z
ethereum,2019-02,136.92,KRAKEN_WEEKLY_OHLC,2026-10-08T06:02:32Z
ethereum,2019-03,161.3,KRAKEN_WEEKLY_OHLC,2026-10-08T06:02:32Z
ethereum,2019-04,158.36,KRAKEN_WEEKLY_OHLC,2026-10-08T06:02:32Z
ethereum,2019-05,245.88,KRAKEN_WEEKLY_OHLC,2026-10-08T06:02:32Z
ethereum,2019-06,302.1,KRAKEN_WEEKLY_OHLC,2026-10-08T06:02:32Z
ethereum,2019-07,218.68,KRAKEN_WEEKLY_OHLC,2026-10-08T06:02:32Z
ethereum,2019-08,175.02,KRAKEN_WEEKLY_OHLC,2026-10-08T06:02:32Z
ethereum,2019-09,180.88,KRAKEN_WEEKLY_OHLC,2026-10-08T06:02:32Z
ethereum,2019-10,191.06,KRAKEN_WEEKLY_OHLC,2026-10-08T06:02:32Z
ethereum,2019-11,145.3,KRAKEN_WEEKLY_OHLC,2026-10-08T06:02:32Z
ethereum,2019-12,130.33,KRAKEN_WEEKLY_OHLC,2026-10-08T06:02:32Z
ethereum,2020-01,203.76,KRAKEN_WEEKLY_OHLC,2026-10-08T06:02:32Z
ethereum,2020-02,224.48,KRAKEN_WEEKLY_OHLC,2026-10-08T06:02:32Z
ethereum,2020-03,135.88,KRAKEN_WEEKLY_OHLC,2026-10-08T06:02:32Z
ethereum,2020-04,199.48,KRAKEN_WEEKLY_OHLC,2026-10-08T06:02:32Z
ethereum,2020-05,244.54,KRAKEN_WEEKLY_OHLC,2026-10-08T06:02:32Z
ethereum,2020-06,231.11,KRAKEN_WEEKLY_OHLC,2026-10-08T06:02:32Z
ethereum,2020-07,401.25,KRAKEN_WEEKLY_OHLC,2026-10-08T06:02:32Z
ethereum,2020-08,439.81,KRAKEN_WEEKLY_OHLC,2026-10-08T06:02:32Z
ethereum,2020-09,359.69,KRAKEN_WEEKLY_OHLC,2026-10-08T06:02:32Z
ethereum,2020-10,402.68,KRAKEN_WEEKLY_OHLC,2026-10-08T06:02:32Z
ethereum,2020-11,597.74,KRAKEN_WEEKLY_OHLC,2026-10-08T06:02:32Z
ethereum,2020-12,1211.85,KRAKEN_WEEKLY_OHLC,2026-10-08T06:02:32Z
ethereum,2021-01,1667.78,KRAKEN_WEEKLY_OHLC,2026-10-08T06:02:32Z
ethereum,2021-02,1566.41,KRAKEN_WEEKLY_OHLC,2026-10-08T06:02:32Z
ethereum,2021-03,1918.89,KRAKEN_WEEKLY_OHLC,2026-10-08T06:02:32Z
ethereum,2021-04,3527.69,KRAKEN_WEEKLY_OHLC,2026-10-08T06:02:32Z
ethereum,2021-05,2705.05,KRAKEN_WEEKLY_OHLC,2026-10-08T06:02:32Z
ethereum,2021-06,2276.66,KRAKEN_WEEKLY_OHLC,2026-10-08T06:02:32Z
ethereum,2021-07,2724.91,KRAKEN_WEEKLY_OHLC,2026-10-08T06:02:32Z
ethereum,2021-08,3829.08,KRAKEN_WEEKLY_OHLC,2026-10-08T06:02:32Z
ethereum,2021-09,3575.26,KRAKEN_WEEKLY_OHLC,2026-10-08T06:02:32Z
ethereum,2021-10,4607.01,KRAKEN_WEEKLY_OHLC,2026-10-08T06:02:32Z
ethereum,2021-11,4588.4,KRAKEN_WEEKLY_OHLC,2026-10-08T06:02:32Z
ethereum,2021-12,3538.91,KRAKEN_WEEKLY_OHLC,2026-10-08T06:02:32Z
ethereum,2022-01,2682.36,KRAKEN_WEEKLY_OHLC,2026-10-08T06:02:32Z
ethereum,2022-02,2948.9,KRAKEN_WEEKLY_OHLC,2026-10-08T06:02:32Z
ethereum,2022-03,3168.44,KRAKEN_WEEKLY_OHLC,2026-10-08T06:02:32Z
ethereum,2022-04,2940.61,KRAKEN_WEEKLY_OHLC,2026-10-08T06:02:32Z
ethereum,2022-05,1816.4,KRAKEN_WEEKLY_OHLC,2026-10-08T06:02:32Z
ethereum,2022-06,1185.68,KRAKEN_WEEKLY_OHLC,2026-10-08T06:02:32Z
ethereum,2022-07,1618.99,KRAKEN_WEEKLY_OHLC,2026-10-08T06:02:32Z
ethereum,2022-08,1554.82,KRAKEN_WEEKLY_OHLC,2026-10-08T06:02:32Z
ethereum,2022-09,1352.76,KRAKEN_WEEKLY_OHLC,2026-10-08T06:02:32Z
ethereum,2022-10,1519.01,KRAKEN_WEEKLY_OHLC,2026-10-08T06:02:32Z
ethereum,2022-11,1294.37,KRAKEN_WEEKLY_OHLC,2026-10-08T06:02:32Z
ethereum,2022-12,1256.32,KRAKEN_WEEKLY_OHLC,2026-10-08T06:02:32Z
ethereum,2023-01,1641.6,KRAKEN_WEEKLY_OHLC,2026-10-08T06:02:32Z
ethereum,2023-02,1665.22,KRAKEN_WEEKLY_OHLC,2026-10-08T06:02:32Z
ethereum,2023-03,1909.02,KRAKEN_WEEKLY_OHLC,2026-10-08T06:02:32Z
ethereum,2023-04,1905,KRAKEN_WEEKLY_OHLC,2026-10-08T06:02:32Z
ethereum,2023-05,1873.59,KRAKEN_WEEKLY_OHLC,2026-10-08T06:02:32Z
ethereum,2023-06,1911.01,KRAKEN_WEEKLY_OHLC,2026-10-08T06:02:32Z
ethereum,2023-07,1839.09,KRAKEN_WEEKLY_OHLC,2026-10-08T06:02:32Z
ethereum,2023-08,1632.29,KRAKEN_WEEKLY_OHLC,2026-10-08T06:02:32Z
ethereum,2023-09,1647.7,KRAKEN_WEEKLY_OHLC,2026-10-08T06:02:32Z
ethereum,2023-10,1847.43,KRAKEN_WEEKLY_OHLC,2026-10-08T06:02:32Z
ethereum,2023-11,2233.47,KRAKEN_WEEKLY_OHLC,2026-10-08T06:02:32Z
ethereum,2023-12,2210.31,KRAKEN_WEEKLY_OHLC,2026-10-08T06:02:32Z
ethereum,2024-01,2283.42,KRAKEN_WEEKLY_OHLC,2026-10-08T06:02:32Z
ethereum,2024-02,3817.95,KRAKEN_WEEKLY_OHLC,2026-10-08T06:02:32Z
ethereum,2024-03,3312.28,KRAKEN_WEEKLY_OHLC,2026-10-08T06:02:32Z
ethereum,2024-04,2970.02,KRAKEN_WEEKLY_OHLC,2026-10-08T06:02:32Z
ethereum,2024-05,3866.35,KRAKEN_WEEKLY_OHLC,2026-10-08T06:02:32Z
ethereum,2024-06,3292.88,KRAKEN_WEEKLY_OHLC,2026-10-08T06:02:32Z
ethereum,2024-07,3230.87,KRAKEN_WEEKLY_OHLC,2026-10-08T06:02:32Z
ethereum,2024-08,2450.08,KRAKEN_WEEKLY_OHLC,2026-10-08T06:02:32Z
ethereum,2024-09,2363.93,KRAKEN_WEEKLY_OHLC,2026-10-08T06:02:32Z
ethereum,2024-10,2723.26,KRAKEN_WEEKLY_OHLC,2026-10-08T06:02:32Z
ethereum,2024-11,3844.31,KRAKEN_WEEKLY_OHLC,2026-10-08T06:02:32Z
ethereum,2024-12,3354,KRAKEN_WEEKLY_OHLC,2026-10-08T06:02:32Z
ethereum,2025-01,2788.76,KRAKEN_WEEKLY_OHLC,2026-10-08T06:02:32Z
ethereum,2025-02,2241.22,KRAKEN_WEEKLY_OHLC,2026-10-08T06:02:32Z
ethereum,2025-03,1792.97,KRAKEN_WEEKLY_OHLC,2026-10-08T06:02:32Z
ethereum,2025-04,1793.92,KRAKEN_WEEKLY_OHLC,2026-10-08T06:02:32Z
ethereum,2025-05,2608.18,KRAKEN_WEEKLY_OHLC,2026-10-08T06:02:32Z
ethereum,2025-06,2570.49,KRAKEN_WEEKLY_OHLC,2026-10-08T06:02:32Z
ethereum,2025-07,3683.56,KRAKEN_WEEKLY_OHLC,2026-10-08T06:02:32Z
ethereum,2025-08,4450,KRAKEN_WEEKLY_OHLC,2026-10-08T06:02:32Z
ethereum,2025-09,4350.03,KRAKEN_WEEKLY_OHLC,2026-10-08T06:02:32Z
ethereum,2025-10,3424.01,KRAKEN_WEEKLY_OHLC,2026-10-08T06:02:32Z
ethereum,2025-11,3189.39,KRAKEN_WEEKLY_OHLC,2026-10-08T06:02:32Z
ethereum,2025-12,2967.13,KRAKEN_WEEKLY_OHLC,2026-10-08T06:02:32Z
ethereum,2026-01,2142.84,KRAKEN_WEEKLY_OHLC,2026-10-08T06:02:32Z
ethereum,2026-02,2129.35,KRAKEN_WEEKLY_OHLC,2026-10-08T06:02:32Z
ethereum,2026-03,2140.1,KRAKEN_WEEKLY_OHLC,2026-10-08T06:02:32Z
ethereum,2026-04,2351,KRAKEN_WEEKLY_OHLC,2026-10-08T06:02:32Z
ethereum,2026-05,1810.58,KRAKEN_WEEKLY_OHLC,2026-10-08T06:02:32Z
ethereum,2026-06,1607.9,KRAKEN_WEEKLY_OHLC,2026-10-08T06:02:32Z
ethereum,2026-07,1907.01,KRAKEN_WEEKLY_OHLC,2026-10-08T06:02:32Z
ethereum,2026-08,2390.98,KRAKEN_WEEKLY_OHLC,2026-10-08T06:02:32Z
ethereum,2026-09,2684.11,KRAKEN_WEEKLY_OHLC,2026-10-08T06:02:32Z
ethereum,2026-10,2560.05,KRAKEN_WEEKLY_OHLC,2026-10-08T06:02:32Z
solana,2021-06,35.83,KRAKEN_WEEKLY_OHLC,2026-10-08T06:02:32Z
solana,2021-07,35.77,KRAKEN_WEEKLY_OHLC,2026-10-08T06:02:32Z
solana,2021-08,110.81,KRAKEN_WEEKLY_OHLC,2026-10-08T06:02:32Z
solana,2021-09,154.09,KRAKEN_WEEKLY_OHLC,2026-10-08T06:02:32Z
solana,2021-10,243.17,KRAKEN_WEEKLY_OHLC,2026-10-08T06:02:32Z
solana,2021-11,229.99,KRAKEN_WEEKLY_OHLC,2026-10-08T06:02:32Z
solana,2021-12,154.38,KRAKEN_WEEKLY_OHLC,2026-10-08T06:02:32Z
solana,2022-01,101.95,KRAKEN_WEEKLY_OHLC,2026-10-08T06:02:32Z
solana,2022-02,100.77,KRAKEN_WEEKLY_OHLC,2026-10-08T06:02:32Z
solana,2022-03,113.02,KRAKEN_WEEKLY_OHLC,2026-10-08T06:02:32Z
solana,2022-04,92.7,KRAKEN_WEEKLY_OHLC,2026-10-08T06:02:32Z
solana,2022-05,40.1,KRAKEN_WEEKLY_OHLC,2026-10-08T06:02:32Z
solana,2022-06,36.98,KRAKEN_WEEKLY_OHLC,2026-10-08T06:02:32Z
solana,2022-07,38.55,KRAKEN_WEEKLY_OHLC,2026-10-08T06:02:32Z
solana,2022-08,31.49,KRAKEN_WEEKLY_OHLC,2026-10-08T06:02:32Z
solana,2022-09,34.05,KRAKEN_WEEKLY_OHLC,2026-10-08T06:02:32Z
solana,2022-10,30.79,KRAKEN_WEEKLY_OHLC,2026-10-08T06:02:32Z
solana,2022-11,14.16,KRAKEN_WEEKLY_OHLC,2026-10-08T06:02:32Z
solana,2022-12,13.44,KRAKEN_WEEKLY_OHLC,2026-10-08T06:02:32Z
solana,2023-01,24.97,KRAKEN_WEEKLY_OHLC,2026-10-08T06:02:32Z
solana,2023-02,22.52,KRAKEN_WEEKLY_OHLC,2026-10-08T06:02:32Z
solana,2023-03,20.98,KRAKEN_WEEKLY_OHLC,2026-10-08T06:02:32Z
solana,2023-04,22.25,KRAKEN_WEEKLY_OHLC,2026-10-08T06:02:32Z
solana,2023-05,20.81,KRAKEN_WEEKLY_OHLC,2026-10-08T06:02:32Z
solana,2023-06,18.99,KRAKEN_WEEKLY_OHLC,2026-10-08T06:02:32Z
solana,2023-07,23.14,KRAKEN_WEEKLY_OHLC,2026-10-08T06:02:32Z
solana,2023-08,19.63,KRAKEN_WEEKLY_OHLC,2026-10-08T06:02:32Z
solana,2023-09,23.15,KRAKEN_WEEKLY_OHLC,2026-10-08T06:02:32Z
solana,2023-10,41.17,KRAKEN_WEEKLY_OHLC,2026-10-08T06:02:32Z
solana,2023-11,61.91,KRAKEN_WEEKLY_OHLC,2026-10-08T06:02:32Z
solana,2023-12,98.62,KRAKEN_WEEKLY_OHLC,2026-10-08T06:02:32Z
solana,2024-01,96.85,KRAKEN_WEEKLY_OHLC,2026-10-08T06:02:32Z
solana,2024-02,130.91,KRAKEN_WEEKLY_OHLC,2026-10-08T06:02:32Z
solana,2024-03,185.2,KRAKEN_WEEKLY_OHLC,2026-10-08T06:02:32Z
solana,2024-04,134.51,KRAKEN_WEEKLY_OHLC,2026-10-08T06:02:32Z
solana,2024-05,173.51,KRAKEN_WEEKLY_OHLC,2026-10-08T06:02:32Z
solana,2024-06,140.67,KRAKEN_WEEKLY_OHLC,2026-10-08T06:02:32Z
solana,2024-07,171.58,KRAKEN_WEEKLY_OHLC,2026-10-08T06:02:32Z
solana,2024-08,133.61,KRAKEN_WEEKLY_OHLC,2026-10-08T06:02:32Z
solana,2024-09,140.15,KRAKEN_WEEKLY_OHLC,2026-10-08T06:02:32Z
solana,2024-10,186.87,KRAKEN_WEEKLY_OHLC,2026-10-08T06:02:32Z
solana,2024-11,229.53,KRAKEN_WEEKLY_OHLC,2026-10-08T06:02:32Z
solana,2024-12,193.82,KRAKEN_WEEKLY_OHLC,2026-10-08T06:02:32Z
solana,2025-01,195.94,KRAKEN_WEEKLY_OHLC,2026-10-08T06:02:32Z
solana,2025-02,146.31,KRAKEN_WEEKLY_OHLC,2026-10-08T06:02:32Z
solana,2025-03,117.31,KRAKEN_WEEKLY_OHLC,2026-10-08T06:02:32Z
solana,2025-04,147.62,KRAKEN_WEEKLY_OHLC,2026-10-08T06:02:32Z
solana,2025-05,153.21,KRAKEN_WEEKLY_OHLC,2026-10-08T06:02:32Z
solana,2025-06,152.37,KRAKEN_WEEKLY_OHLC,2026-10-08T06:02:32Z
solana,2025-07,168.14,KRAKEN_WEEKLY_OHLC,2026-10-08T06:02:32Z
solana,2025-08,210.71,KRAKEN_WEEKLY_OHLC,2026-10-08T06:02:32Z
solana,2025-09,222.13,KRAKEN_WEEKLY_OHLC,2026-10-08T06:02:32Z
solana,2025-10,162.43,KRAKEN_WEEKLY_OHLC,2026-10-08T06:02:32Z
solana,2025-11,144.72,KRAKEN_WEEKLY_OHLC,2026-10-08T06:02:32Z
solana,2025-12,124.43,KRAKEN_WEEKLY_OHLC,2026-10-08T06:02:32Z
solana,2026-01,91.94,KRAKEN_WEEKLY_OHLC,2026-10-08T06:02:32Z
solana,2026-02,90.89,KRAKEN_WEEKLY_OHLC,2026-10-08T06:02:32Z
solana,2026-03,81.17,KRAKEN_WEEKLY_OHLC,2026-10-08T06:02:32Z
solana,2026-04,89.14,KRAKEN_WEEKLY_OHLC,2026-10-08T06:02:32Z
solana,2026-05,71.53,KRAKEN_WEEKLY_OHLC,2026-10-08T06:02:32Z
solana,2026-06,77.37,KRAKEN_WEEKLY_OHLC,2026-10-08T06:02:32Z
solana,2026-07,73.97,KRAKEN_WEEKLY_OHLC,2026-10-08T06:02:32Z
solana,2026-08,100.4,KRAKEN_WEEKLY_OHLC,2026-10-08T06:02:32Z
solana,2026-09,118.06,KRAKEN_WEEKLY_OHLC,2026-10-08T06:02:32Z
solana,2026-10,114.82,KRAKEN_WEEKLY_OHLC,2026-10-08T06:02:32Z
xrp,2017-05,0.24936,KRAKEN_WEEKLY_OHLC,2026-10-08T06:02:32Z
xrp,2017-06,0.25299,KRAKEN_WEEKLY_OHLC,2026-10-08T06:02:32Z
xrp,2017-07,0.17191,KRAKEN_WEEKLY_OHLC,2026-10-08T06:02:32Z
xrp,2017-08,0.23428,KRAKEN_WEEKLY_OHLC,2026-10-08T06:02:32Z
xrp,2017-09,0.21392,KRAKEN_WEEKLY_OHLC,2026-10-08T06:02:32Z
xrp,2017-10,0.1907,KRAKEN_WEEKLY_OHLC,2026-10-08T06:02:32Z
xrp,2017-11,0.22719,KRAKEN_WEEKLY_OHLC,2026-10-08T06:02:32Z
xrp,2017-12,2.78,KRAKEN_WEEKLY_OHLC,2026-10-08T06:02:32Z
xrp,2018-01,1.1202,KRAKEN_WEEKLY_OHLC,2026-10-08T06:02:32Z
xrp,2018-02,0.88697,KRAKEN_WEEKLY_OHLC,2026-10-08T06:02:32Z
xrp,2018-03,0.48963,KRAKEN_WEEKLY_OHLC,2026-10-08T06:02:32Z
xrp,2018-04,0.858,KRAKEN_WEEKLY_OHLC,2026-10-08T06:02:32Z
xrp,2018-05,0.67473,KRAKEN_WEEKLY_OHLC,2026-10-08T06:02:32Z
xrp,2018-06,0.49196,KRAKEN_WEEKLY_OHLC,2026-10-08T06:02:32Z
xrp,2018-07,0.446,KRAKEN_WEEKLY_OHLC,2026-10-08T06:02:32Z
xrp,2018-08,0.27867,KRAKEN_WEEKLY_OHLC,2026-10-08T06:02:32Z
xrp,2018-09,0.52535,KRAKEN_WEEKLY_OHLC,2026-10-08T06:02:32Z
xrp,2018-10,0.45,KRAKEN_WEEKLY_OHLC,2026-10-08T06:02:32Z
xrp,2018-11,0.33202,KRAKEN_WEEKLY_OHLC,2026-10-08T06:02:32Z
xrp,2018-12,0.3716,KRAKEN_WEEKLY_OHLC,2026-10-08T06:02:32Z
xrp,2019-01,0.28619,KRAKEN_WEEKLY_OHLC,2026-10-08T06:02:32Z
xrp,2019-02,0.31557,KRAKEN_WEEKLY_OHLC,2026-10-08T06:02:32Z
xrp,2019-03,0.34206,KRAKEN_WEEKLY_OHLC,2026-10-08T06:02:32Z
xrp,2019-04,0.29916,KRAKEN_WEEKLY_OHLC,2026-10-08T06:02:32Z
xrp,2019-05,0.4009,KRAKEN_WEEKLY_OHLC,2026-10-08T06:02:32Z
xrp,2019-06,0.40591,KRAKEN_WEEKLY_OHLC,2026-10-08T06:02:32Z
xrp,2019-07,0.31997,KRAKEN_WEEKLY_OHLC,2026-10-08T06:02:32Z
xrp,2019-08,0.25883,KRAKEN_WEEKLY_OHLC,2026-10-08T06:02:32Z
xrp,2019-09,0.25349,KRAKEN_WEEKLY_OHLC,2026-10-08T06:02:32Z
xrp,2019-10,0.31043,KRAKEN_WEEKLY_OHLC,2026-10-08T06:02:32Z
xrp,2019-11,0.21414,KRAKEN_WEEKLY_OHLC,2026-10-08T06:02:32Z
xrp,2019-12,0.19269,KRAKEN_WEEKLY_OHLC,2026-10-08T06:02:32Z
xrp,2020-01,0.27805,KRAKEN_WEEKLY_OHLC,2026-10-08T06:02:32Z
xrp,2020-02,0.23482,KRAKEN_WEEKLY_OHLC,2026-10-08T06:02:32Z
xrp,2020-03,0.17563,KRAKEN_WEEKLY_OHLC,2026-10-08T06:02:32Z
xrp,2020-04,0.21168,KRAKEN_WEEKLY_OHLC,2026-10-08T06:02:32Z
xrp,2020-05,0.20403,KRAKEN_WEEKLY_OHLC,2026-10-08T06:02:32Z
xrp,2020-06,0.17656,KRAKEN_WEEKLY_OHLC,2026-10-08T06:02:32Z
xrp,2020-07,0.30276,KRAKEN_WEEKLY_OHLC,2026-10-08T06:02:32Z
xrp,2020-08,0.276,KRAKEN_WEEKLY_OHLC,2026-10-08T06:02:32Z
xrp,2020-09,0.24184,KRAKEN_WEEKLY_OHLC,2026-10-08T06:02:32Z
xrp,2020-10,0.2379,KRAKEN_WEEKLY_OHLC,2026-10-08T06:02:32Z
xrp,2020-11,0.63098,KRAKEN_WEEKLY_OHLC,2026-10-08T06:02:32Z
xrp,2020-12,0.24905,KRAKEN_WEEKLY_OHLC,2026-10-08T06:02:32Z
xrp,2021-01,0.39797,KRAKEN_WEEKLY_OHLC,2026-10-08T06:02:32Z
xrp,2021-02,0.44935,KRAKEN_WEEKLY_OHLC,2026-10-08T06:02:32Z
xrp,2021-03,0.56954,KRAKEN_WEEKLY_OHLC,2026-10-08T06:02:32Z
xrp,2021-04,1.61348,KRAKEN_WEEKLY_OHLC,2026-10-08T06:02:32Z
xrp,2021-05,1.02688,KRAKEN_WEEKLY_OHLC,2026-10-08T06:02:32Z
xrp,2021-06,0.70304,KRAKEN_WEEKLY_OHLC,2026-10-08T06:02:32Z
xrp,2021-07,0.73049,KRAKEN_WEEKLY_OHLC,2026-10-08T06:02:32Z
xrp,2021-08,1.2377,KRAKEN_WEEKLY_OHLC,2026-10-08T06:02:32Z
xrp,2021-09,1.07683,KRAKEN_WEEKLY_OHLC,2026-10-08T06:02:32Z
xrp,2021-10,1.21118,KRAKEN_WEEKLY_OHLC,2026-10-08T06:02:32Z
xrp,2021-11,0.99115,KRAKEN_WEEKLY_OHLC,2026-10-08T06:02:32Z
xrp,2021-12,0.77412,KRAKEN_WEEKLY_OHLC,2026-10-08T06:02:32Z
xrp,2022-01,0.60143,KRAKEN_WEEKLY_OHLC,2026-10-08T06:02:32Z
xrp,2022-02,0.76892,KRAKEN_WEEKLY_OHLC,2026-10-08T06:02:32Z
xrp,2022-03,0.75979,KRAKEN_WEEKLY_OHLC,2026-10-08T06:02:32Z
xrp,2022-04,0.64579,KRAKEN_WEEKLY_OHLC,2026-10-08T06:02:32Z
xrp,2022-05,0.3977,KRAKEN_WEEKLY_OHLC,2026-10-08T06:02:32Z
xrp,2022-06,0.33205,KRAKEN_WEEKLY_OHLC,2026-10-08T06:02:32Z
xrp,2022-07,0.37013,KRAKEN_WEEKLY_OHLC,2026-10-08T06:02:32Z
xrp,2022-08,0.32735,KRAKEN_WEEKLY_OHLC,2026-10-08T06:02:32Z
xrp,2022-09,0.48875,KRAKEN_WEEKLY_OHLC,2026-10-08T06:02:32Z
xrp,2022-10,0.45025,KRAKEN_WEEKLY_OHLC,2026-10-08T06:02:32Z
xrp,2022-11,0.40786,KRAKEN_WEEKLY_OHLC,2026-10-08T06:02:32Z
xrp,2022-12,0.34781,KRAKEN_WEEKLY_OHLC,2026-10-08T06:02:32Z
xrp,2023-01,0.41347,KRAKEN_WEEKLY_OHLC,2026-10-08T06:02:32Z
xrp,2023-02,0.38349,KRAKEN_WEEKLY_OHLC,2026-10-08T06:02:32Z
xrp,2023-03,0.50646,KRAKEN_WEEKLY_OHLC,2026-10-08T06:02:32Z
xrp,2023-04,0.46322,KRAKEN_WEEKLY_OHLC,2026-10-08T06:02:32Z
xrp,2023-05,0.51683,KRAKEN_WEEKLY_OHLC,2026-10-08T06:02:32Z
xrp,2023-06,0.47763,KRAKEN_WEEKLY_OHLC,2026-10-08T06:02:32Z
xrp,2023-07,0.68421,KRAKEN_WEEKLY_OHLC,2026-10-08T06:02:32Z
xrp,2023-08,0.50335,KRAKEN_WEEKLY_OHLC,2026-10-08T06:02:32Z
xrp,2023-09,0.53255,KRAKEN_WEEKLY_OHLC,2026-10-08T06:02:32Z
xrp,2023-10,0.60885,KRAKEN_WEEKLY_OHLC,2026-10-08T06:02:32Z
xrp,2023-11,0.64022,KRAKEN_WEEKLY_OHLC,2026-10-08T06:02:32Z
xrp,2023-12,0.58252,KRAKEN_WEEKLY_OHLC,2026-10-08T06:02:32Z
xrp,2024-01,0.50296,KRAKEN_WEEKLY_OHLC,2026-10-08T06:02:32Z
xrp,2024-02,0.61254,KRAKEN_WEEKLY_OHLC,2026-10-08T06:02:32Z
xrp,2024-03,0.57425,KRAKEN_WEEKLY_OHLC,2026-10-08T06:02:32Z
xrp,2024-04,0.51673,KRAKEN_WEEKLY_OHLC,2026-10-08T06:02:32Z
xrp,2024-05,0.52562,KRAKEN_WEEKLY_OHLC,2026-10-08T06:02:32Z
xrp,2024-06,0.46689,KRAKEN_WEEKLY_OHLC,2026-10-08T06:02:32Z
xrp,2024-07,0.62281,KRAKEN_WEEKLY_OHLC,2026-10-08T06:02:32Z
xrp,2024-08,0.5579,KRAKEN_WEEKLY_OHLC,2026-10-08T06:02:32Z
xrp,2024-09,0.53838,KRAKEN_WEEKLY_OHLC,2026-10-08T06:02:32Z
xrp,2024-10,0.54234,KRAKEN_WEEKLY_OHLC,2026-10-08T06:02:32Z
xrp,2024-11,2.36257,KRAKEN_WEEKLY_OHLC,2026-10-08T06:02:32Z
xrp,2024-12,2.327,KRAKEN_WEEKLY_OHLC,2026-10-08T06:02:32Z
xrp,2025-01,2.38059,KRAKEN_WEEKLY_OHLC,2026-10-08T06:02:32Z
xrp,2025-02,2.50028,KRAKEN_WEEKLY_OHLC,2026-10-08T06:02:32Z
xrp,2025-03,2.02231,KRAKEN_WEEKLY_OHLC,2026-10-08T06:02:32Z
xrp,2025-04,2.19113,KRAKEN_WEEKLY_OHLC,2026-10-08T06:02:32Z
xrp,2025-05,2.20198,KRAKEN_WEEKLY_OHLC,2026-10-08T06:02:32Z
xrp,2025-06,2.23432,KRAKEN_WEEKLY_OHLC,2026-10-08T06:02:32Z
xrp,2025-07,2.99115,KRAKEN_WEEKLY_OHLC,2026-10-08T06:02:32Z
xrp,2025-08,2.8445,KRAKEN_WEEKLY_OHLC,2026-10-08T06:02:32Z
xrp,2025-09,2.94802,KRAKEN_WEEKLY_OHLC,2026-10-08T06:02:32Z
xrp,2025-10,2.34307,KRAKEN_WEEKLY_OHLC,2026-10-08T06:02:32Z
xrp,2025-11,2.19844,KRAKEN_WEEKLY_OHLC,2026-10-08T06:02:32Z
xrp,2025-12,1.83915,KRAKEN_WEEKLY_OHLC,2026-10-08T06:02:32Z
xrp,2026-01,1.5087,KRAKEN_WEEKLY_OHLC,2026-10-08T06:02:32Z
xrp,2026-02,1.43095,KRAKEN_WEEKLY_OHLC,2026-10-08T06:02:32Z
xrp,2026-03,1.34753,KRAKEN_WEEKLY_OHLC,2026-10-08T06:02:32Z
xrp,2026-04,1.42468,KRAKEN_WEEKLY_OHLC,2026-10-08T06:02:32Z
xrp,2026-05,1.19959,KRAKEN_WEEKLY_OHLC,2026-10-08T06:02:32Z
xrp,2026-06,1.05162,KRAKEN_WEEKLY_OHLC,2026-10-08T06:02:32Z
xrp,2026-07,1.06121,KRAKEN_WEEKLY_OHLC,2026-10-08T06:02:32Z
xrp,2026-08,1.35075,KRAKEN_WEEKLY_OHLC,2026-10-08T06:02:32Z
xrp,2026-09,1.48893,KRAKEN_WEEKLY_OHLC,2026-10-08T06:02:32Z
xrp,2026-10,1.39878,KRAKEN_WEEKLY_OHLC,2026-10-08T06:02:32Z
