contract_version,platform_id,run_id,universal_asset_id,forecast_origin_date,forecast_horizon_months,forecast_date,current_value,forecast_value_base,forecast_value_bear,forecast_value_bull,expected_total_return,expected_cagr,probability_positive_return,forecast_confidence,forecast_method,scenario_name,model_version,generated_at_utc
1.0.0,crypto,crypto-prod-20260816T020351Z-df80b5bc,crypto:avalanche,2026-08-16,1,2026-08-23,6.34,6.452778532584952,5.533923786987205,7.415462812945397,0.017788412079645335,1.5077487948446646,,23.625125636575458,CALIBRATED_ENSEMBLE,7D,12.0.1,2026-08-16T02:26:04.149340Z
1.0.0,crypto,crypto-prod-20260816T020351Z-df80b5bc,crypto:avalanche,2026-08-16,1,2026-08-23,6.34,6.474693299966301,5.533923786987205,7.415462812945397,0.021244999994684675,0.2869430205649981,0.4918518518518519,38.20811275042839,EVIDENCE_SHRINKAGE,NEUTRAL_7D,10.1.1,2026-08-16T02:26:04.149340Z
1.0.0,crypto,crypto-prod-20260816T020351Z-df80b5bc,crypto:avalanche,2026-08-16,1,2026-09-15,6.34,6.548065517514148,4.699032719252526,8.366112338851435,0.03281790497068578,0.48122963456320433,,7.037284511996765,CALIBRATED_ENSEMBLE,30D,12.0.1,2026-08-16T02:26:04.149340Z
1.0.0,crypto,crypto-prod-20260816T020351Z-df80b5bc,crypto:avalanche,2026-08-16,1,2026-09-15,6.34,6.532572529051981,4.699032719252526,8.366112338851435,0.03037421593879832,0.43198935155017937,0.5071428571428571,11.495112607963929,EVIDENCE_SHRINKAGE,POSITIVE_30D,10.1.1,2026-08-16T02:26:04.149340Z
1.0.0,crypto,crypto-prod-20260816T020351Z-df80b5bc,crypto:avalanche,2026-08-16,3,2026-11-14,6.34,4.416475289450836,3.70083959634546,5.132110982556213,-0.3033950647553886,-0.7645242504779988,0.549,68.76947647877543,EVIDENCE_SHRINKAGE,NEGATIVE_90D,10.1.1,2026-08-16T02:26:04.149340Z
1.0.0,crypto,crypto-prod-20260816T020351Z-df80b5bc,crypto:avalanche,2026-08-16,3,2026-11-15,6.34,6.164512631722517,4.0217491518854995,9.448927457061941,-0.027679395627363212,-0.10648058386240343,,27.7863417022129,LONG_RANGE_SCENARIO_MODEL,M03,12.0.1,2026-08-16T02:26:04.149340Z
1.0.0,crypto,crypto-prod-20260816T020351Z-df80b5bc,crypto:avalanche,2026-08-16,6,2027-02-12,6.34,3.359944745334793,2.738037105352803,3.981852385316783,-0.47004026098820295,-0.7191426750265479,0.549,93.90978503740737,EVIDENCE_SHRINKAGE,NEGATIVE_180D,10.1.1,2026-08-16T02:26:04.149340Z
1.0.0,crypto,crypto-prod-20260816T020351Z-df80b5bc,crypto:avalanche,2026-08-16,6,2027-02-15,6.34,5.9920340710786535,3.269948849190463,10.980132706924836,-0.054884215918193376,-0.10648058386240367,,24.49618024504856,LONG_RANGE_SCENARIO_MODEL,M06,12.0.1,2026-08-16T02:26:04.149340Z
1.0.0,crypto,crypto-prod-20260816T020351Z-df80b5bc,crypto:avalanche,2026-08-16,9,2027-05-17,6.34,5.826178189412628,2.776697627632611,12.224720458211388,-0.08104444961945922,-0.10648058386240355,,21.62520781650953,LONG_RANGE_SCENARIO_MODEL,M09,12.0.1,2026-08-16T02:26:04.149340Z
1.0.0,crypto,crypto-prod-20260816T020351Z-df80b5bc,crypto:avalanche,2026-08-16,12,2027-08-16,6.34,5.664913098312361,2.4083327686360656,13.325085648195326,-0.10648058386240355,-0.10648058386240355,,19.090715712779396,LONG_RANGE_SCENARIO_MODEL,M12,12.0.1,2026-08-16T02:26:04.149340Z
1.0.0,crypto,crypto-prod-20260816T020351Z-df80b5bc,crypto:avalanche,2026-08-16,15,2027-11-16,6.34,5.506412967687037,2.114481632886481,14.339487891091913,-0.13148060446576704,-0.10648058386240355,,16.830197300495346,LONG_RANGE_SCENARIO_MODEL,M15,12.0.1,2026-08-16T02:26:04.149340Z
1.0.0,crypto,crypto-prod-20260816T020351Z-df80b5bc,crypto:avalanche,2026-08-16,18,2028-02-15,6.34,5.353998784666785,1.87718171949521,15.270393211543604,-0.15552069642479738,-0.10648058386240355,,14.85768436446888,LONG_RANGE_SCENARIO_MODEL,M18,12.0.1,2026-08-16T02:26:04.149340Z
1.0.0,crypto,crypto-prod-20260816T020351Z-df80b5bc,crypto:avalanche,2026-08-16,21,2028-05-16,6.34,5.2058033341175705,1.6787036711207735,16.143640369485965,-0.17889537316757564,-0.10648058386240355,,13.116351563370321,LONG_RANGE_SCENARIO_MODEL,M21,12.0.1,2026-08-16T02:26:04.149340Z
1.0.0,crypto,crypto-prod-20260816T020351Z-df80b5bc,crypto:avalanche,2026-08-16,24,2028-08-15,6.34,5.061709844074284,1.5099055383057194,16.96854928709513,-0.20162305298512873,-0.10648058386240355,,11.579104395658426,LONG_RANGE_SCENARIO_MODEL,M24,12.0.1,2026-08-16T02:26:04.149340Z
1.0.0,crypto,crypto-prod-20260816T020351Z-df80b5bc,crypto:avalanche,2026-08-16,27,2028-11-15,6.34,4.920086899900211,1.3630232365590835,17.759972429875997,-0.223961056798074,-0.10648058386240355,,10.208030671763224,LONG_RANGE_SCENARIO_MODEL,M27,12.0.1,2026-08-16T02:26:04.149340Z
1.0.0,crypto,crypto-prod-20260816T020351Z-df80b5bc,crypto:avalanche,2026-08-16,30,2029-02-14,6.34,4.783901868076866,1.2367019332953242,18.505442958601915,-0.24544134572920095,-0.10648058386240355,,9.01164109938339,LONG_RANGE_SCENARIO_MODEL,M30,12.0.1,2026-08-16T02:26:04.149340Z
1.0.0,crypto,crypto-prod-20260816T020351Z-df80b5bc,crypto:avalanche,2026-08-16,33,2029-05-16,6.34,4.651486355627884,1.125875917993429,19.217326679438447,-0.2663270732448132,-0.10648058386240355,,7.9554693667538325,LONG_RANGE_SCENARIO_MODEL,M33,12.0.1,2026-08-16T02:26:04.149340Z
1.0.0,crypto,crypto-prod-20260816T020351Z-df80b5bc,crypto:avalanche,2026-08-16,36,2029-08-16,6.34,4.521341165017887,1.0269680463891504,19.905707877048183,-0.2868547058331409,-0.10648058386240355,,7.013467754427134,LONG_RANGE_SCENARIO_MODEL,M36,12.0.1,2026-08-16T02:26:04.149340Z
1.0.0,crypto,crypto-prod-20260816T020351Z-df80b5bc,crypto:avalanche,2026-08-16,39,2029-11-15,6.34,4.396193174145074,0.9401038897756634,20.557849653203355,-0.30659413657017764,-0.10648058386240355,,6.191483577711344,LONG_RANGE_SCENARIO_MODEL,M39,12.0.1,2026-08-16T02:26:04.149340Z
1.0.0,crypto,crypto-prod-20260816T020351Z-df80b5bc,crypto:avalanche,2026-08-16,42,2030-02-14,6.34,4.274509204023598,0.862543271770253,21.183202667366267,-0.3257871917943851,-0.10648058386240355,,5.465836621102488,LONG_RANGE_SCENARIO_MODEL,M42,12.0.1,2026-08-16T02:26:04.149340Z
1.0.0,crypto,crypto-prod-20260816T020351Z-df80b5bc,crypto:avalanche,2026-08-16,45,2030-05-17,6.34,4.154911558757207,0.7922673090326618,21.789729128382536,-0.34465117369760134,-0.10648058386240355,,4.8186306961686345,LONG_RANGE_SCENARIO_MODEL,M45,12.0.1,2026-08-16T02:26:04.149340Z
1.0.0,crypto,crypto-prod-20260816T020351Z-df80b5bc,crypto:avalanche,2026-08-16,48,2030-08-16,6.34,4.039906117925662,0.729731957473355,22.365529252909443,-0.3627908331347535,-0.10648058386240355,,4.253883223965971,LONG_RANGE_SCENARIO_MODEL,M48,12.0.1,2026-08-16T02:26:04.149340Z
1.0.0,crypto,crypto-prod-20260816T020351Z-df80b5bc,crypto:bitcoin,2026-08-16,1,2026-08-23,63024.0,63656.89245935286,56930.19832477175,69871.74186257205,0.010042086496459468,0.6837297421495152,,20.26630014287251,CALIBRATED_ENSEMBLE,7D,12.0.1,2026-08-16T02:26:04.149340Z
1.0.0,crypto,crypto-prod-20260816T020351Z-df80b5bc,crypto:bitcoin,2026-08-16,1,2026-08-23,63024.0,63400.9700936719,56930.19832477175,69871.74186257205,0.005981373661968416,0.07418547328967007,0.49703703703703705,32.42565178669837,EVIDENCE_SHRINKAGE,NEUTRAL_7D,10.1.1,2026-08-16T02:26:04.149340Z
1.0.0,crypto,crypto-prod-20260816T020351Z-df80b5bc,crypto:bitcoin,2026-08-16,1,2026-09-15,63024.0,56677.822907168185,38326.43965508289,68728.46066013195,-0.10069460987610775,-0.7250813369416129,,43.693419288800875,CALIBRATED_ENSEMBLE,30D,12.0.1,2026-08-16T02:26:04.149340Z
1.0.0,crypto,crypto-prod-20260816T020351Z-df80b5bc,crypto:bitcoin,2026-08-16,1,2026-09-15,63024.0,53527.45015760742,38326.43965508289,68728.46066013195,-0.15068148391712022,-0.8591207251691679,0.4857142857142857,71.65398701887327,EVIDENCE_SHRINKAGE,NEGATIVE_30D,10.1.1,2026-08-16T02:26:04.149340Z
1.0.0,crypto,crypto-prod-20260816T020351Z-df80b5bc,crypto:bitcoin,2026-08-16,3,2026-11-14,63024.0,49371.282837348524,41540.68327996969,57201.882394727356,-0.21662727155768402,-0.6234056556736113,0.5213140096618357,78.85215897668827,EVIDENCE_SHRINKAGE,NEGATIVE_90D,10.1.1,2026-08-16T02:26:04.149340Z
1.0.0,crypto,crypto-prod-20260816T020351Z-df80b5bc,crypto:bitcoin,2026-08-16,3,2026-11-15,63024.0,63588.5979536244,51005.07857683171,79276.61132051247,0.008958459533263463,0.036419815028810865,,27.31645328459636,LONG_RANGE_SCENARIO_MODEL,M03,12.0.1,2026-08-16T02:26:04.149340Z
1.0.0,crypto,crypto-prod-20260816T020351Z-df80b5bc,crypto:bitcoin,2026-08-16,6,2027-02-12,63024.0,41830.06045082114,35672.3798412899,47987.74106035238,-0.3362836308260164,-0.5594805812905044,0.5471631205673759,93.23317344606149,EVIDENCE_SHRINKAGE,NEGATIVE_180D,10.1.1,2026-08-16T02:26:04.149340Z
1.0.0,crypto,crypto-prod-20260816T020351Z-df80b5bc,crypto:bitcoin,2026-08-16,6,2027-02-15,63024.0,64164.54205446617,46934.28494260141,87720.2765972546,0.018096948058932583,0.03641981502881064,,24.0819309891964,LONG_RANGE_SCENARIO_MODEL,M06,12.0.1,2026-08-16T02:26:04.149340Z
1.0.0,crypto,crypto-prod-20260816T020351Z-df80b5bc,crypto:bitcoin,2026-08-16,9,2027-05-17,63024.0,64739.35750793149,44156.39285661057,94916.8204058206,0.027217528369057664,0.036419815028810865,,21.259508913414294,LONG_RANGE_SCENARIO_MODEL,M09,12.0.1,2026-08-16T02:26:04.149340Z
1.0.0,crypto,crypto-prod-20260816T020351Z-df80b5bc,crypto:bitcoin,2026-08-16,12,2027-08-16,63024.0,65319.322422375764,41999.788319105006,101586.55680122723,0.03641981502881064,0.03641981502881064,,18.767877021253092,LONG_RANGE_SCENARIO_MODEL,M12,12.0.1,2026-08-16T02:26:04.149340Z
1.0.0,crypto,crypto-prod-20260816T020351Z-df80b5bc,crypto:bitcoin,2026-08-16,15,2027-11-16,63024.0,65910.9422981212,40211.33569527393,108035.51385478712,0.04580703062517766,0.03641981502881064,,16.545585714614134,LONG_RANGE_SCENARIO_MODEL,M15,12.0.1,2026-08-16T02:26:04.149340Z
1.0.0,crypto,crypto-prod-20260816T020351Z-df80b5bc,crypto:bitcoin,2026-08-16,18,2028-02-15,63024.0,66501.40280749816,38710.087743264514,114245.0671952977,0.0551758505886355,0.03641981502881064,,14.606429490031402,LONG_RANGE_SCENARIO_MODEL,M18,12.0.1,2026-08-16T02:26:04.149340Z
1.0.0,crypto,crypto-prod-20260816T020351Z-df80b5bc,crypto:bitcoin,2026-08-16,21,2028-05-16,63024.0,67097.15293345439,37405.38067075278,120357.7627348008,0.06462860074661059,0.03641981502881064,,12.894543966419784,LONG_RANGE_SCENARIO_MODEL,M21,12.0.1,2026-08-16T02:26:04.149340Z
1.0.0,crypto,crypto-prod-20260816T020351Z-df80b5bc,crypto:bitcoin,2026-08-16,24,2028-08-15,63024.0,67698.24006280593,36252.57813263319,126420.02151774726,0.07416603298435409,0.03641981502881064,,11.383292831106212,LONG_RANGE_SCENARIO_MODEL,M24,12.0.1,2026-08-16T02:26:04.149340Z
1.0.0,crypto,crypto-prod-20260816T020351Z-df80b5bc,crypto:bitcoin,2026-08-16,27,2028-11-15,63024.0,68311.40662499338,35210.325326502636,132530.67762974565,0.08389512923637632,0.03641981502881064,,10.035405018816835,LONG_RANGE_SCENARIO_MODEL,M27,12.0.1,2026-08-16T02:26:04.149340Z
1.0.0,crypto,crypto-prod-20260816T020351Z-df80b5bc,crypto:bitcoin,2026-08-16,30,2029-02-14,63024.0,68923.37159690369,34279.1150045024,138580.91586264476,0.09360515988994166,0.03641981502881064,,8.85924731463481,LONG_RANGE_SCENARIO_MODEL,M30,12.0.1,2026-08-16T02:26:04.149340Z
1.0.0,crypto,crypto-prod-20260816T020351Z-df80b5bc,crypto:bitcoin,2026-08-16,33,2029-05-16,63024.0,69540.81883225062,33430.65473819671,144655.42244778533,0.10340217746018364,0.03641981502881064,,7.820936258646148,LONG_RANGE_SCENARIO_MODEL,M33,12.0.1,2026-08-16T02:26:04.149340Z
1.0.0,crypto,crypto-prod-20260816T020351Z-df80b5bc,crypto:bitcoin,2026-08-16,36,2029-08-16,63024.0,70170.67427273936,32644.202017647087,150836.0818631458,0.11339607566545062,0.03641981502881064,,6.894864618380982,LONG_RANGE_SCENARIO_MODEL,M36,12.0.1,2026-08-16T02:26:04.149340Z
1.0.0,crypto,crypto-prod-20260816T020351Z-df80b5bc,crypto:bitcoin,2026-08-16,39,2029-11-15,63024.0,70799.2954186335,31926.92355722241,157000.41448688274,0.12337038935379387,0.03641981502881064,,6.086780826546447,LONG_RANGE_SCENARIO_MODEL,M39,12.0.1,2026-08-16T02:26:04.149340Z
1.0.0,crypto,crypto-prod-20260816T020351Z-df80b5bc,crypto:bitcoin,2026-08-16,42,2030-02-14,63024.0,71433.54804162489,31262.033676309347,163225.20276990303,0.13343405752768622,0.03641981502881064,,5.373405118302828,LONG_RANGE_SCENARIO_MODEL,M42,12.0.1,2026-08-16T02:26:04.149340Z
1.0.0,crypto,crypto-prod-20260816T020351Z-df80b5bc,crypto:bitcoin,2026-08-16,45,2030-05-17,63024.0,72080.54659043354,30636.55512887067,169588.4271231111,0.14369996494087234,0.03641981502881064,,4.737143943534305,LONG_RANGE_SCENARIO_MODEL,M45,12.0.1,2026-08-16T02:26:04.149340Z
1.0.0,crypto,crypto-prod-20260816T020351Z-df80b5bc,crypto:bitcoin,2026-08-16,48,2030-08-16,63024.0,72726.27725019945,30058.747110358978,175959.14371461346,0.15394575479499006,0.03641981502881064,,4.181946785615912,LONG_RANGE_SCENARIO_MODEL,M48,12.0.1,2026-08-16T02:26:04.149340Z
1.0.0,crypto,crypto-prod-20260816T020351Z-df80b5bc,crypto:chainlink,2026-08-16,1,2026-08-23,9.48,9.075589000081541,7.330011078192326,10.45218236456057,-0.04265938817705276,-0.897020136082071,,30.782960674192733,CALIBRATED_ENSEMBLE,7D,12.0.1,2026-08-16T02:26:04.149340Z
1.0.0,crypto,crypto-prod-20260816T020351Z-df80b5bc,crypto:chainlink,2026-08-16,1,2026-08-23,9.48,8.89109672137645,7.330011078192326,10.45218236456057,-0.0621205990109232,-0.5368048870434365,0.5077777777777778,49.54771161901685,EVIDENCE_SHRINKAGE,NEGATIVE_7D,10.1.1,2026-08-16T02:26:04.149340Z
1.0.0,crypto,crypto-prod-20260816T020351Z-df80b5bc,crypto:chainlink,2026-08-16,1,2026-09-15,9.48,8.141362466441416,3.4813303580138966,10.725227387409591,-0.14120649088170711,-0.8430914898805136,,32.431082082212555,CALIBRATED_ENSEMBLE,30D,12.0.1,2026-08-16T02:26:04.149340Z
1.0.0,crypto,crypto-prod-20260816T020351Z-df80b5bc,crypto:chainlink,2026-08-16,1,2026-09-15,9.48,7.103278872711744,3.4813303580138966,10.725227387409591,-0.25070897967175704,-0.9686811118814322,0.5,53.56609257257831,EVIDENCE_SHRINKAGE,NEGATIVE_30D,10.1.1,2026-08-16T02:26:04.149340Z
1.0.0,crypto,crypto-prod-20260816T020351Z-df80b5bc,crypto:chainlink,2026-08-16,3,2026-11-14,9.48,6.415473466599419,4.1723094528187845,8.658637480380055,-0.323262292552804,-0.7902598843123855,0.5449855072463768,61.25760240653455,EVIDENCE_SHRINKAGE,NEGATIVE_90D,10.1.1,2026-08-16T02:26:04.149340Z
1.0.0,crypto,crypto-prod-20260816T020351Z-df80b5bc,crypto:chainlink,2026-08-16,3,2026-11-15,9.48,9.695149454433693,6.2382885943839685,15.067581680723453,0.022695090130136375,0.0941875893536448,,25.10431736269808,LONG_RANGE_SCENARIO_MODEL,M03,12.0.1,2026-08-16T02:26:04.149340Z
1.0.0,crypto,crypto-prod-20260816T020351Z-df80b5bc,crypto:chainlink,2026-08-16,6,2027-02-12,9.48,5.348044172029268,3.5142988875473664,7.18178945651117,-0.43586031940619535,-0.6817464207795201,0.549,78.36193231742247,EVIDENCE_SHRINKAGE,NEGATIVE_180D,10.1.1,2026-08-16T02:26:04.149340Z
1.0.0,crypto,crypto-prod-20260816T020351Z-df80b5bc,crypto:chainlink,2026-08-16,6,2027-02-15,9.48,9.917627216321511,5.307114033591475,18.533487123011493,0.04616320847273325,0.09418758935364524,,22.13173254817416,LONG_RANGE_SCENARIO_MODEL,M06,12.0.1,2026-08-16T02:26:04.149340Z
1.0.0,crypto,crypto-prod-20260816T020351Z-df80b5bc,crypto:chainlink,2026-08-16,9,2027-05-17,9.48,10.142708659873023,4.719307731117775,21.79865031490482,0.06990597677985466,0.09418758935364524,,19.537875330192133,LONG_RANGE_SCENARIO_MODEL,M09,12.0.1,2026-08-16T02:26:04.149340Z
1.0.0,crypto,crypto-prod-20260816T020351Z-df80b5bc,crypto:chainlink,2026-08-16,12,2027-08-16,9.48,10.372898347072555,4.289397769214371,25.08441182371565,0.094187589353645,0.094187589353645,,17.24802030691549,LONG_RANGE_SCENARIO_MODEL,M12,12.0.1,2026-08-16T02:26:04.149340Z
1.0.0,crypto,crypto-prod-20260816T020351Z-df80b5bc,crypto:chainlink,2026-08-16,15,2027-11-16,9.48,10.610928634216936,3.950306931728307,28.502040075955474,0.1192962694321662,0.094187589353645,,15.205694180130624,LONG_RANGE_SCENARIO_MODEL,M15,12.0.1,2026-08-16T02:26:04.149340Z
1.0.0,crypto,crypto-prod-20260816T020351Z-df80b5bc,crypto:chainlink,2026-08-16,18,2028-02-15,9.48,10.851744615934935,3.677823035656666,32.019039542626345,0.14469879914925476,0.094187589353645,,13.423574343027633,LONG_RANGE_SCENARIO_MODEL,M18,12.0.1,2026-08-16T02:26:04.149340Z
1.0.0,crypto,crypto-prod-20260816T020351Z-df80b5bc,crypto:chainlink,2026-08-16,21,2028-05-16,9.48,11.0980259380628,3.449996246782096,35.70038078644146,0.17067784156780585,0.094187589353645,,11.85032041340462,LONG_RANGE_SCENARIO_MODEL,M21,12.0.1,2026-08-16T02:26:04.149340Z
1.0.0,crypto,crypto-prod-20260816T020351Z-df80b5bc,crypto:chainlink,2026-08-16,24,2028-08-15,9.48,11.349896636993728,3.2556344158504325,39.56837200247847,0.19724648069554096,0.094187589353645,,10.46145313549035,LONG_RANGE_SCENARIO_MODEL,M24,12.0.1,2026-08-16T02:26:04.149340Z
1.0.0,crypto,crypto-prod-20260816T020351Z-df80b5bc,crypto:chainlink,2026-08-16,27,2028-11-15,9.48,11.610346423077393,3.0855093288757764,43.68813369071266,0.22472008682250988,0.094187589353645,,9.222719722463179,LONG_RANGE_SCENARIO_MODEL,M27,12.0.1,2026-08-16T02:26:04.149340Z
1.0.0,crypto,crypto-prod-20260816T020351Z-df80b5bc,crypto:chainlink,2026-08-16,30,2029-02-14,9.48,11.873844281591243,2.938004740515945,47.987729930863914,0.2525152195771352,0.094187589353645,,8.141809401978131,LONG_RANGE_SCENARIO_MODEL,M30,12.0.1,2026-08-16T02:26:04.149340Z
1.0.0,crypto,crypto-prod-20260816T020351Z-df80b5bc,crypto:chainlink,2026-08-16,33,2029-05-16,9.48,12.143322247753161,2.8073025502903417,52.52738975267412,0.28094116537480596,0.094187589353645,,7.187582658148392,LONG_RANGE_SCENARIO_MODEL,M33,12.0.1,2026-08-16T02:26:04.149340Z
1.0.0,crypto,crypto-prod-20260816T020351Z-df80b5bc,crypto:chainlink,2026-08-16,36,2029-08-16,9.48,12.421979030535109,2.6893014396631547,57.37756309474229,0.3103353407737457,0.094187589353645,,6.336505978624964,LONG_RANGE_SCENARIO_MODEL,M36,12.0.1,2026-08-16T02:26:04.149340Z
1.0.0,crypto,crypto-prod-20260816T020351Z-df80b5bc,crypto:chainlink,2026-08-16,39,2029-11-15,9.48,12.703896964227768,2.5843250143255854,62.4491877697636,0.3400735194333089,0.094187589353645,,5.593862277610307,LONG_RANGE_SCENARIO_MODEL,M39,12.0.1,2026-08-16T02:26:04.149340Z
1.0.0,crypto,crypto-prod-20260816T020351Z-df80b5bc,crypto:chainlink,2026-08-16,42,2030-02-14,9.48,12.992213050834884,2.4892747203952976,67.8099522625125,0.3704866087378569,0.094187589353645,,4.9382570278363165,LONG_RANGE_SCENARIO_MODEL,M42,12.0.1,2026-08-16T02:26:04.149340Z
1.0.0,crypto,crypto-prod-20260816T020351Z-df80b5bc,crypto:chainlink,2026-08-16,45,2030-05-17,9.48,13.290349608203538,2.401847649568851,73.5406314134799,0.40193561267969796,0.094187589353645,,4.353521436779218,LONG_RANGE_SCENARIO_MODEL,M45,12.0.1,2026-08-16T02:26:04.149340Z
1.0.0,crypto,crypto-prod-20260816T020351Z-df80b5bc,crypto:chainlink,2026-08-16,48,2030-08-16,9.48,13.591975290422742,2.322802831943058,79.53399649548527,0.4337526677661118,0.094187589353645,,3.843285151488445,LONG_RANGE_SCENARIO_MODEL,M48,12.0.1,2026-08-16T02:26:04.149340Z
1.0.0,crypto,crypto-prod-20260816T020351Z-df80b5bc,crypto:ethereum,2026-08-16,1,2026-08-23,1878.74,1802.0607007223505,1433.0185884763885,2103.5148948689707,-0.04081421552617685,-0.8861437621051177,,33.168087252747455,CALIBRATED_ENSEMBLE,7D,12.0.1,2026-08-16T02:26:04.149340Z
1.0.0,crypto,crypto-prod-20260816T020351Z-df80b5bc,crypto:ethereum,2026-08-16,1,2026-08-23,1878.74,1768.2667416726795,1433.0185884763885,2103.5148948689707,-0.05880178115509357,-0.5167485569334453,0.4992592592592593,53.381317957100926,EVIDENCE_SHRINKAGE,NEGATIVE_7D,10.1.1,2026-08-16T02:26:04.149340Z
1.0.0,crypto,crypto-prod-20260816T020351Z-df80b5bc,crypto:ethereum,2026-08-16,1,2026-09-15,1878.74,1397.6389322867624,415.992885887842,2000.3065970739708,-0.2560764489568741,-0.972651863144921,,38.102111141303034,CALIBRATED_ENSEMBLE,30D,12.0.1,2026-08-16T02:26:04.149340Z
1.0.0,crypto,crypto-prod-20260816T020351Z-df80b5bc,crypto:ethereum,2026-08-16,1,2026-09-15,1878.74,1208.1497414809066,415.992885887842,2000.3065970739708,-0.3569361691980229,-0.9949990904469166,0.4992063492063492,62.55895328449013,EVIDENCE_SHRINKAGE,NEGATIVE_30D,10.1.1,2026-08-16T02:26:04.149340Z
1.0.0,crypto,crypto-prod-20260816T020351Z-df80b5bc,crypto:ethereum,2026-08-16,3,2026-11-14,1878.74,1351.2398144602669,1069.295583264313,1633.1840456562202,-0.2807733829799404,-0.7324142355375654,0.5449855072463768,68.921566302223,EVIDENCE_SHRINKAGE,NEGATIVE_90D,10.1.1,2026-08-16T02:26:04.149340Z
1.0.0,crypto,crypto-prod-20260816T020351Z-df80b5bc,crypto:ethereum,2026-08-16,3,2026-11-15,1878.74,1892.731456663354,1342.0919634641252,2669.2897838358467,0.007447255428294497,0.030207440890646975,,17.655983586159852,LONG_RANGE_SCENARIO_MODEL,M03,12.0.1,2026-08-16T02:26:04.149340Z
1.0.0,crypto,crypto-prod-20260816T020351Z-df80b5bc,crypto:ethereum,2026-08-16,6,2027-02-12,1878.74,1055.5157024449256,643.7222804054711,1467.3091244843797,-0.43817893777482486,-0.6843570940401759,0.5478723404255319,84.55183053759833,EVIDENCE_SHRINKAGE,NEGATIVE_180D,10.1.1,2026-08-16T02:26:04.149340Z
1.0.0,crypto,crypto-prod-20260816T020351Z-df80b5bc,crypto:ethereum,2026-08-16,6,2027-02-15,1878.74,1906.9825902735297,1171.1589500215975,3105.11446762993,0.01503272952805057,0.03020744089064742,,15.565350810313616,LONG_RANGE_SCENARIO_MODEL,M06,12.0.1,2026-08-16T02:26:04.149340Z
1.0.0,crypto,crypto-prod-20260816T020351Z-df80b5bc,crypto:ethereum,2026-08-16,9,2027-05-17,1878.74,1921.1843767206078,1058.0081374342658,3488.583195877989,0.0225919375329251,0.03020744089064742,,13.741078920985855,LONG_RANGE_SCENARIO_MODEL,M09,12.0.1,2026-08-16T02:26:04.149340Z
1.0.0,crypto,crypto-prod-20260816T020351Z-df80b5bc,crypto:ethereum,2026-08-16,12,2027-08-16,1878.74,1935.491927498895,972.2277522050231,3853.139342008214,0.03020744089064742,0.03020744089064742,,12.13061319425267,LONG_RANGE_SCENARIO_MODEL,M12,12.0.1,2026-08-16T02:26:04.149340Z
1.0.0,crypto,crypto-prod-20260816T020351Z-df80b5bc,crypto:ethereum,2026-08-16,15,2027-11-16,1878.74,1950.065021829365,902.5185851423167,4213.490616110374,0.037964285547422705,0.03020744089064742,,10.694235695867524,LONG_RANGE_SCENARIO_MODEL,M15,12.0.1,2026-08-16T02:26:04.149340Z
1.0.0,crypto,crypto-prod-20260816T020351Z-df80b5bc,crypto:ethereum,2026-08-16,18,2028-02-15,1878.74,1964.5876541487114,845.0392993239968,4567.367048989427,0.04569427070734178,0.03020744089064742,,9.44086249563809,LONG_RANGE_SCENARIO_MODEL,M18,12.0.1,2026-08-16T02:26:04.149340Z
1.0.0,crypto,crypto-prod-20260816T020351Z-df80b5bc,crypto:ethereum,2026-08-16,21,2028-05-16,1878.74,1979.2184402204307,795.8763770121019,4922.002646711336,0.053481823041203524,0.03020744089064742,,8.334385663108911,LONG_RANGE_SCENARIO_MODEL,M21,12.0.1,2026-08-16T02:26:04.149340Z
1.0.0,crypto,crypto-prod-20260816T020351Z-df80b5bc,crypto:ethereum,2026-08-16,24,2028-08-15,1878.74,1993.958185493143,753.0662232622677,5279.5745217090225,0.06132737126645682,0.03020744089064742,,7.357588823428847,LONG_RANGE_SCENARIO_MODEL,M24,12.0.1,2026-08-16T02:26:04.149340Z
1.0.0,crypto,crypto-prod-20260816T020351Z-df80b5bc,crypto:ethereum,2026-08-16,27,2028-11-15,1878.74,2008.9714957091944,714.8813797588133,5645.64497670046,0.06931853034969948,0.03020744089064742,,6.486381831736924,LONG_RANGE_SCENARIO_MODEL,M27,12.0.1,2026-08-16T02:26:04.149340Z
1.0.0,crypto,crypto-prod-20260816T020351Z-df80b5bc,crypto:ethereum,2026-08-16,30,2029-02-14,1878.74,2023.9328195859039,681.1913845293263,6013.4407909860965,0.0772820185794223,0.03020744089064742,,5.726172557735629,LONG_RANGE_SCENARIO_MODEL,M30,12.0.1,2026-08-16T02:26:04.149340Z
1.0.0,crypto,crypto-prod-20260816T020351Z-df80b5bc,crypto:ethereum,2026-08-16,33,2029-05-16,1878.74,2039.005564263069,650.8524343162112,6387.843805890797,0.08530481294009216,0.03020744089064742,,5.055060434544963,LONG_RANGE_SCENARIO_MODEL,M33,12.0.1,2026-08-16T02:26:04.149340Z
1.0.0,crypto,crypto-prod-20260816T020351Z-df80b5bc,crypto:ethereum,2026-08-16,36,2029-08-16,1878.74,2054.3580542456834,623.0401904027219,6773.859985366482,0.09347650779015915,0.03020744089064742,,4.456494233077293,LONG_RANGE_SCENARIO_MODEL,M36,12.0.1,2026-08-16T02:26:04.149340Z
1.0.0,crypto,crypto-prod-20260816T020351Z-df80b5bc,crypto:ethereum,2026-08-16,39,2029-11-15,1878.74,2069.6573834168257,597.9378700292795,7163.757138383009,0.10161990664851217,0.03020744089064742,,3.934189451551436,LONG_RANGE_SCENARIO_MODEL,M39,12.0.1,2026-08-16T02:26:04.149340Z
1.0.0,crypto,crypto-prod-20260816T020351Z-df80b5bc,crypto:ethereum,2026-08-16,42,2030-02-14,1878.74,2085.0706506001866,574.8967400976234,7562.2617328740325,0.10982395147821755,0.03020744089064742,,3.4730992190717687,LONG_RANGE_SCENARIO_MODEL,M42,12.0.1,2026-08-16T02:26:04.149340Z
1.0.0,crypto,crypto-prod-20260816T020351Z-df80b5bc,crypto:ethereum,2026-08-16,45,2030-05-17,1878.74,2100.7699830774636,553.423919972566,7974.419540843224,0.11818026074787547,0.03020744089064742,,3.0618519483816704,LONG_RANGE_SCENARIO_MODEL,M45,12.0.1,2026-08-16T02:26:04.149340Z
1.0.0,crypto,crypto-prod-20260816T020351Z-df80b5bc,crypto:ethereum,2026-08-16,48,2030-08-16,1878.74,2116.4149537375356,533.7640808622245,8391.74537403919,0.12650763476454197,0.03020744089064742,,3.0,LONG_RANGE_SCENARIO_MODEL,M48,12.0.1,2026-08-16T02:26:04.149340Z
1.0.0,crypto,crypto-prod-20260816T020351Z-df80b5bc,crypto:solana,2026-08-16,1,2026-08-23,75.36,73.9731810142132,58.6158744453673,86.46106856596,-0.018402587391013834,-0.6203488782442346,,29.240222830883777,CALIBRATED_ENSEMBLE,7D,12.0.1,2026-08-16T02:26:04.149340Z
1.0.0,crypto,crypto-prod-20260816T020351Z-df80b5bc,crypto:solana,2026-08-16,1,2026-08-23,75.36,72.53847150566365,58.6158744453673,86.46106856596,-0.03744066473376259,-0.3673986362234458,0.51,47.075356767041434,EVIDENCE_SHRINKAGE,NEGATIVE_7D,10.1.1,2026-08-16T02:26:04.149340Z
1.0.0,crypto,crypto-prod-20260816T020351Z-df80b5bc,crypto:solana,2026-08-16,1,2026-09-15,75.36,64.05791072655565,34.308728343259396,84.25670936961072,-0.14997464534825317,-0.8615091095040923,,26.785734185664857,CALIBRATED_ENSEMBLE,30D,12.0.1,2026-08-16T02:26:04.149340Z
1.0.0,crypto,crypto-prod-20260816T020351Z-df80b5bc,crypto:solana,2026-08-16,1,2026-09-15,75.36,59.282718856435054,34.308728343259396,84.25670936961072,-0.21333971793477902,-0.9438374676280322,0.5142857142857143,43.79850330155636,EVIDENCE_SHRINKAGE,NEGATIVE_30D,10.1.1,2026-08-16T02:26:04.149340Z
1.0.0,crypto,crypto-prod-20260816T020351Z-df80b5bc,crypto:solana,2026-08-16,3,2026-11-14,75.36,46.40382945228535,26.644413905677872,66.16324499889282,-0.38423793189642585,-0.8562354766730877,0.549,57.97265035493007,EVIDENCE_SHRINKAGE,NEGATIVE_90D,10.1.1,2026-08-16T02:26:04.149340Z
1.0.0,crypto,crypto-prod-20260816T020351Z-df80b5bc,crypto:solana,2026-08-16,3,2026-11-15,75.36,75.33557669785296,51.407785353885465,110.40057604755633,-0.00032408840428665986,-0.0012992809201122224,,17.655983586159852,LONG_RANGE_SCENARIO_MODEL,M03,12.0.1,2026-08-16T02:26:04.149340Z
1.0.0,crypto,crypto-prod-20260816T020351Z-df80b5bc,crypto:solana,2026-08-16,6,2027-02-12,75.36,42.39777435156264,24.651737895628575,60.14381080749669,-0.43739683716079303,-0.6834776811633207,0.549,85.19367904426134,EVIDENCE_SHRINKAGE,NEGATIVE_180D,10.1.1,2026-08-16T02:26:04.149340Z
1.0.0,crypto,crypto-prod-20260816T020351Z-df80b5bc,crypto:solana,2026-08-16,6,2027-02-15,75.36,75.31089305401974,43.802116471805796,129.485309602442,-0.0006516314487826635,-0.0012992809201124444,,15.565350810313616,LONG_RANGE_SCENARIO_MODEL,M06,12.0.1,2026-08-16T02:26:04.149340Z
1.0.0,crypto,crypto-prod-20260816T020351Z-df80b5bc,crypto:solana,2026-08-16,9,2027-05-17,75.36,75.28648566686445,38.790056638554624,146.12133663226814,-0.000975508666872904,-0.0012992809201123334,,13.741078920985855,LONG_RANGE_SCENARIO_MODEL,M09,12.0.1,2026-08-16T02:26:04.149340Z
1.0.0,crypto,crypto-prod-20260816T020351Z-df80b5bc,crypto:solana,2026-08-16,12,2027-08-16,75.36,75.26208618986033,35.00887504435096,161.79844712159553,-0.0012992809201124444,-0.0012992809201124444,,12.13061319425267,LONG_RANGE_SCENARIO_MODEL,M12,12.0.1,2026-08-16T02:26:04.149340Z
1.0.0,crypto,crypto-prod-20260816T020351Z-df80b5bc,crypto:solana,2026-08-16,15,2027-11-16,75.36,75.2374266251356,31.951866795308703,177.1624300212651,-0.0016265044435297416,-0.0012992809201124444,,10.694235695867524,LONG_RANGE_SCENARIO_MODEL,M15,12.0.1,2026-08-16T02:26:04.149340Z
1.0.0,crypto,crypto-prod-20260816T020351Z-df80b5bc,crypto:solana,2026-08-16,18,2028-02-15,75.36,75.21304304759802,29.444517810848694,192.12411223102245,-0.0019500657165867352,-0.0012992809201124444,,9.44086249563809,LONG_RANGE_SCENARIO_MODEL,M18,12.0.1,2026-08-16T02:26:04.149340Z
1.0.0,crypto,crypto-prod-20260816T020351Z-df80b5bc,crypto:solana,2026-08-16,21,2028-05-16,75.36,75.18866737249517,27.311464884733144,206.99496438991392,-0.002273522127187122,-0.0012992809201124444,,8.334385663108911,LONG_RANGE_SCENARIO_MODEL,M21,12.0.1,2026-08-16T02:26:04.149340Z
1.0.0,crypto,crypto-prod-20260816T020351Z-df80b5bc,crypto:solana,2026-08-16,24,2028-08-15,75.36,75.16429959726598,25.464181340595335,221.86740890588842,-0.0025968737093154948,-0.0012992809201124444,,7.357588823428847,LONG_RANGE_SCENARIO_MODEL,M24,12.0.1,2026-08-16T02:26:04.149340Z
1.0.0,crypto,crypto-prod-20260816T020351Z-df80b5bc,crypto:solana,2026-08-16,27,2028-11-15,75.36,75.1396720722432,23.82563763355646,236.9703764474433,-0.002923672077452144,-0.0012992809201124444,,6.486381831736924,LONG_RANGE_SCENARIO_MODEL,M27,12.0.1,2026-08-16T02:26:04.149340Z
1.0.0,crypto,crypto-prod-20260816T020351Z-df80b5bc,crypto:solana,2026-08-16,30,2029-02-14,75.36,75.11532017582267,22.388088424989228,252.02291584745103,-0.0032468129535206947,-0.0012992809201124444,,5.726172557735629,LONG_RANGE_SCENARIO_MODEL,M30,12.0.1,2026-08-16T02:26:04.149340Z
1.0.0,crypto,crypto-prod-20260816T020351Z-df80b5bc,crypto:solana,2026-08-16,33,2029-05-16,75.36,75.09097617156942,21.10081478189881,267.2245010764365,-0.0035698491033782087,-0.0012992809201124444,,5.055060434544963,LONG_RANGE_SCENARIO_MODEL,M33,12.0.1,2026-08-16T02:26:04.149340Z
1.0.0,crypto,crypto-prod-20260816T020351Z-df80b5bc,crypto:solana,2026-08-16,36,2029-08-16,75.36,75.06637267091074,19.92747202199117,282.7734646797916,-0.0038963286768745053,-0.0012992809201124444,,4.456494233077293,LONG_RANGE_SCENARIO_MODEL,M36,12.0.1,2026-08-16T02:26:04.149340Z
1.0.0,crypto,crypto-prod-20260816T020351Z-df80b5bc,crypto:solana,2026-08-16,39,2029-11-15,75.36,75.04204452997622,18.874526447142234,298.3549527989119,-0.004219154326217778,-0.0012992809201124444,,3.934189451551436,LONG_RANGE_SCENARIO_MODEL,M39,12.0.1,2026-08-16T02:26:04.149340Z
1.0.0,crypto,crypto-prod-20260816T020351Z-df80b5bc,crypto:solana,2026-08-16,42,2030-02-14,75.36,75.0177242735101,17.91357661507056,314.1560770416936,-0.004541875351511404,-0.0012992809201124444,,3.4730992190717687,LONG_RANGE_SCENARIO_MODEL,M42,12.0.1,2026-08-16T02:26:04.149340Z
1.0.0,crypto,crypto-prod-20260816T020351Z-df80b5bc,crypto:solana,2026-08-16,45,2030-05-17,75.36,74.99314477377955,17.023214273528524,330.3707321481855,-0.00486803644135414,-0.0012992809201124444,,3.0618519483816704,LONG_RANGE_SCENARIO_MODEL,M45,12.0.1,2026-08-16T02:26:04.149340Z
1.0.0,crypto,crypto-prod-20260816T020351Z-df80b5bc,crypto:solana,2026-08-16,48,2030-08-16,75.36,74.96884036515738,16.212760554763992,346.66070634374233,-0.005190547171478599,-0.0012992809201124444,,3.0,LONG_RANGE_SCENARIO_MODEL,M48,12.0.1,2026-08-16T02:26:04.149340Z
1.0.0,crypto,crypto-prod-20260816T020351Z-df80b5bc,crypto:xrp,2026-08-16,1,2026-08-23,1.0,1.0070642647935726,0.906561152972884,1.0836322267573655,0.007064264793572689,0.4434787238323472,,17.022583720342123,CALIBRATED_ENSEMBLE,7D,12.0.1,2026-08-16T02:26:04.149340Z
1.0.0,crypto,crypto-prod-20260816T020351Z-df80b5bc,crypto:xrp,2026-08-16,1,2026-08-23,1.0,0.9950966898651247,0.906561152972884,1.0836322267573655,-0.0049033101348753185,-0.05727857127240388,0.5203703703703704,27.540717102106495,EVIDENCE_SHRINKAGE,NEUTRAL_7D,10.1.1,2026-08-16T02:26:04.149340Z
1.0.0,crypto,crypto-prod-20260816T020351Z-df80b5bc,crypto:xrp,2026-08-16,1,2026-09-15,1.0,0.8669709043468428,0.6774763776487978,0.9899279562745098,-0.13302909565315724,-0.8239152709633777,,28.482349726042422,CALIBRATED_ENSEMBLE,30D,12.0.1,2026-08-16T02:26:04.149340Z
1.0.0,crypto,crypto-prod-20260816T020351Z-df80b5bc,crypto:xrp,2026-08-16,1,2026-09-15,1.0,0.8337021669616538,0.6774763776487978,0.9899279562745098,-0.16629783303834622,-0.8872462060908008,0.5345238095238095,46.53188769584022,EVIDENCE_SHRINKAGE,NEGATIVE_30D,10.1.1,2026-08-16T02:26:04.149340Z
1.0.0,crypto,crypto-prod-20260816T020351Z-df80b5bc,crypto:xrp,2026-08-16,3,2026-11-14,1.0,0.6157013944199454,0.509791864934048,0.7216109239058428,-0.3842986055800545,-0.8562921312447849,0.549,79.43471516403005,EVIDENCE_SHRINKAGE,NEGATIVE_90D,10.1.1,2026-08-16T02:26:04.149340Z
1.0.0,crypto,crypto-prod-20260816T020351Z-df80b5bc,crypto:xrp,2026-08-16,3,2026-11-15,1.0,1.0417328994556534,0.6907833201416241,1.5709809460740796,0.041732899455653394,0.17820441336119686,,28.088596886933797,LONG_RANGE_SCENARIO_MODEL,M03,12.0.1,2026-08-16T02:26:04.149340Z
1.0.0,crypto,crypto-prod-20260816T020351Z-df80b5bc,crypto:xrp,2026-08-16,6,2027-02-12,1.0,0.6431700510066347,0.5425380723039059,0.7438020297093635,-0.3568299489933653,-0.5863322854881229,0.549,82.7021228701992,EVIDENCE_SHRINKAGE,NEGATIVE_180D,10.1.1,2026-08-16T02:26:04.149340Z
1.0.0,crypto,crypto-prod-20260816T020351Z-df80b5bc,crypto:xrp,2026-08-16,6,2027-02-15,1.0,1.0856951184222567,0.6063165171096769,1.9440900204813263,0.08569511842225674,0.17820441336119644,,24.76264560289499,LONG_RANGE_SCENARIO_MODEL,M06,12.0.1,2026-08-16T02:26:04.149340Z
1.0.0,crypto,crypto-prod-20260816T020351Z-df80b5bc,crypto:xrp,2026-08-16,9,2027-05-17,1.0,1.1310043236388665,0.5544670750204898,2.307027482276634,0.1310043236388665,0.17820441336119644,,21.860443215730367,LONG_RANGE_SCENARIO_MODEL,M09,12.0.1,2026-08-16T02:26:04.149340Z
1.0.0,crypto,crypto-prod-20260816T020351Z-df80b5bc,crypto:xrp,2026-08-16,12,2027-08-16,1.0,1.1782044133611964,0.5174897550529759,2.682498785935759,0.17820441336119644,0.17820441336119644,,19.298381330155745,LONG_RANGE_SCENARIO_MODEL,M12,12.0.1,2026-08-16T02:26:04.149340Z
1.0.0,crypto,crypto-prod-20260816T020351Z-df80b5bc,crypto:xrp,2026-08-16,15,2027-11-16,1.0,1.2279258730891836,0.48904550415576453,3.083152665731465,0.22792587308918358,0.17820441336119644,,17.01327337608917,LONG_RANGE_SCENARIO_MODEL,M15,12.0.1,2026-08-16T02:26:04.149340Z
1.0.0,crypto,crypto-prod-20260816T020351Z-df80b5bc,crypto:xrp,2026-08-16,18,2028-02-15,1.0,1.2791707800898098,0.4667714351204535,3.505522749508697,0.2791707800898098,0.17820441336119644,,15.019303773754041,LONG_RANGE_SCENARIO_MODEL,M18,12.0.1,2026-08-16T02:26:04.149340Z
1.0.0,crypto,crypto-prod-20260816T020351Z-df80b5bc,crypto:xrp,2026-08-16,21,2028-05-16,1.0,1.3325542856419073,0.44864616255454703,3.957909534034456,0.33255428564190725,0.17820441336119644,,13.259029045247503,LONG_RANGE_SCENARIO_MODEL,M21,12.0.1,2026-08-16T02:26:04.149340Z
1.0.0,crypto,crypto-prod-20260816T020351Z-df80b5bc,crypto:xrp,2026-08-16,24,2028-08-15,1.0,1.388165639663801,0.43362675609041834,4.443922834737157,0.38816563966380085,0.17820441336119644,,11.705059959565332,LONG_RANGE_SCENARIO_MODEL,M24,12.0.1,2026-08-16T02:26:04.149340Z
1.0.0,crypto,crypto-prod-20260816T020351Z-df80b5bc,crypto:xrp,2026-08-16,27,2028-11-15,1.0,1.4467476829540764,0.42089113549860535,4.972969686456902,0.4467476829540764,0.17820441336119644,,10.319071924670748,LONG_RANGE_SCENARIO_MODEL,M27,12.0.1,2026-08-16T02:26:04.149340Z
1.0.0,crypto,crypto-prod-20260816T020351Z-df80b5bc,crypto:xrp,2026-08-16,30,2029-02-14,1.0,1.5071246585444982,0.4102264325407653,5.537002387497672,0.5071246585444982,0.17820441336119644,,9.109668226319483,LONG_RANGE_SCENARIO_MODEL,M30,12.0.1,2026-08-16T02:26:04.149340Z
1.0.0,crypto,crypto-prod-20260816T020351Z-df80b5bc,crypto:xrp,2026-08-16,33,2029-05-16,1.0,1.5700213403866716,0.4011302610107339,6.14505373655567,0.5700213403866716,0.17820441336119644,,8.042007633962937,LONG_RANGE_SCENARIO_MODEL,M33,12.0.1,2026-08-16T02:26:04.149340Z
1.0.0,crypto,crypto-prod-20260816T020351Z-df80b5bc,crypto:xrp,2026-08-16,36,2029-08-16,1.0,1.6362778846355723,0.39326025354465677,6.808227609107794,0.6362778846355723,0.17820441336119644,,7.089759085411506,LONG_RANGE_SCENARIO_MODEL,M36,12.0.1,2026-08-16T02:26:04.149340Z
1.0.0,crypto,crypto-prod-20260816T020351Z-df80b5bc,crypto:xrp,2026-08-16,39,2029-11-15,1.0,1.7045645050765776,0.3865841553679733,7.515931813608079,0.7045645050765776,0.17820441336119644,,6.258833502092663,LONG_RANGE_SCENARIO_MODEL,M39,12.0.1,2026-08-16T02:26:04.149340Z
1.0.0,crypto,crypto-prod-20260816T020351Z-df80b5bc,crypto:xrp,2026-08-16,42,2030-02-14,1.0,1.775700924182614,0.3808523020632122,8.279098629735072,0.775700924182614,0.17820441336119644,,5.525293079072771,LONG_RANGE_SCENARIO_MODEL,M42,12.0.1,2026-08-16T02:26:04.149340Z
1.0.0,crypto,crypto-prod-20260816T020351Z-df80b5bc,crypto:xrp,2026-08-16,45,2030-05-17,1.0,1.8506373621974905,0.37588966782079436,9.111340213783395,0.8506373621974904,0.17820441336119644,,4.871046956170801,LONG_RANGE_SCENARIO_MODEL,M45,12.0.1,2026-08-16T02:26:04.149340Z
1.0.0,crypto,crypto-prod-20260816T020351Z-df80b5bc,crypto:xrp,2026-08-16,48,2030-08-16,1.0,1.927869825162954,0.37170228511275727,9.999083168526578,0.9278698251629539,0.17820441336119644,,4.300156255278278,LONG_RANGE_SCENARIO_MODEL,M48,12.0.1,2026-08-16T02:26:04.149340Z
