filename,field_group,present_columns,present_count
asset_master.csv,identifier,asset_id,1
asset_master.csv,name,asset_name,1
asset_master.csv,category,asset_subclass|asset_class,2
asset_master.csv,eligibility,,0
asset_master.csv,tier,,0
asset_master.csv,recommendation,,0
asset_master.csv,score,,0
asset_master.csv,forecast,,0
asset_master.csv,risk,,0
forecasts.csv,identifier,asset_id,1
forecasts.csv,name,,0
forecasts.csv,category,,0
forecasts.csv,eligibility,forecast_eligible,1
forecasts.csv,tier,,0
forecasts.csv,recommendation,,0
forecasts.csv,score,,0
forecasts.csv,forecast,one_year_base_usd|three_year_base_usd|five_year_base_usd|forecast_method,4
forecasts.csv,risk,,0
recommendations.csv,identifier,asset_id,1
recommendations.csv,name,,0
recommendations.csv,category,,0
recommendations.csv,eligibility,recommendation_eligible,1
recommendations.csv,tier,,0
recommendations.csv,recommendation,,0
recommendations.csv,score,,0
recommendations.csv,forecast,,0
recommendations.csv,risk,,0
risk_metrics.csv,identifier,asset_id,1
risk_metrics.csv,name,,0
risk_metrics.csv,category,,0
risk_metrics.csv,eligibility,forecast_eligible|recommendation_eligible,2
risk_metrics.csv,tier,,0
risk_metrics.csv,recommendation,,0
risk_metrics.csv,score,,0
risk_metrics.csv,forecast,,0
risk_metrics.csv,risk,,0
historical_performance.csv,identifier,universal_mtg_product_id|investment_product_id,2
historical_performance.csv,name,canonical_product_name,1
historical_performance.csv,category,asset_class,1
historical_performance.csv,eligibility,forecast_eligible|recommendation_eligible|historical_performance_eligible,3
historical_performance.csv,tier,,0
historical_performance.csv,recommendation,,0
historical_performance.csv,score,,0
historical_performance.csv,forecast,one_year_base_usd|three_year_base_usd|five_year_base_usd,3
historical_performance.csv,risk,,0
portfolio_positions.csv,identifier,asset_id,1
portfolio_positions.csv,name,,0
portfolio_positions.csv,category,,0
portfolio_positions.csv,eligibility,,0
portfolio_positions.csv,tier,,0
portfolio_positions.csv,recommendation,,0
portfolio_positions.csv,score,,0
portfolio_positions.csv,forecast,,0
portfolio_positions.csv,risk,,0
platform_status.csv,identifier,,0
platform_status.csv,name,,0
platform_status.csv,category,,0
platform_status.csv,eligibility,forecast_eligible|recommendation_eligible,2
platform_status.csv,tier,,0
platform_status.csv,recommendation,,0
platform_status.csv,score,,0
platform_status.csv,forecast,,0
platform_status.csv,risk,,0
