relative_path,secondary_copy_status,canonical_sha256,secondary_sha256
terminal2_lifecycle.py,identical_in_secondary,0a27bedf88601a2d8e5b8b55882c60f29574041ea734cafb75dad7e3b85d76ab,0a27bedf88601a2d8e5b8b55882c60f29574041ea734cafb75dad7e3b85d76ab
terminal2_run_all.py,identical_in_secondary,2d805fe32bb27b7d8937df673fd652d340029058d1d4154b732e837dbb44f7c1,2d805fe32bb27b7d8937df673fd652d340029058d1d4154b732e837dbb44f7c1
scripts/build_mtg_uip_export.py,identical_in_secondary,a76b96b674a9c94e8cf66fcf96f792c9cfd7efd8059050b74f9f4e0bb7d5c1d9,a76b96b674a9c94e8cf66fcf96f792c9cfd7efd8059050b74f9f4e0bb7d5c1d9
scripts/build_phase_10_10_universal_export.py,identical_in_secondary,c578c477ef186141b2f77b5978d0a85aa90c9d9b3cf9d53e724f5cf494940ad5,c578c477ef186141b2f77b5978d0a85aa90c9d9b3cf9d53e724f5cf494940ad5
scripts/run_certified_marketplace_decisioning.py,identical_in_secondary,06b165a313111480b1a8b33d641906b552cac3a909b72a4edb1ce80b6adfdf74,06b165a313111480b1a8b33d641906b552cac3a909b72a4edb1ce80b6adfdf74
run.py,identical_in_secondary,7ad0583009afb5a9785f96700da982586ed53b8c9e07332958046c3c33347ffd,7ad0583009afb5a9785f96700da982586ed53b8c9e07332958046c3c33347ffd
scripts/run_phase_11e_12_accumulation_cycle.py,canonical_only,bbabf7f5710ee79ef7e3341dab517b8ab9a35fcbfac4698c11c16a5d58a101b0,
scripts/run_phase_11e_13_valuation_integration.py,canonical_only,29ff0838ac1e6d5657943c6e7c936bc64d22d6cf2f468fb2dfb52e6260fd936d,
scripts/run_phase_11e_14_consumption_integration.py,canonical_only,968c79cb64421a2a0a5e002eec11652cb89bf7d87ebdf557c6a3b8b573c2c37e,
scripts/run_mtg_marketplace_production.py,different_in_secondary,d09c884785fed4117410d1124800fb0aafa8a04c02dfa5178849e7da1268d786,bee251c8462227b47bf3f5052ddd978bd5d7e5e71c6a220d69ac141c76d4b6fc
scripts/run_phase_11e_15_production_delivery.py,canonical_only,cd1cad417bf05b4f9e649e3bb268f7288bbd43856ed3891e6aafc3993500360b,
scripts/run_universal_mtg_history_production.py,canonical_only,56f6301a42ce05af251776539738ea6f079807f2740f9cdc4f01494506d62a04,
scripts/run_daily_ebay_collection.py,different_in_secondary,d58f4f9e53e5f740a8baeddf1ebfe47e85803445309ad3cbfa1e5d49c07632b4,8c58116d03350141433ef296cf56b3eb0ca1aae9d86bae32407c3c46cf919ed3
scripts/run_daily_tcgcsv_collection.py,identical_in_secondary,a21260f74a81f95de29583555292ed6556f2fcb043e98c0abe0f061f003f378e,a21260f74a81f95de29583555292ed6556f2fcb043e98c0abe0f061f003f378e
scripts/run_secret_lair_production_refresh.py,identical_in_secondary,78f5a7792d809896b936d70cb99aeff4ba29c0fbdd19e53dc9c07fb62f69e35f,78f5a7792d809896b936d70cb99aeff4ba29c0fbdd19e53dc9c07fb62f69e35f
terminal2_daily_update.py,identical_in_secondary,11d75f560aabe78b00ae259d63cec7edf1e00eebbbfb03108dc044a869657222,11d75f560aabe78b00ae259d63cec7edf1e00eebbbfb03108dc044a869657222
scripts/build_mtg_hosted_uip_delivery.py,canonical_only,d07f923095576d636a92bb04bcf7a824490665c6968629b9f3fa514537fdcd3e,
scripts/run_phase_11e_17_manual_uip_handoff.py,canonical_only,2116ed16ec9c36e994526bccbaf43449f32964467d266f69fc176bef35366340,
terminal2_module2_run_all.py,identical_in_secondary,1a5b7682956a3e0bcb0cfbe0fb6f430768d6cbb45490fb7c500421042a09a118,1a5b7682956a3e0bcb0cfbe0fb6f430768d6cbb45490fb7c500421042a09a118
developer_export_source.py,identical_in_secondary,c3914ff3d7f12eac75d280fba7a9093412df6a57976699121f561e7895c5cbb5,c3914ff3d7f12eac75d280fba7a9093412df6a57976699121f561e7895c5cbb5
scripts/validate_phase_10_10_universal_export.py,identical_in_secondary,0c92c53f157e960d0733a9addd4f077bec1546efb3e04c66e683f0a527ace846,0c92c53f157e960d0733a9addd4f077bec1546efb3e04c66e683f0a527ace846
terminal2_export.py,identical_in_secondary,a77337a04ac7c68879f52457e80da6f9ef1aab1b89c43e42726c809c9c5387ed,a77337a04ac7c68879f52457e80da6f9ef1aab1b89c43e42726c809c9c5387ed
scripts/run_universal_mtg_ebay_history_pilot.py,canonical_only,2066f227f487391cc1c43b82390b1a47291c9f0402ec7163eb2aa07cb0208017,
scripts/run_full_marketplace_universe.py,identical_in_secondary,c0a044838e5639635d54faa5cdbd05672249527cf1805ee10ced1427ad1dfb37,c0a044838e5639635d54faa5cdbd05672249527cf1805ee10ced1427ad1dfb37
scripts/build_universal_mtg_ebay_dry_run_preflight.py,canonical_only,fa3c2063dc46cc76afcdcfa45fe6eb34b710841ceedc76766f9bd88a9e45dfab,
scripts/run_ebay_matching_batch.py,identical_in_secondary,4f0f40b310f1d9a744ad84372ffb3e854add7b95f2beb7575bfabce3bad7ca12,4f0f40b310f1d9a744ad84372ffb3e854add7b95f2beb7575bfabce3bad7ca12
scripts/run_ebay_matching_coverage.py,identical_in_secondary,42fe535446fc0ae60dd10e52e2f9882e0d3573754be5f3024e84c317ab125844,42fe535446fc0ae60dd10e52e2f9882e0d3573754be5f3024e84c317ab125844
scripts/run_mtg_purchase_plan.py,identical_in_secondary,92c0dd23ed606f0e17890ee92a532cc346d9f4db2caf1b398680b37e2b5b0fd2,92c0dd23ed606f0e17890ee92a532cc346d9f4db2caf1b398680b37e2b5b0fd2
terminal2_run_secret_lair_backfill.py,identical_in_secondary,86c1c7066902f793c5128c631c841b56c192750776aae2f0b78f9bad03311b64,86c1c7066902f793c5128c631c841b56c192750776aae2f0b78f9bad03311b64
validate_v12_1_pipeline.py,identical_in_secondary,dacdfe7e6416db8fff98294040df2b103d31bc7a99d9e398fd11c5f05a91268a,dacdfe7e6416db8fff98294040df2b103d31bc7a99d9e398fd11c5f05a91268a
scripts/apply_phase_10_secret_lair_production_closeout_bundle.py,identical_in_secondary,e83558d25d4587f916696353018b3ffc35483a38a242e11f6fef9738e8ce4db4,e83558d25d4587f916696353018b3ffc35483a38a242e11f6fef9738e8ce4db4
scripts/certify_collector_booster_box_production_closeout.py,identical_in_secondary,272026661749dcde121c399f3b8627b2db3ddf4ed3457fbdc1337da16a6ea326,272026661749dcde121c399f3b8627b2db3ddf4ed3457fbdc1337da16a6ea326
scripts/build_universal_mtg_daily_history.py,canonical_only,46ccb780466c7b14bca56d1523203eb7fb260b8a77b99de0d1714d66084ad963,
scripts/external_discovery/validate_canonical_registry_refresh.py,identical_in_secondary,e690e2d6ed8e61b0e8a408af93d83d221afd917208fde4afc83fd27788d94112,e690e2d6ed8e61b0e8a408af93d83d221afd917208fde4afc83fd27788d94112
scripts/refresh_secret_lair_portfolio.py,identical_in_secondary,91d20bae927ff97716eb8e04436e8eb5e37af79ad2ec2e72b32f9afd477db745,91d20bae927ff97716eb8e04436e8eb5e37af79ad2ec2e72b32f9afd477db745
scripts/build_phase_11e_17_uip_handoff.py,canonical_only,51a8ff4cf2fdcf851ec575886514c55d852fee0191a96006435fe78b3ef1e18f,
scripts/publish_phase_11e_15_terminal_delivery.py,canonical_only,c44d14fa1104b0e81a2d74b148739c3be6c6002180f7474cdc39b240a6604f5a,
