relative_path,orchestration_category,secondary_copy_status,detected_side_effects,line_count,operational_call_count,subprocess_call_count,proposed_disposition,rationale,final_disposition,review_notes
terminal2_lifecycle.py,aggregate_orchestration,identical_in_secondary,file_write,10,1,0,REPLACE,UIP already owns platform-level orchestration; do not port a second aggregate runner.,REPLACE,"Do not copy into UIP. UIP retains authority for platform-level scheduling, sequencing, and orchestration."
terminal2_run_all.py,aggregate_orchestration,identical_in_secondary,,231,0,0,REPLACE,UIP already owns platform-level orchestration; do not port a second aggregate runner.,REPLACE,"Do not copy into UIP. UIP retains authority for platform-level scheduling, sequencing, and orchestration."
scripts/build_mtg_uip_export.py,export_publication,identical_in_secondary,database_write,37,0,0,ADAPT,"Potentially reusable boundary or handoff logic, but paths, execution, and contracts require UIP alignment.",ADAPT,"Use as behavioral evidence only. Reimplement the required boundary behavior through UIP-native services, paths, contracts, validation, and transaction controls."
scripts/build_phase_10_10_universal_export.py,export_publication,identical_in_secondary,file_write,291,1,0,ADAPT,"Potentially reusable boundary or handoff logic, but paths, execution, and contracts require UIP alignment.",ADAPT,"Use as behavioral evidence only. Reimplement the required boundary behavior through UIP-native services, paths, contracts, validation, and transaction controls."
scripts/run_certified_marketplace_decisioning.py,marketplace_orchestration,identical_in_secondary,database_write | file_write,55,0,0,ADAPT,"Potentially reusable boundary or handoff logic, but paths, execution, and contracts require UIP alignment.",ADAPT,"Use as behavioral evidence only. Reimplement the required boundary behavior through UIP-native services, paths, contracts, validation, and transaction controls."
run.py,other_entrypoint,identical_in_secondary,,100,0,0,REPLACE,UIP already owns platform-level orchestration; do not port a second aggregate runner.,REPLACE,"Do not copy into UIP. UIP retains authority for platform-level scheduling, sequencing, and orchestration."
scripts/run_phase_11e_12_accumulation_cycle.py,other_entrypoint,canonical_only,subprocess,42,1,1,ADAPT,"Potentially reusable boundary or handoff logic, but paths, execution, and contracts require UIP alignment.",ADAPT,"Use as behavioral evidence only. Reimplement the required boundary behavior through UIP-native services, paths, contracts, validation, and transaction controls."
scripts/run_phase_11e_13_valuation_integration.py,other_entrypoint,canonical_only,subprocess,24,1,1,ADAPT,"Potentially reusable boundary or handoff logic, but paths, execution, and contracts require UIP alignment.",ADAPT,"Use as behavioral evidence only. Reimplement the required boundary behavior through UIP-native services, paths, contracts, validation, and transaction controls."
scripts/run_phase_11e_14_consumption_integration.py,other_entrypoint,canonical_only,subprocess,23,1,1,ADAPT,"Potentially reusable boundary or handoff logic, but paths, execution, and contracts require UIP alignment.",ADAPT,"Use as behavioral evidence only. Reimplement the required boundary behavior through UIP-native services, paths, contracts, validation, and transaction controls."
scripts/run_mtg_marketplace_production.py,production_pipeline,different_in_secondary,database_write | subprocess | file_write,368,1,1,RETAIN_STANDALONE,Domain production collection remains outside UIP; expose certified outputs through contracts.,RETAIN_STANDALONE,Remain in the MTG source domain. UIP may consume only certified contract outputs and must not invoke this production workflow directly.
scripts/run_phase_11e_15_production_delivery.py,production_pipeline,canonical_only,subprocess,23,1,1,ADAPT,"Potentially reusable boundary or handoff logic, but paths, execution, and contracts require UIP alignment.",ADAPT,"Use as behavioral evidence only. Reimplement the required boundary behavior through UIP-native services, paths, contracts, validation, and transaction controls."
scripts/run_universal_mtg_history_production.py,production_pipeline,canonical_only,database_write | subprocess | file_write,309,1,1,RETAIN_STANDALONE,Domain production collection remains outside UIP; expose certified outputs through contracts.,RETAIN_STANDALONE,Remain in the MTG source domain. UIP may consume only certified contract outputs and must not invoke this production workflow directly.
scripts/run_daily_ebay_collection.py,scheduled_collection_or_refresh,different_in_secondary,database_write | file_write,97,0,0,RETAIN_STANDALONE,Domain production collection remains outside UIP; expose certified outputs through contracts.,RETAIN_STANDALONE,Remain in the MTG source domain. UIP may consume only certified contract outputs and must not invoke this production workflow directly.
scripts/run_daily_tcgcsv_collection.py,scheduled_collection_or_refresh,identical_in_secondary,database_write | file_write,126,1,0,RETAIN_STANDALONE,Domain production collection remains outside UIP; expose certified outputs through contracts.,RETAIN_STANDALONE,Remain in the MTG source domain. UIP may consume only certified contract outputs and must not invoke this production workflow directly.
scripts/run_secret_lair_production_refresh.py,scheduled_collection_or_refresh,identical_in_secondary,database_write | file_write,82,0,0,RETAIN_STANDALONE,Domain production collection remains outside UIP; expose certified outputs through contracts.,RETAIN_STANDALONE,Remain in the MTG source domain. UIP may consume only certified contract outputs and must not invoke this production workflow directly.
terminal2_daily_update.py,scheduled_collection_or_refresh,identical_in_secondary,,12,0,0,REPLACE,UIP already owns platform-level orchestration; do not port a second aggregate runner.,REPLACE,"Do not copy into UIP. UIP retains authority for platform-level scheduling, sequencing, and orchestration."
scripts/build_mtg_hosted_uip_delivery.py,uip_delivery_or_handoff,canonical_only,database_write | file_write,563,2,0,ADAPT,"Potentially reusable boundary or handoff logic, but paths, execution, and contracts require UIP alignment.",ADAPT,"Use as behavioral evidence only. Reimplement the required boundary behavior through UIP-native services, paths, contracts, validation, and transaction controls."
scripts/run_phase_11e_17_manual_uip_handoff.py,uip_delivery_or_handoff,canonical_only,subprocess,25,1,1,ADAPT,"Potentially reusable boundary or handoff logic, but paths, execution, and contracts require UIP alignment.",ADAPT,"Use as behavioral evidence only. Reimplement the required boundary behavior through UIP-native services, paths, contracts, validation, and transaction controls."
