source_root,relative_path,suffix,size_bytes,sha256,likely_entrypoint,has_main_guard,python_functions,python_classes,imports,detected_side_effects,orchestration_category,secondary_copy_status,priority_candidate
C:\Users\DevonLockard\mtg-investment-terminal,terminal2_lifecycle.py,.py,416,0a27bedf88601a2d8e5b8b55882c60f29574041ea734cafb75dad7e3b85d76ab,True,True,,,terminal2.config | terminal2.features.lifecycle,file_write,aggregate_orchestration,identical_in_secondary,True
C:\Users\DevonLockard\mtg-investment-terminal,terminal2_run_all.py,.py,12065,2d805fe32bb27b7d8937df673fd652d340029058d1d4154b732e837dbb44f7c1,True,True,main,,terminal2.analytics.scoring | terminal2.calibration | terminal2.db.loaders | terminal2.db.module2_migration | terminal2.db.schema | terminal2.features.price_features | terminal2.forecast | terminal2.history | terminal2.intelligence | terminal2.market.analytics.health | terminal2.market.analytics.intelligence | terminal2.market.exports | terminal2.portfolio | terminal2.return_analytics | terminal2.secret_lair | terminal2.secret_lair.archive.exports | terminal2.secret_lair.calibration.validation | terminal2.semantic | terminal2.warehouse.dashboard_mart,,aggregate_orchestration,identical_in_secondary,True
C:\Users\DevonLockard\mtg-investment-terminal,scripts/build_mtg_uip_export.py,.py,1302,a76b96b674a9c94e8cf66fcf96f792c9cfd7efd8059050b74f9f4e0bb7d5c1d9,True,True,main,,__future__ | argparse | json | pathlib | sys | terminal2.integration.uip_export,database_write,export_publication,identical_in_secondary,True
C:\Users\DevonLockard\mtg-investment-terminal,scripts/build_phase_10_10_universal_export.py,.py,11460,c578c477ef186141b2f77b5978d0a85aa90c9d9b3cf9d53e724f5cf494940ad5,True,True,as_bool | main | read_csv | sha256 | value | write_csv,,__future__ | csv | datetime | hashlib | json | pathlib | shutil | typing,file_write,export_publication,identical_in_secondary,True
C:\Users\DevonLockard\mtg-investment-terminal,scripts/run_certified_marketplace_decisioning.py,.py,1943,06b165a313111480b1a8b33d641906b552cac3a909b72a4edb1ce80b6adfdf74,True,True,build_parser | main,,__future__ | argparse | json | pathlib | sys | terminal2.market_sources.marketplace_decisioning,database_write | file_write,marketplace_orchestration,identical_in_secondary,True
C:\Users\DevonLockard\mtg-investment-terminal,run.py,.py,3221,7ad0583009afb5a9785f96700da982586ed53b8c9e07332958046c3c33347ffd,True,True,main | resolve_input_file,,config | models.pipeline | pathlib | update_prices | utils.io,,other_entrypoint,identical_in_secondary,True
C:\Users\DevonLockard\mtg-investment-terminal,scripts/run_phase_11e_12_accumulation_cycle.py,.py,1089,bbabf7f5710ee79ef7e3341dab517b8ab9a35fcbfac4698c11c16a5d58a101b0,True,True,main | run,,__future__ | argparse | pathlib | subprocess | sys,subprocess,other_entrypoint,canonical_only,True
C:\Users\DevonLockard\mtg-investment-terminal,scripts/run_phase_11e_13_valuation_integration.py,.py,669,29ff0838ac1e6d5657943c6e7c936bc64d22d6cf2f468fb2dfb52e6260fd936d,True,True,main,,__future__ | pathlib | subprocess | sys,subprocess,other_entrypoint,canonical_only,True
C:\Users\DevonLockard\mtg-investment-terminal,scripts/run_phase_11e_14_consumption_integration.py,.py,604,968c79cb64421a2a0a5e002eec11652cb89bf7d87ebdf557c6a3b8b573c2c37e,True,True,main,,__future__ | pathlib | subprocess | sys,subprocess,other_entrypoint,canonical_only,True
C:\Users\DevonLockard\mtg-investment-terminal,scripts/run_mtg_marketplace_production.py,.py,16126,d09c884785fed4117410d1124800fb0aafa8a04c02dfa5178849e7da1268d786,True,True,_deal_rankings | _materialize_reconciled_map | _normalize_live_observations | _number | _read_csv | _run | _split_collection_maps | _write_csv | build_parser | main,,__future__ | argparse | csv | datetime | json | os | pathlib | scripts.reconcile_tcgcsv_group_ids | subprocess | sys | typing,database_write | subprocess | file_write,production_pipeline,different_in_secondary,True
C:\Users\DevonLockard\mtg-investment-terminal,scripts/run_phase_11e_15_production_delivery.py,.py,602,cd1cad417bf05b4f9e649e3bb268f7288bbd43856ed3891e6aafc3993500360b,True,True,main,,__future__ | pathlib | subprocess | sys,subprocess,production_pipeline,canonical_only,True
C:\Users\DevonLockard\mtg-investment-terminal,scripts/run_universal_mtg_history_production.py,.py,12951,56f6301a42ce05af251776539738ea6f079807f2740f9cdc4f01494506d62a04,True,True,append_csv | build_universal_coverage | latest_attempt_root | load_queries | main | production_readiness | read_csv | rebuild_history_ledger | write_csv,,__future__ | argparse | collections | csv | datetime | json | os | pathlib | statistics | subprocess | sys | terminal2.market_sources.ebay_history_live | terminal2.market_sources.ebay_history_pipeline | terminal2.market_sources.ebay_resilience | typing,database_write | subprocess | file_write,production_pipeline,canonical_only,True
C:\Users\DevonLockard\mtg-investment-terminal,scripts/run_daily_ebay_collection.py,.py,3735,d58f4f9e53e5f740a8baeddf1ebfe47e85803445309ad3cbfa1e5d49c07632b4,True,True,build_parser | main,,__future__ | argparse | contextlib | io | json | pathlib | sys | terminal2.market_sources.ebay_precision_production,database_write | file_write,scheduled_collection_or_refresh,different_in_secondary,True
C:\Users\DevonLockard\mtg-investment-terminal,scripts/run_daily_tcgcsv_collection.py,.py,4572,a21260f74a81f95de29583555292ed6556f2fcb043e98c0abe0f061f003f378e,True,True,_inspect_product_map | _publish | build_parser | main,,__future__ | argparse | collectors.tcgcsv_collector | csv | json | pathlib | sys,database_write | file_write,scheduled_collection_or_refresh,identical_in_secondary,True
C:\Users\DevonLockard\mtg-investment-terminal,scripts/run_secret_lair_production_refresh.py,.py,3031,78f5a7792d809896b936d70cb99aeff4ba29c0fbdd19e53dc9c07fb62f69e35f,True,True,main | run_refresh,,__future__ | argparse | datetime | json | pathlib | scripts.build_full_secret_lair_model_evaluation | sys | terminal2.portfolio.secret_lair_full_registry,database_write | file_write,scheduled_collection_or_refresh,identical_in_secondary,True
C:\Users\DevonLockard\mtg-investment-terminal,terminal2_daily_update.py,.py,371,11d75f560aabe78b00ae259d63cec7edf1e00eebbbfb03108dc044a869657222,True,True,main,,terminal2.features.price_features | terminal2.sources.daily_prices,,scheduled_collection_or_refresh,identical_in_secondary,True
C:\Users\DevonLockard\mtg-investment-terminal,scripts/build_mtg_hosted_uip_delivery.py,.py,20026,d07f923095576d636a92bb04bcf7a824490665c6968629b9f3fa514537fdcd3e,True,True,build | first | main | normalize_bool | read_csv | sha256 | source_id | tcgplayer_id | universal_id | write_csv,,__future__ | argparse | csv | datetime | hashlib | json | pathlib | shutil | typing,database_write | file_write,uip_delivery_or_handoff,canonical_only,True
C:\Users\DevonLockard\mtg-investment-terminal,scripts/run_phase_11e_17_manual_uip_handoff.py,.py,594,2116ed16ec9c36e994526bccbaf43449f32964467d266f69fc176bef35366340,True,True,main,,__future__ | pathlib | subprocess | sys,subprocess,uip_delivery_or_handoff,canonical_only,True
C:\Users\DevonLockard\mtg-investment-terminal,terminal2_module2_run_all.py,.py,2687,1a5b7682956a3e0bcb0cfbe0fb6f430768d6cbb45490fb7c500421042a09a118,True,True,main,,terminal2.analytics.scoring | terminal2.db.loaders | terminal2.db.module2_migration | terminal2.features.price_features | terminal2.market.analytics.health | terminal2.market.analytics.intelligence | terminal2.market.exports | terminal2.market.sources.importers | terminal2.warehouse.dashboard_mart | terminal2.warehouse_migration,,aggregate_orchestration,identical_in_secondary,False
C:\Users\DevonLockard\mtg-investment-terminal,developer_export_source.py,.py,5373,c3914ff3d7f12eac75d280fba7a9093412df6a57976699121f561e7895c5cbb5,True,True,export_source | get_branch | get_commit | get_status_lines | main | require_git_repository | resolve_output_directory | run_git | sanitize_branch_name | verify_required_files,,__future__ | argparse | pathlib | re | subprocess | sys,subprocess,export_publication,identical_in_secondary,False
C:\Users\DevonLockard\mtg-investment-terminal,scripts/validate_phase_10_10_universal_export.py,.py,4390,0c92c53f157e960d0733a9addd4f077bec1546efb3e04c66e683f0a527ace846,True,True,main | read_csv | sha256,,__future__ | csv | hashlib | json | pathlib,database_write,export_publication,identical_in_secondary,False
C:\Users\DevonLockard\mtg-investment-terminal,terminal2_export.py,.py,617,a77337a04ac7c68879f52457e80da6f9ef1aab1b89c43e42726c809c9c5387ed,True,True,main,,terminal2.warehouse.dashboard_mart,,export_publication,identical_in_secondary,False
C:\Users\DevonLockard\mtg-investment-terminal,scripts/run_universal_mtg_ebay_history_pilot.py,.py,9648,2066f227f487391cc1c43b82390b1a47291c9f0402ec7163eb2aa07cb0208017,True,True,build_execution_manifest | clean | main | preflight_record | read_csv | select_batch | write_csv,,__future__ | argparse | csv | datetime | json | os | pathlib | sys | terminal2.market_sources.ebay_resilience | terminal2.market_sources.ebay_resume | typing,database_write | file_write,historical_orchestration,canonical_only,False
C:\Users\DevonLockard\mtg-investment-terminal,scripts/run_full_marketplace_universe.py,.py,8526,c0a044838e5639635d54faa5cdbd05672249527cf1805ee10ced1427ad1dfb37,True,True,_batch_ranges | _load_json | _read_csv | _write_csv | main | run_full_universe,,__future__ | argparse | csv | datetime | json | os | pathlib | subprocess | sys | typing,database_write | subprocess | file_write,marketplace_orchestration,identical_in_secondary,False
C:\Users\DevonLockard\mtg-investment-terminal,scripts/build_universal_mtg_ebay_dry_run_preflight.py,.py,11216,fa3c2063dc46cc76afcdcfa45fe6eb34b710841ceedc76766f9bd88a9e45dfab,True,True,build_preflight | clean | group_batches | main | read_csv | write_csv,,__future__ | argparse | collections | csv | datetime | json | pathlib | sys | terminal2.market_sources.ebay_resilience | terminal2.market_sources.ebay_resume | typing,database_write | file_write,other_entrypoint,canonical_only,False
C:\Users\DevonLockard\mtg-investment-terminal,scripts/run_ebay_matching_batch.py,.py,8686,4f0f40b310f1d9a744ad84372ffb3e854add7b95f2beb7575bfabce3bad7ca12,True,True,_print_resume_plan | main,,__future__ | argparse | datetime | json | pathlib | shutil | sys | terminal2.market_sources | terminal2.market_sources.ebay_matching | terminal2.market_sources.ebay_precision | terminal2.market_sources.ebay_resilience | terminal2.market_sources.ebay_resume | terminal2.market_sources.ebay_universe,database_write | file_write,other_entrypoint,identical_in_secondary,False
C:\Users\DevonLockard\mtg-investment-terminal,scripts/run_ebay_matching_coverage.py,.py,829,42fe535446fc0ae60dd10e52e2f9882e0d3573754be5f3024e84c317ab125844,True,True,main,,__future__ | argparse | json | pathlib | sys | terminal2.market_sources.ebay_precision,database_write,other_entrypoint,identical_in_secondary,False
C:\Users\DevonLockard\mtg-investment-terminal,scripts/run_mtg_purchase_plan.py,.py,3350,92c0dd23ed606f0e17890ee92a532cc346d9f4db2caf1b398680b37e2b5b0fd2,True,True,build_parser | main,,__future__ | argparse | json | pathlib | sys | terminal2.market_sources.marketplace_purchase_planning,database_write | file_write,other_entrypoint,identical_in_secondary,False
C:\Users\DevonLockard\mtg-investment-terminal,terminal2_run_secret_lair_backfill.py,.py,1981,86c1c7066902f793c5128c631c841b56c192750776aae2f0b78f9bad03311b64,True,True,main,,argparse | terminal2.secret_lair.backfill | terminal2.secret_lair.backfill.exports,,other_entrypoint,identical_in_secondary,False
C:\Users\DevonLockard\mtg-investment-terminal,validate_v12_1_pipeline.py,.py,1614,dacdfe7e6416db8fff98294040df2b103d31bc7a99d9e398fd11c5f05a91268a,True,True,main,,config | pandas | pathlib,,other_entrypoint,identical_in_secondary,False
C:\Users\DevonLockard\mtg-investment-terminal,scripts/apply_phase_10_secret_lair_production_closeout_bundle.py,.py,14739,e83558d25d4587f916696353018b3ffc35483a38a242e11f6fef9738e8ce4db4,True,True,main,,__future__ | pathlib,database_write | file_write,production_pipeline,identical_in_secondary,False
C:\Users\DevonLockard\mtg-investment-terminal,scripts/certify_collector_booster_box_production_closeout.py,.py,7034,272026661749dcde121c399f3b8627b2db3ddf4ed3457fbdc1337da16a6ea326,True,True,,,,file_write,production_pipeline,identical_in_secondary,False
C:\Users\DevonLockard\mtg-investment-terminal,scripts/build_universal_mtg_daily_history.py,.py,11160,46ccb780466c7b14bca56d1523203eb7fb260b8a77b99de0d1714d66084ad963,True,True,build_daily_consolidated | build_daily_source | build_verification | integer | main | normalize_date | number | read_csv | write_csv,,__future__ | argparse | collections | csv | datetime | json | pathlib | statistics | typing,file_write,scheduled_collection_or_refresh,canonical_only,False
C:\Users\DevonLockard\mtg-investment-terminal,scripts/external_discovery/validate_canonical_registry_refresh.py,.py,16946,e690e2d6ed8e61b0e8a408af93d83d221afd917208fde4afc83fd27788d94112,True,True,build_change_report | build_index | classify_shared_identity | clean_text | main | parse_args | utc_now | write_outputs,,__future__ | argparse | datetime | json | pandas | pathlib | typing,file_write,scheduled_collection_or_refresh,identical_in_secondary,False
C:\Users\DevonLockard\mtg-investment-terminal,scripts/refresh_secret_lair_portfolio.py,.py,2171,91d20bae927ff97716eb8e04436e8eb5e37af79ad2ec2e72b32f9afd477db745,True,True,main | refresh,,__future__ | argparse | json | pathlib | scripts.build_secret_lair_terminal_integration | scripts.manage_secret_lair_holdings,file_write,scheduled_collection_or_refresh,identical_in_secondary,False
C:\Users\DevonLockard\mtg-investment-terminal,scripts/build_phase_11e_17_uip_handoff.py,.py,578,51a8ff4cf2fdcf851ec575886514c55d852fee0191a96006435fe78b3ef1e18f,True,True,main,,__future__ | json | pathlib | sys | terminal2.delivery.uip_handoff,database_write,uip_delivery_or_handoff,canonical_only,False
C:\Users\DevonLockard\mtg-investment-terminal,scripts/publish_phase_11e_15_terminal_delivery.py,.py,3261,c44d14fa1104b0e81a2d74b148739c3be6c6002180f7474cdc39b240a6604f5a,True,True,main,,__future__ | argparse | datetime | json | pathlib | sys | terminal2.delivery.governed_publisher,database_write,uip_delivery_or_handoff,canonical_only,False
