overall_rank,lane_rank,investment_tier,decision_score,tier_guardrail_reason,evidence_confidence,historical_support,forward_support,purchase_readiness_basis,asset_subclass,asset_name,asset_id,source_product_id,tcgplayer_product_id,canonical_set_name,release_date,current_market_value_usd,native_forecast_low_usd,native_forecast_base_usd,native_forecast_high_usd,base_return_pct,downside_return_pct,forecast_eligible,forecast_status,forecast_method,native_confidence,native_confidence_band,recommendation_eligible,recommendation_status,recommendation_action,recommendation_rationale,admission_tier,quality_disposition,quality_flags,historical_record_present,historical_performance_eligible,historical_performance_status,historical_data_quality,historical_start_date,historical_end_date,historical_observation_count,historical_total_return_pct,historical_cagr_pct,historical_cagr_scoring_value,historical_cagr_outlier_status,suppression_reason,historical_suppression_reason,decision_summary,package_id,generated_at_utc,asset_class,product_class,currency
342,1,B,61.0,,LIMITED,NONE,CERTIFIED,FORWARD_ONLY,PRE_COLLECTOR_BOOSTER_BOX,8th Edition - Booster Box,MTG:PRE_COLLECTOR_BOOSTER_BOX:MTG-CANON-TCGPLAYER-27259,MTG-CANON-TCGPLAYER-27259,27259,8th Edition,2003-07-28,705.0,,,,,,True,SCENARIO_READY,TIER_GUARDED_SCENARIO_BANDS,,NONE,True,ELIGIBLE,HOLD_REVIEW,Observed governed value passed market-plausibility review. Directional trading action remains withheld until historical-return and liquidity features are certified.,FULL_MODEL,FORECAST_READY,,False,False,NO_HISTORY_RECORD,NONE,,,,,,,NOT_AVAILABLE,,NO_HISTORY_RECORD,history no_history_record; forecast eligible; recommendation eligible,mtg-hosted-20260728T224613Z,2026-07-28T22:46:13.269710+00:00,MTG,PRE_COLLECTOR_BOOSTER_BOX,USD
343,2,B,61.0,,LIMITED,NONE,CERTIFIED,FORWARD_ONLY,PRE_COLLECTOR_BOOSTER_BOX,Aether Revolt - Booster Box,MTG:PRE_COLLECTOR_BOOSTER_BOX:MTG-CANON-TCGPLAYER-125794,MTG-CANON-TCGPLAYER-125794,125794,Aether Revolt,2017-01-20,209.99,,,,,,True,SCENARIO_READY,TIER_GUARDED_SCENARIO_BANDS,,NONE,True,ELIGIBLE,HOLD_REVIEW,Observed governed value passed market-plausibility review. Directional trading action remains withheld until historical-return and liquidity features are certified.,FULL_MODEL,FORECAST_READY,,False,False,NO_HISTORY_RECORD,NONE,,,,,,,NOT_AVAILABLE,,NO_HISTORY_RECORD,history no_history_record; forecast eligible; recommendation eligible,mtg-hosted-20260728T224613Z,2026-07-28T22:46:13.269710+00:00,MTG,PRE_COLLECTOR_BOOSTER_BOX,USD
344,3,B,61.0,,LIMITED,NONE,CERTIFIED,FORWARD_ONLY,PRE_COLLECTOR_BOOSTER_BOX,Alliances - Booster Box,MTG:PRE_COLLECTOR_BOOSTER_BOX:MTG-CANON-TCGPLAYER-27261,MTG-CANON-TCGPLAYER-27261,27261,Alliances,1996-06-10,2124.97,,,,,,True,SCENARIO_READY,TIER_GUARDED_SCENARIO_BANDS,,NONE,True,ELIGIBLE,HOLD_REVIEW,Observed governed value passed market-plausibility review. Directional trading action remains withheld until historical-return and liquidity features are certified.,FULL_MODEL,FORECAST_READY,,False,False,NO_HISTORY_RECORD,NONE,,,,,,,NOT_AVAILABLE,,NO_HISTORY_RECORD,history no_history_record; forecast eligible; recommendation eligible,mtg-hosted-20260728T224613Z,2026-07-28T22:46:13.269710+00:00,MTG,PRE_COLLECTOR_BOOSTER_BOX,USD
345,4,B,61.0,,LIMITED,NONE,CERTIFIED,FORWARD_ONLY,PRE_COLLECTOR_BOOSTER_BOX,Amonkhet - Booster Box,MTG:PRE_COLLECTOR_BOOSTER_BOX:MTG-CANON-TCGPLAYER-127174,MTG-CANON-TCGPLAYER-127174,127174,Amonkhet,2017-04-28,399.99,,,,,,True,SCENARIO_READY,TIER_GUARDED_SCENARIO_BANDS,,NONE,True,ELIGIBLE,HOLD_REVIEW,Observed governed value passed market-plausibility review. Directional trading action remains withheld until historical-return and liquidity features are certified.,FULL_MODEL,FORECAST_READY,,False,False,NO_HISTORY_RECORD,NONE,,,,,,,NOT_AVAILABLE,,NO_HISTORY_RECORD,history no_history_record; forecast eligible; recommendation eligible,mtg-hosted-20260728T224613Z,2026-07-28T22:46:13.269710+00:00,MTG,PRE_COLLECTOR_BOOSTER_BOX,USD
346,5,B,61.0,,LIMITED,NONE,CERTIFIED,FORWARD_ONLY,PRE_COLLECTOR_BOOSTER_BOX,Avacyn Restored - Booster Box,MTG:PRE_COLLECTOR_BOOSTER_BOX:MTG-CANON-TCGPLAYER-58058,MTG-CANON-TCGPLAYER-58058,58058,Avacyn Restored,2012-05-04,494.48,,,,,,True,SCENARIO_READY,TIER_GUARDED_SCENARIO_BANDS,,NONE,True,ELIGIBLE,HOLD_REVIEW,Observed governed value passed market-plausibility review. Directional trading action remains withheld until historical-return and liquidity features are certified.,FULL_MODEL,FORECAST_READY,,False,False,NO_HISTORY_RECORD,NONE,,,,,,,NOT_AVAILABLE,,NO_HISTORY_RECORD,history no_history_record; forecast eligible; recommendation eligible,mtg-hosted-20260728T224613Z,2026-07-28T22:46:13.269710+00:00,MTG,PRE_COLLECTOR_BOOSTER_BOX,USD
347,6,B,61.0,,LIMITED,NONE,CERTIFIED,FORWARD_ONLY,PRE_COLLECTOR_BOOSTER_BOX,Battle for Zendikar - Booster Box,MTG:PRE_COLLECTOR_BOOSTER_BOX:MTG-CANON-TCGPLAYER-102715,MTG-CANON-TCGPLAYER-102715,102715,Battle for Zendikar,2015-10-02,264.0,,,,,,True,SCENARIO_READY,TIER_GUARDED_SCENARIO_BANDS,,NONE,True,ELIGIBLE,HOLD_REVIEW,Observed governed value passed market-plausibility review. Directional trading action remains withheld until historical-return and liquidity features are certified.,FULL_MODEL,FORECAST_READY,,False,False,NO_HISTORY_RECORD,NONE,,,,,,,NOT_AVAILABLE,,NO_HISTORY_RECORD,history no_history_record; forecast eligible; recommendation eligible,mtg-hosted-20260728T224613Z,2026-07-28T22:46:13.269710+00:00,MTG,PRE_COLLECTOR_BOOSTER_BOX,USD
348,7,B,61.0,,LIMITED,NONE,CERTIFIED,FORWARD_ONLY,PRE_COLLECTOR_BOOSTER_BOX,Battlebond - Booster Box,MTG:PRE_COLLECTOR_BOOSTER_BOX:MTG-CANON-TCGPLAYER-166536,MTG-CANON-TCGPLAYER-166536,166536,Battlebond,2018-06-08,322.92,,,,,,True,SCENARIO_READY,TIER_GUARDED_SCENARIO_BANDS,,NONE,True,ELIGIBLE,HOLD_REVIEW,Observed governed value passed market-plausibility review. Directional trading action remains withheld until historical-return and liquidity features are certified.,FULL_MODEL,FORECAST_READY,,False,False,NO_HISTORY_RECORD,NONE,,,,,,,NOT_AVAILABLE,,NO_HISTORY_RECORD,history no_history_record; forecast eligible; recommendation eligible,mtg-hosted-20260728T224613Z,2026-07-28T22:46:13.269710+00:00,MTG,PRE_COLLECTOR_BOOSTER_BOX,USD
349,8,B,61.0,,LIMITED,NONE,CERTIFIED,FORWARD_ONLY,PRE_COLLECTOR_BOOSTER_BOX,Betrayers of Kamigawa - Booster Box,MTG:PRE_COLLECTOR_BOOSTER_BOX:MTG-CANON-TCGPLAYER-27267,MTG-CANON-TCGPLAYER-27267,27267,Betrayers of Kamigawa,2005-02-04,905.0,,,,,,True,SCENARIO_READY,TIER_GUARDED_SCENARIO_BANDS,,NONE,True,ELIGIBLE,HOLD_REVIEW,Observed governed value passed market-plausibility review. Directional trading action remains withheld until historical-return and liquidity features are certified.,FULL_MODEL,FORECAST_READY,,False,False,NO_HISTORY_RECORD,NONE,,,,,,,NOT_AVAILABLE,,NO_HISTORY_RECORD,history no_history_record; forecast eligible; recommendation eligible,mtg-hosted-20260728T224613Z,2026-07-28T22:46:13.269710+00:00,MTG,PRE_COLLECTOR_BOOSTER_BOX,USD
350,9,B,61.0,,LIMITED,NONE,CERTIFIED,FORWARD_ONLY,PRE_COLLECTOR_BOOSTER_BOX,Born of the Gods - Booster Box,MTG:PRE_COLLECTOR_BOOSTER_BOX:MTG-CANON-TCGPLAYER-77321,MTG-CANON-TCGPLAYER-77321,77321,Born of the Gods,2014-02-07,227.0,,,,,,True,SCENARIO_READY,TIER_GUARDED_SCENARIO_BANDS,,NONE,True,ELIGIBLE,HOLD_REVIEW,Observed governed value passed market-plausibility review. Directional trading action remains withheld until historical-return and liquidity features are certified.,FULL_MODEL,FORECAST_READY,,False,False,NO_HISTORY_RECORD,NONE,,,,,,,NOT_AVAILABLE,,NO_HISTORY_RECORD,history no_history_record; forecast eligible; recommendation eligible,mtg-hosted-20260728T224613Z,2026-07-28T22:46:13.269710+00:00,MTG,PRE_COLLECTOR_BOOSTER_BOX,USD
351,10,B,61.0,,LIMITED,NONE,CERTIFIED,FORWARD_ONLY,PRE_COLLECTOR_BOOSTER_BOX,Coldsnap - Booster Box,MTG:PRE_COLLECTOR_BOOSTER_BOX:MTG-CANON-TCGPLAYER-27271,MTG-CANON-TCGPLAYER-27271,27271,Coldsnap,2006-07-21,1499.99,,,,,,True,SCENARIO_READY,TIER_GUARDED_SCENARIO_BANDS,,NONE,True,ELIGIBLE,HOLD_REVIEW,Observed governed value passed market-plausibility review. Directional trading action remains withheld until historical-return and liquidity features are certified.,FULL_MODEL,FORECAST_READY,,False,False,NO_HISTORY_RECORD,NONE,,,,,,,NOT_AVAILABLE,,NO_HISTORY_RECORD,history no_history_record; forecast eligible; recommendation eligible,mtg-hosted-20260728T224613Z,2026-07-28T22:46:13.269710+00:00,MTG,PRE_COLLECTOR_BOOSTER_BOX,USD
352,11,B,61.0,,LIMITED,NONE,CERTIFIED,FORWARD_ONLY,PRE_COLLECTOR_BOOSTER_BOX,Conflux - Booster Box,MTG:PRE_COLLECTOR_BOOSTER_BOX:MTG-CANON-TCGPLAYER-93516,MTG-CANON-TCGPLAYER-93516,93516,Conflux,2009-02-06,760.0,,,,,,True,SCENARIO_READY,TIER_GUARDED_SCENARIO_BANDS,,NONE,True,ELIGIBLE,HOLD_REVIEW,Observed governed value passed market-plausibility review. Directional trading action remains withheld until historical-return and liquidity features are certified.,FULL_MODEL,FORECAST_READY,,False,False,NO_HISTORY_RECORD,NONE,,,,,,,NOT_AVAILABLE,,NO_HISTORY_RECORD,history no_history_record; forecast eligible; recommendation eligible,mtg-hosted-20260728T224613Z,2026-07-28T22:46:13.269710+00:00,MTG,PRE_COLLECTOR_BOOSTER_BOX,USD
353,12,B,61.0,,LIMITED,NONE,CERTIFIED,FORWARD_ONLY,PRE_COLLECTOR_BOOSTER_BOX,Conspiracy - Booster Box,MTG:PRE_COLLECTOR_BOOSTER_BOX:MTG-CANON-TCGPLAYER-82200,MTG-CANON-TCGPLAYER-82200,82200,Conspiracy,2014-06-06,235.26,,,,,,True,SCENARIO_READY,TIER_GUARDED_SCENARIO_BANDS,,NONE,True,ELIGIBLE,HOLD_REVIEW,Observed governed value passed market-plausibility review. Directional trading action remains withheld until historical-return and liquidity features are certified.,FULL_MODEL,FORECAST_READY,,False,False,NO_HISTORY_RECORD,NONE,,,,,,,NOT_AVAILABLE,,NO_HISTORY_RECORD,history no_history_record; forecast eligible; recommendation eligible,mtg-hosted-20260728T224613Z,2026-07-28T22:46:13.269710+00:00,MTG,PRE_COLLECTOR_BOOSTER_BOX,USD
354,13,B,61.0,,LIMITED,NONE,CERTIFIED,FORWARD_ONLY,PRE_COLLECTOR_BOOSTER_BOX,Conspiracy: Take the Crown - Booster Box,MTG:PRE_COLLECTOR_BOOSTER_BOX:MTG-CANON-TCGPLAYER-120965,MTG-CANON-TCGPLAYER-120965,120965,Conspiracy: Take the Crown,2016-03-01,225.0,,,,,,True,SCENARIO_READY,TIER_GUARDED_SCENARIO_BANDS,,NONE,True,ELIGIBLE,HOLD_REVIEW,Observed governed value passed market-plausibility review. Directional trading action remains withheld until historical-return and liquidity features are certified.,FULL_MODEL,FORECAST_READY,,False,False,NO_HISTORY_RECORD,NONE,,,,,,,NOT_AVAILABLE,,NO_HISTORY_RECORD,history no_history_record; forecast eligible; recommendation eligible,mtg-hosted-20260728T224613Z,2026-07-28T22:46:13.269710+00:00,MTG,PRE_COLLECTOR_BOOSTER_BOX,USD
355,14,B,61.0,,LIMITED,NONE,CERTIFIED,FORWARD_ONLY,PRE_COLLECTOR_BOOSTER_BOX,Core Set 2019 - Booster Box,MTG:PRE_COLLECTOR_BOOSTER_BOX:MTG-CANON-TCGPLAYER-166550,MTG-CANON-TCGPLAYER-166550,166550,Core Set 2019,2018-07-13,220.0,,,,,,True,SCENARIO_READY,TIER_GUARDED_SCENARIO_BANDS,,NONE,True,ELIGIBLE,HOLD_REVIEW,Observed governed value passed market-plausibility review. Directional trading action remains withheld until historical-return and liquidity features are certified.,FULL_MODEL,FORECAST_READY,,False,False,NO_HISTORY_RECORD,NONE,,,,,,,NOT_AVAILABLE,,NO_HISTORY_RECORD,history no_history_record; forecast eligible; recommendation eligible,mtg-hosted-20260728T224613Z,2026-07-28T22:46:13.269710+00:00,MTG,PRE_COLLECTOR_BOOSTER_BOX,USD
356,15,B,61.0,,LIMITED,NONE,CERTIFIED,FORWARD_ONLY,PRE_COLLECTOR_BOOSTER_BOX,Core Set 2020 - Booster Box,MTG:PRE_COLLECTOR_BOOSTER_BOX:MTG-CANON-TCGPLAYER-188210,MTG-CANON-TCGPLAYER-188210,188210,Core Set 2020,2019-07-12,178.5,,,,,,True,SCENARIO_READY,TIER_GUARDED_SCENARIO_BANDS,,NONE,True,ELIGIBLE,HOLD_REVIEW,Observed governed value passed market-plausibility review. Directional trading action remains withheld until historical-return and liquidity features are certified.,FULL_MODEL,FORECAST_READY,,False,False,NO_HISTORY_RECORD,NONE,,,,,,,NOT_AVAILABLE,,NO_HISTORY_RECORD,history no_history_record; forecast eligible; recommendation eligible,mtg-hosted-20260728T224613Z,2026-07-28T22:46:13.269710+00:00,MTG,PRE_COLLECTOR_BOOSTER_BOX,USD
357,16,B,61.0,,LIMITED,NONE,CERTIFIED,FORWARD_ONLY,PRE_COLLECTOR_BOOSTER_BOX,Dark Ascension - Booster Box,MTG:PRE_COLLECTOR_BOOSTER_BOX:MTG-CANON-TCGPLAYER-57584,MTG-CANON-TCGPLAYER-57584,57584,Dark Ascension,2012-02-03,264.99,,,,,,True,SCENARIO_READY,TIER_GUARDED_SCENARIO_BANDS,,NONE,True,ELIGIBLE,HOLD_REVIEW,Observed governed value passed market-plausibility review. Directional trading action remains withheld until historical-return and liquidity features are certified.,FULL_MODEL,FORECAST_READY,,False,False,NO_HISTORY_RECORD,NONE,,,,,,,NOT_AVAILABLE,,NO_HISTORY_RECORD,history no_history_record; forecast eligible; recommendation eligible,mtg-hosted-20260728T224613Z,2026-07-28T22:46:13.269710+00:00,MTG,PRE_COLLECTOR_BOOSTER_BOX,USD
358,17,B,61.0,,LIMITED,NONE,CERTIFIED,FORWARD_ONLY,PRE_COLLECTOR_BOOSTER_BOX,Dominaria - Booster Box,MTG:PRE_COLLECTOR_BOOSTER_BOX:MTG-CANON-TCGPLAYER-158423,MTG-CANON-TCGPLAYER-158423,158423,Dominaria,2018-04-27,227.0,,,,,,True,SCENARIO_READY,TIER_GUARDED_SCENARIO_BANDS,,NONE,True,ELIGIBLE,HOLD_REVIEW,Observed governed value passed market-plausibility review. Directional trading action remains withheld until historical-return and liquidity features are certified.,FULL_MODEL,FORECAST_READY,,False,False,NO_HISTORY_RECORD,NONE,,,,,,,NOT_AVAILABLE,,NO_HISTORY_RECORD,history no_history_record; forecast eligible; recommendation eligible,mtg-hosted-20260728T224613Z,2026-07-28T22:46:13.269710+00:00,MTG,PRE_COLLECTOR_BOOSTER_BOX,USD
359,18,B,61.0,,LIMITED,NONE,CERTIFIED,FORWARD_ONLY,PRE_COLLECTOR_BOOSTER_BOX,Dragon's Maze - Booster Box,MTG:PRE_COLLECTOR_BOOSTER_BOX:MTG-CANON-TCGPLAYER-67751,MTG-CANON-TCGPLAYER-67751,67751,Dragon's Maze,2013-05-03,144.97,,,,,,True,SCENARIO_READY,TIER_GUARDED_SCENARIO_BANDS,,NONE,True,ELIGIBLE,HOLD_REVIEW,Observed governed value passed market-plausibility review. Directional trading action remains withheld until historical-return and liquidity features are certified.,FULL_MODEL,FORECAST_READY,,False,False,NO_HISTORY_RECORD,NONE,,,,,,,NOT_AVAILABLE,,NO_HISTORY_RECORD,history no_history_record; forecast eligible; recommendation eligible,mtg-hosted-20260728T224613Z,2026-07-28T22:46:13.269710+00:00,MTG,PRE_COLLECTOR_BOOSTER_BOX,USD
360,19,B,61.0,,LIMITED,NONE,CERTIFIED,FORWARD_ONLY,PRE_COLLECTOR_BOOSTER_BOX,Eldritch Moon - Booster Box,MTG:PRE_COLLECTOR_BOOSTER_BOX:MTG-CANON-TCGPLAYER-118393,MTG-CANON-TCGPLAYER-118393,118393,Eldritch Moon,2016-02-16,329.0,,,,,,True,SCENARIO_READY,TIER_GUARDED_SCENARIO_BANDS,,NONE,True,ELIGIBLE,HOLD_REVIEW,Observed governed value passed market-plausibility review. Directional trading action remains withheld until historical-return and liquidity features are certified.,FULL_MODEL,FORECAST_READY,,False,False,NO_HISTORY_RECORD,NONE,,,,,,,NOT_AVAILABLE,,NO_HISTORY_RECORD,history no_history_record; forecast eligible; recommendation eligible,mtg-hosted-20260728T224613Z,2026-07-28T22:46:13.269710+00:00,MTG,PRE_COLLECTOR_BOOSTER_BOX,USD
361,20,B,61.0,,LIMITED,NONE,CERTIFIED,FORWARD_ONLY,PRE_COLLECTOR_BOOSTER_BOX,Fallen Empires - Booster Box,MTG:PRE_COLLECTOR_BOOSTER_BOX:MTG-CANON-TCGPLAYER-27276,MTG-CANON-TCGPLAYER-27276,27276,Fallen Empires,1994-11-01,519.47,,,,,,True,SCENARIO_READY,TIER_GUARDED_SCENARIO_BANDS,,NONE,True,ELIGIBLE,HOLD_REVIEW,Observed governed value passed market-plausibility review. Directional trading action remains withheld until historical-return and liquidity features are certified.,FULL_MODEL,FORECAST_READY,,False,False,NO_HISTORY_RECORD,NONE,,,,,,,NOT_AVAILABLE,,NO_HISTORY_RECORD,history no_history_record; forecast eligible; recommendation eligible,mtg-hosted-20260728T224613Z,2026-07-28T22:46:13.269710+00:00,MTG,PRE_COLLECTOR_BOOSTER_BOX,USD
362,21,B,61.0,,LIMITED,NONE,CERTIFIED,FORWARD_ONLY,PRE_COLLECTOR_BOOSTER_BOX,Fate Reforged - Booster Box,MTG:PRE_COLLECTOR_BOOSTER_BOX:MTG-CANON-TCGPLAYER-94746,MTG-CANON-TCGPLAYER-94746,94746,Fate Reforged,2015-01-21,214.88,,,,,,True,SCENARIO_READY,TIER_GUARDED_SCENARIO_BANDS,,NONE,True,ELIGIBLE,HOLD_REVIEW,Observed governed value passed market-plausibility review. Directional trading action remains withheld until historical-return and liquidity features are certified.,FULL_MODEL,FORECAST_READY,,False,False,NO_HISTORY_RECORD,NONE,,,,,,,NOT_AVAILABLE,,NO_HISTORY_RECORD,history no_history_record; forecast eligible; recommendation eligible,mtg-hosted-20260728T224613Z,2026-07-28T22:46:13.269710+00:00,MTG,PRE_COLLECTOR_BOOSTER_BOX,USD
363,22,B,61.0,,LIMITED,NONE,CERTIFIED,FORWARD_ONLY,PRE_COLLECTOR_BOOSTER_BOX,Fifth Dawn - Booster Box,MTG:PRE_COLLECTOR_BOOSTER_BOX:MTG-CANON-TCGPLAYER-27277,MTG-CANON-TCGPLAYER-27277,27277,Fifth Dawn,2004-06-04,1100.0,,,,,,True,SCENARIO_READY,TIER_GUARDED_SCENARIO_BANDS,,NONE,True,ELIGIBLE,HOLD_REVIEW,Observed governed value passed market-plausibility review. Directional trading action remains withheld until historical-return and liquidity features are certified.,FULL_MODEL,FORECAST_READY,,False,False,NO_HISTORY_RECORD,NONE,,,,,,,NOT_AVAILABLE,,NO_HISTORY_RECORD,history no_history_record; forecast eligible; recommendation eligible,mtg-hosted-20260728T224613Z,2026-07-28T22:46:13.269710+00:00,MTG,PRE_COLLECTOR_BOOSTER_BOX,USD
364,23,B,61.0,,LIMITED,NONE,CERTIFIED,FORWARD_ONLY,PRE_COLLECTOR_BOOSTER_BOX,Future Sight - Booster Box,MTG:PRE_COLLECTOR_BOOSTER_BOX:MTG-CANON-TCGPLAYER-27280,MTG-CANON-TCGPLAYER-27280,27280,Future Sight,2007-05-04,1649.99,,,,,,True,SCENARIO_READY,TIER_GUARDED_SCENARIO_BANDS,,NONE,True,ELIGIBLE,HOLD_REVIEW,Observed governed value passed market-plausibility review. Directional trading action remains withheld until historical-return and liquidity features are certified.,FULL_MODEL,FORECAST_READY,,False,False,NO_HISTORY_RECORD,NONE,,,,,,,NOT_AVAILABLE,,NO_HISTORY_RECORD,history no_history_record; forecast eligible; recommendation eligible,mtg-hosted-20260728T224613Z,2026-07-28T22:46:13.269710+00:00,MTG,PRE_COLLECTOR_BOOSTER_BOX,USD
365,24,B,61.0,,LIMITED,NONE,CERTIFIED,FORWARD_ONLY,PRE_COLLECTOR_BOOSTER_BOX,Gatecrash - Booster Box,MTG:PRE_COLLECTOR_BOOSTER_BOX:MTG-CANON-TCGPLAYER-67311,MTG-CANON-TCGPLAYER-67311,67311,Gatecrash,2013-02-01,174.97,,,,,,True,SCENARIO_READY,TIER_GUARDED_SCENARIO_BANDS,,NONE,True,ELIGIBLE,HOLD_REVIEW,Observed governed value passed market-plausibility review. Directional trading action remains withheld until historical-return and liquidity features are certified.,FULL_MODEL,FORECAST_READY,,False,False,NO_HISTORY_RECORD,NONE,,,,,,,NOT_AVAILABLE,,NO_HISTORY_RECORD,history no_history_record; forecast eligible; recommendation eligible,mtg-hosted-20260728T224613Z,2026-07-28T22:46:13.269710+00:00,MTG,PRE_COLLECTOR_BOOSTER_BOX,USD
366,25,B,61.0,,LIMITED,NONE,CERTIFIED,FORWARD_ONLY,PRE_COLLECTOR_BOOSTER_BOX,Guilds of Ravnica - Booster Box,MTG:PRE_COLLECTOR_BOOSTER_BOX:MTG-CANON-TCGPLAYER-173362,MTG-CANON-TCGPLAYER-173362,173362,Guilds of Ravnica,2018-10-05,179.99,,,,,,True,SCENARIO_READY,TIER_GUARDED_SCENARIO_BANDS,,NONE,True,ELIGIBLE,HOLD_REVIEW,Observed governed value passed market-plausibility review. Directional trading action remains withheld until historical-return and liquidity features are certified.,FULL_MODEL,FORECAST_READY,,False,False,NO_HISTORY_RECORD,NONE,,,,,,,NOT_AVAILABLE,,NO_HISTORY_RECORD,history no_history_record; forecast eligible; recommendation eligible,mtg-hosted-20260728T224613Z,2026-07-28T22:46:13.269710+00:00,MTG,PRE_COLLECTOR_BOOSTER_BOX,USD
367,26,B,61.0,,LIMITED,NONE,CERTIFIED,FORWARD_ONLY,PRE_COLLECTOR_BOOSTER_BOX,Homelands - Booster Box,MTG:PRE_COLLECTOR_BOOSTER_BOX:MTG-CANON-TCGPLAYER-27282,MTG-CANON-TCGPLAYER-27282,27282,Homelands,1995-10-01,509.5,,,,,,True,SCENARIO_READY,TIER_GUARDED_SCENARIO_BANDS,,NONE,True,ELIGIBLE,HOLD_REVIEW,Observed governed value passed market-plausibility review. Directional trading action remains withheld until historical-return and liquidity features are certified.,FULL_MODEL,FORECAST_READY,,False,False,NO_HISTORY_RECORD,NONE,,,,,,,NOT_AVAILABLE,,NO_HISTORY_RECORD,history no_history_record; forecast eligible; recommendation eligible,mtg-hosted-20260728T224613Z,2026-07-28T22:46:13.269710+00:00,MTG,PRE_COLLECTOR_BOOSTER_BOX,USD
368,27,B,61.0,,LIMITED,NONE,CERTIFIED,FORWARD_ONLY,PRE_COLLECTOR_BOOSTER_BOX,Hour of Devastation - Booster Box,MTG:PRE_COLLECTOR_BOOSTER_BOX:MTG-CANON-TCGPLAYER-131456,MTG-CANON-TCGPLAYER-131456,131456,Hour of Devastation,2017-07-14,327.49,,,,,,True,SCENARIO_READY,TIER_GUARDED_SCENARIO_BANDS,,NONE,True,ELIGIBLE,HOLD_REVIEW,Observed governed value passed market-plausibility review. Directional trading action remains withheld until historical-return and liquidity features are certified.,FULL_MODEL,FORECAST_READY,,False,False,NO_HISTORY_RECORD,NONE,,,,,,,NOT_AVAILABLE,,NO_HISTORY_RECORD,history no_history_record; forecast eligible; recommendation eligible,mtg-hosted-20260728T224613Z,2026-07-28T22:46:13.269710+00:00,MTG,PRE_COLLECTOR_BOOSTER_BOX,USD
369,28,B,61.0,,LIMITED,NONE,CERTIFIED,FORWARD_ONLY,PRE_COLLECTOR_BOOSTER_BOX,Ice Age - Booster Box,MTG:PRE_COLLECTOR_BOOSTER_BOX:MTG-CANON-TCGPLAYER-27283,MTG-CANON-TCGPLAYER-27283,27283,Ice Age,1995-06-03,1589.5,,,,,,True,SCENARIO_READY,TIER_GUARDED_SCENARIO_BANDS,,NONE,True,ELIGIBLE,HOLD_REVIEW,Observed governed value passed market-plausibility review. Directional trading action remains withheld until historical-return and liquidity features are certified.,FULL_MODEL,FORECAST_READY,,False,False,NO_HISTORY_RECORD,NONE,,,,,,,NOT_AVAILABLE,,NO_HISTORY_RECORD,history no_history_record; forecast eligible; recommendation eligible,mtg-hosted-20260728T224613Z,2026-07-28T22:46:13.269710+00:00,MTG,PRE_COLLECTOR_BOOSTER_BOX,USD
370,29,B,61.0,,LIMITED,NONE,CERTIFIED,FORWARD_ONLY,PRE_COLLECTOR_BOOSTER_BOX,Iconic Masters - Booster Box,MTG:PRE_COLLECTOR_BOOSTER_BOX:MTG-CANON-TCGPLAYER-145235,MTG-CANON-TCGPLAYER-145235,145235,Iconic Masters,2017-11-17,334.88,,,,,,True,SCENARIO_READY,TIER_GUARDED_SCENARIO_BANDS,,NONE,True,ELIGIBLE,HOLD_REVIEW,Observed governed value passed market-plausibility review. Directional trading action remains withheld until historical-return and liquidity features are certified.,FULL_MODEL,FORECAST_READY,,False,False,NO_HISTORY_RECORD,NONE,,,,,,,NOT_AVAILABLE,,NO_HISTORY_RECORD,history no_history_record; forecast eligible; recommendation eligible,mtg-hosted-20260728T224613Z,2026-07-28T22:46:13.269710+00:00,MTG,PRE_COLLECTOR_BOOSTER_BOX,USD
371,30,B,61.0,,LIMITED,NONE,CERTIFIED,FORWARD_ONLY,PRE_COLLECTOR_BOOSTER_BOX,Invasion - Booster Box,MTG:PRE_COLLECTOR_BOOSTER_BOX:MTG-CANON-TCGPLAYER-27284,MTG-CANON-TCGPLAYER-27284,27284,Invasion,2000-10-02,1307.47,,,,,,True,SCENARIO_READY,TIER_GUARDED_SCENARIO_BANDS,,NONE,True,ELIGIBLE,HOLD_REVIEW,Observed governed value passed market-plausibility review. Directional trading action remains withheld until historical-return and liquidity features are certified.,FULL_MODEL,FORECAST_READY,,False,False,NO_HISTORY_RECORD,NONE,,,,,,,NOT_AVAILABLE,,NO_HISTORY_RECORD,history no_history_record; forecast eligible; recommendation eligible,mtg-hosted-20260728T224613Z,2026-07-28T22:46:13.269710+00:00,MTG,PRE_COLLECTOR_BOOSTER_BOX,USD
372,31,B,61.0,,LIMITED,NONE,CERTIFIED,FORWARD_ONLY,PRE_COLLECTOR_BOOSTER_BOX,Ixalan - Booster Box,MTG:PRE_COLLECTOR_BOOSTER_BOX:MTG-CANON-TCGPLAYER-141989,MTG-CANON-TCGPLAYER-141989,141989,Ixalan,2017-09-29,209.34,,,,,,True,SCENARIO_READY,TIER_GUARDED_SCENARIO_BANDS,,NONE,True,ELIGIBLE,HOLD_REVIEW,Observed governed value passed market-plausibility review. Directional trading action remains withheld until historical-return and liquidity features are certified.,FULL_MODEL,FORECAST_READY,,False,False,NO_HISTORY_RECORD,NONE,,,,,,,NOT_AVAILABLE,,NO_HISTORY_RECORD,history no_history_record; forecast eligible; recommendation eligible,mtg-hosted-20260728T224613Z,2026-07-28T22:46:13.269710+00:00,MTG,PRE_COLLECTOR_BOOSTER_BOX,USD
373,32,B,61.0,,LIMITED,NONE,CERTIFIED,FORWARD_ONLY,PRE_COLLECTOR_BOOSTER_BOX,Journey Into Nyx - Booster Box,MTG:PRE_COLLECTOR_BOOSTER_BOX:MTG-CANON-TCGPLAYER-77322,MTG-CANON-TCGPLAYER-77322,77322,Journey Into Nyx,2014-05-02,269.95,,,,,,True,SCENARIO_READY,TIER_GUARDED_SCENARIO_BANDS,,NONE,True,ELIGIBLE,HOLD_REVIEW,Observed governed value passed market-plausibility review. Directional trading action remains withheld until historical-return and liquidity features are certified.,FULL_MODEL,FORECAST_READY,,False,False,NO_HISTORY_RECORD,NONE,,,,,,,NOT_AVAILABLE,,NO_HISTORY_RECORD,history no_history_record; forecast eligible; recommendation eligible,mtg-hosted-20260728T224613Z,2026-07-28T22:46:13.269710+00:00,MTG,PRE_COLLECTOR_BOOSTER_BOX,USD
374,33,B,61.0,,LIMITED,NONE,CERTIFIED,FORWARD_ONLY,PRE_COLLECTOR_BOOSTER_BOX,Kaladesh - Booster Box,MTG:PRE_COLLECTOR_BOOSTER_BOX:MTG-CANON-TCGPLAYER-121527,MTG-CANON-TCGPLAYER-121527,121527,Kaladesh,2016-05-30,535.88,,,,,,True,SCENARIO_READY,TIER_GUARDED_SCENARIO_BANDS,,NONE,True,ELIGIBLE,HOLD_REVIEW,Observed governed value passed market-plausibility review. Directional trading action remains withheld until historical-return and liquidity features are certified.,FULL_MODEL,FORECAST_READY,,False,False,NO_HISTORY_RECORD,NONE,,,,,,,NOT_AVAILABLE,,NO_HISTORY_RECORD,history no_history_record; forecast eligible; recommendation eligible,mtg-hosted-20260728T224613Z,2026-07-28T22:46:13.269710+00:00,MTG,PRE_COLLECTOR_BOOSTER_BOX,USD
375,34,B,61.0,,LIMITED,NONE,CERTIFIED,FORWARD_ONLY,PRE_COLLECTOR_BOOSTER_BOX,Magic Origins - Booster Box,MTG:PRE_COLLECTOR_BOOSTER_BOX:MTG-CANON-TCGPLAYER-96147,MTG-CANON-TCGPLAYER-96147,96147,Magic Origins,2015-06-03,199.99,,,,,,True,SCENARIO_READY,TIER_GUARDED_SCENARIO_BANDS,,NONE,True,ELIGIBLE,HOLD_REVIEW,Observed governed value passed market-plausibility review. Directional trading action remains withheld until historical-return and liquidity features are certified.,FULL_MODEL,FORECAST_READY,,False,False,NO_HISTORY_RECORD,NONE,,,,,,,NOT_AVAILABLE,,NO_HISTORY_RECORD,history no_history_record; forecast eligible; recommendation eligible,mtg-hosted-20260728T224613Z,2026-07-28T22:46:13.269710+00:00,MTG,PRE_COLLECTOR_BOOSTER_BOX,USD
376,35,B,61.0,,LIMITED,NONE,CERTIFIED,FORWARD_ONLY,PRE_COLLECTOR_BOOSTER_BOX,Masters 25 - Booster Box,MTG:PRE_COLLECTOR_BOOSTER_BOX:MTG-CANON-TCGPLAYER-157857,MTG-CANON-TCGPLAYER-157857,157857,Masters 25,2018-03-16,323.98,,,,,,True,SCENARIO_READY,TIER_GUARDED_SCENARIO_BANDS,,NONE,True,ELIGIBLE,HOLD_REVIEW,Observed governed value passed market-plausibility review. Directional trading action remains withheld until historical-return and liquidity features are certified.,FULL_MODEL,FORECAST_READY,,False,False,NO_HISTORY_RECORD,NONE,,,,,,,NOT_AVAILABLE,,NO_HISTORY_RECORD,history no_history_record; forecast eligible; recommendation eligible,mtg-hosted-20260728T224613Z,2026-07-28T22:46:13.269710+00:00,MTG,PRE_COLLECTOR_BOOSTER_BOX,USD
377,36,B,61.0,,LIMITED,NONE,CERTIFIED,FORWARD_ONLY,PRE_COLLECTOR_BOOSTER_BOX,Mirrodin - Booster Box,MTG:PRE_COLLECTOR_BOOSTER_BOX:MTG-CANON-TCGPLAYER-27291,MTG-CANON-TCGPLAYER-27291,27291,Mirrodin,2003-10-02,886.94,,,,,,True,SCENARIO_READY,TIER_GUARDED_SCENARIO_BANDS,,NONE,True,ELIGIBLE,HOLD_REVIEW,Observed governed value passed market-plausibility review. Directional trading action remains withheld until historical-return and liquidity features are certified.,FULL_MODEL,FORECAST_READY,,False,False,NO_HISTORY_RECORD,NONE,,,,,,,NOT_AVAILABLE,,NO_HISTORY_RECORD,history no_history_record; forecast eligible; recommendation eligible,mtg-hosted-20260728T224613Z,2026-07-28T22:46:13.269710+00:00,MTG,PRE_COLLECTOR_BOOSTER_BOX,USD
378,37,B,61.0,,LIMITED,NONE,CERTIFIED,FORWARD_ONLY,PRE_COLLECTOR_BOOSTER_BOX,Mirrodin Besieged - Booster Box,MTG:PRE_COLLECTOR_BOOSTER_BOX:MTG-CANON-TCGPLAYER-39109,MTG-CANON-TCGPLAYER-39109,39109,Mirrodin Besieged,2011-02-04,625.0,,,,,,True,SCENARIO_READY,TIER_GUARDED_SCENARIO_BANDS,,NONE,True,ELIGIBLE,HOLD_REVIEW,Observed governed value passed market-plausibility review. Directional trading action remains withheld until historical-return and liquidity features are certified.,FULL_MODEL,FORECAST_READY,,False,False,NO_HISTORY_RECORD,NONE,,,,,,,NOT_AVAILABLE,,NO_HISTORY_RECORD,history no_history_record; forecast eligible; recommendation eligible,mtg-hosted-20260728T224613Z,2026-07-28T22:46:13.269710+00:00,MTG,PRE_COLLECTOR_BOOSTER_BOX,USD
379,38,B,61.0,,LIMITED,NONE,CERTIFIED,FORWARD_ONLY,PRE_COLLECTOR_BOOSTER_BOX,Modern Horizons - Booster Box,MTG:PRE_COLLECTOR_BOOSTER_BOX:MTG-CANON-TCGPLAYER-185894,MTG-CANON-TCGPLAYER-185894,185894,Modern Horizons,2019-06-13,309.98,,,,,,True,SCENARIO_READY,TIER_GUARDED_SCENARIO_BANDS,,NONE,True,ELIGIBLE,HOLD_REVIEW,Observed governed value passed market-plausibility review. Directional trading action remains withheld until historical-return and liquidity features are certified.,FULL_MODEL,FORECAST_READY,,False,False,NO_HISTORY_RECORD,NONE,,,,,,,NOT_AVAILABLE,,NO_HISTORY_RECORD,history no_history_record; forecast eligible; recommendation eligible,mtg-hosted-20260728T224613Z,2026-07-28T22:46:13.269710+00:00,MTG,PRE_COLLECTOR_BOOSTER_BOX,USD
380,39,B,61.0,,LIMITED,NONE,CERTIFIED,FORWARD_ONLY,PRE_COLLECTOR_BOOSTER_BOX,Modern Masters - Booster Box,MTG:PRE_COLLECTOR_BOOSTER_BOX:MTG-CANON-TCGPLAYER-68104,MTG-CANON-TCGPLAYER-68104,68104,Modern Masters,2013-06-07,425.0,,,,,,True,SCENARIO_READY,TIER_GUARDED_SCENARIO_BANDS,,NONE,True,ELIGIBLE,HOLD_REVIEW,Observed governed value passed market-plausibility review. Directional trading action remains withheld until historical-return and liquidity features are certified.,FULL_MODEL,FORECAST_READY,,False,False,NO_HISTORY_RECORD,NONE,,,,,,,NOT_AVAILABLE,,NO_HISTORY_RECORD,history no_history_record; forecast eligible; recommendation eligible,mtg-hosted-20260728T224613Z,2026-07-28T22:46:13.269710+00:00,MTG,PRE_COLLECTOR_BOOSTER_BOX,USD
381,40,B,61.0,,LIMITED,NONE,CERTIFIED,FORWARD_ONLY,PRE_COLLECTOR_BOOSTER_BOX,Modern Masters 2015 - Booster Box,MTG:PRE_COLLECTOR_BOOSTER_BOX:MTG-CANON-TCGPLAYER-95052,MTG-CANON-TCGPLAYER-95052,95052,Modern Masters 2015,2015-05-22,424.99,,,,,,True,SCENARIO_READY,TIER_GUARDED_SCENARIO_BANDS,,NONE,True,ELIGIBLE,HOLD_REVIEW,Observed governed value passed market-plausibility review. Directional trading action remains withheld until historical-return and liquidity features are certified.,FULL_MODEL,FORECAST_READY,,False,False,NO_HISTORY_RECORD,NONE,,,,,,,NOT_AVAILABLE,,NO_HISTORY_RECORD,history no_history_record; forecast eligible; recommendation eligible,mtg-hosted-20260728T224613Z,2026-07-28T22:46:13.269710+00:00,MTG,PRE_COLLECTOR_BOOSTER_BOX,USD
382,41,B,61.0,,LIMITED,NONE,CERTIFIED,FORWARD_ONLY,PRE_COLLECTOR_BOOSTER_BOX,Modern Masters 2017 - Booster Box,MTG:PRE_COLLECTOR_BOOSTER_BOX:MTG-CANON-TCGPLAYER-127069,MTG-CANON-TCGPLAYER-127069,127069,Modern Masters 2017,2017-03-17,354.0,,,,,,True,SCENARIO_READY,TIER_GUARDED_SCENARIO_BANDS,,NONE,True,ELIGIBLE,HOLD_REVIEW,Observed governed value passed market-plausibility review. Directional trading action remains withheld until historical-return and liquidity features are certified.,FULL_MODEL,FORECAST_READY,,False,False,NO_HISTORY_RECORD,NONE,,,,,,,NOT_AVAILABLE,,NO_HISTORY_RECORD,history no_history_record; forecast eligible; recommendation eligible,mtg-hosted-20260728T224613Z,2026-07-28T22:46:13.269710+00:00,MTG,PRE_COLLECTOR_BOOSTER_BOX,USD
383,42,B,61.0,,LIMITED,NONE,CERTIFIED,FORWARD_ONLY,PRE_COLLECTOR_BOOSTER_BOX,Morningtide - Booster Box,MTG:PRE_COLLECTOR_BOOSTER_BOX:MTG-CANON-TCGPLAYER-27292,MTG-CANON-TCGPLAYER-27292,27292,Morningtide,2008-02-01,947.5,,,,,,True,SCENARIO_READY,TIER_GUARDED_SCENARIO_BANDS,,NONE,True,ELIGIBLE,HOLD_REVIEW,Observed governed value passed market-plausibility review. Directional trading action remains withheld until historical-return and liquidity features are certified.,FULL_MODEL,FORECAST_READY,,False,False,NO_HISTORY_RECORD,NONE,,,,,,,NOT_AVAILABLE,,NO_HISTORY_RECORD,history no_history_record; forecast eligible; recommendation eligible,mtg-hosted-20260728T224613Z,2026-07-28T22:46:13.269710+00:00,MTG,PRE_COLLECTOR_BOOSTER_BOX,USD
384,43,B,61.0,,LIMITED,NONE,CERTIFIED,FORWARD_ONLY,PRE_COLLECTOR_BOOSTER_BOX,Nemesis - Booster Box,MTG:PRE_COLLECTOR_BOOSTER_BOX:MTG-CANON-TCGPLAYER-27293,MTG-CANON-TCGPLAYER-27293,27293,Nemesis,2000-02-14,1019.98,,,,,,True,SCENARIO_READY,TIER_GUARDED_SCENARIO_BANDS,,NONE,True,ELIGIBLE,HOLD_REVIEW,Observed governed value passed market-plausibility review. Directional trading action remains withheld until historical-return and liquidity features are certified.,FULL_MODEL,FORECAST_READY,,False,False,NO_HISTORY_RECORD,NONE,,,,,,,NOT_AVAILABLE,,NO_HISTORY_RECORD,history no_history_record; forecast eligible; recommendation eligible,mtg-hosted-20260728T224613Z,2026-07-28T22:46:13.269710+00:00,MTG,PRE_COLLECTOR_BOOSTER_BOX,USD
385,44,B,61.0,,LIMITED,NONE,CERTIFIED,FORWARD_ONLY,PRE_COLLECTOR_BOOSTER_BOX,Oath of the Gatewatch - Booster Box,MTG:PRE_COLLECTOR_BOOSTER_BOX:MTG-CANON-TCGPLAYER-110418,MTG-CANON-TCGPLAYER-110418,110418,Oath of the Gatewatch,2016-01-22,198.77,,,,,,True,SCENARIO_READY,TIER_GUARDED_SCENARIO_BANDS,,NONE,True,ELIGIBLE,HOLD_REVIEW,Observed governed value passed market-plausibility review. Directional trading action remains withheld until historical-return and liquidity features are certified.,FULL_MODEL,FORECAST_READY,,False,False,NO_HISTORY_RECORD,NONE,,,,,,,NOT_AVAILABLE,,NO_HISTORY_RECORD,history no_history_record; forecast eligible; recommendation eligible,mtg-hosted-20260728T224613Z,2026-07-28T22:46:13.269710+00:00,MTG,PRE_COLLECTOR_BOOSTER_BOX,USD
386,45,B,61.0,,LIMITED,NONE,CERTIFIED,FORWARD_ONLY,PRE_COLLECTOR_BOOSTER_BOX,Ravnica - Booster Box,MTG:PRE_COLLECTOR_BOOSTER_BOX:MTG-CANON-TCGPLAYER-27302,MTG-CANON-TCGPLAYER-27302,27302,Ravnica: City of Guilds,2005-10-07,167.5,,,,,,True,SCENARIO_READY,TIER_GUARDED_SCENARIO_BANDS,,NONE,True,ELIGIBLE,HOLD_REVIEW,Observed governed value passed market-plausibility review. Directional trading action remains withheld until historical-return and liquidity features are certified.,FULL_MODEL,FORECAST_READY,,False,False,NO_HISTORY_RECORD,NONE,,,,,,,NOT_AVAILABLE,,NO_HISTORY_RECORD,history no_history_record; forecast eligible; recommendation eligible,mtg-hosted-20260728T224613Z,2026-07-28T22:46:13.269710+00:00,MTG,PRE_COLLECTOR_BOOSTER_BOX,USD
387,46,B,61.0,,LIMITED,NONE,CERTIFIED,FORWARD_ONLY,PRE_COLLECTOR_BOOSTER_BOX,Ravnica Allegiance - Booster Box,MTG:PRE_COLLECTOR_BOOSTER_BOX:MTG-CANON-TCGPLAYER-180734,MTG-CANON-TCGPLAYER-180734,180734,Ravnica Allegiance,2019-01-25,159.94,,,,,,True,SCENARIO_READY,TIER_GUARDED_SCENARIO_BANDS,,NONE,True,ELIGIBLE,HOLD_REVIEW,Observed governed value passed market-plausibility review. Directional trading action remains withheld until historical-return and liquidity features are certified.,FULL_MODEL,FORECAST_READY,,False,False,NO_HISTORY_RECORD,NONE,,,,,,,NOT_AVAILABLE,,NO_HISTORY_RECORD,history no_history_record; forecast eligible; recommendation eligible,mtg-hosted-20260728T224613Z,2026-07-28T22:46:13.269710+00:00,MTG,PRE_COLLECTOR_BOOSTER_BOX,USD
388,47,B,61.0,,LIMITED,NONE,CERTIFIED,FORWARD_ONLY,PRE_COLLECTOR_BOOSTER_BOX,Return to Ravnica - Booster Box,MTG:PRE_COLLECTOR_BOOSTER_BOX:MTG-CANON-TCGPLAYER-60117,MTG-CANON-TCGPLAYER-60117,60117,Return to Ravnica,2012-10-05,168.0,,,,,,True,SCENARIO_READY,TIER_GUARDED_SCENARIO_BANDS,,NONE,True,ELIGIBLE,HOLD_REVIEW,Observed governed value passed market-plausibility review. Directional trading action remains withheld until historical-return and liquidity features are certified.,FULL_MODEL,FORECAST_READY,,False,False,NO_HISTORY_RECORD,NONE,,,,,,,NOT_AVAILABLE,,NO_HISTORY_RECORD,history no_history_record; forecast eligible; recommendation eligible,mtg-hosted-20260728T224613Z,2026-07-28T22:46:13.269710+00:00,MTG,PRE_COLLECTOR_BOOSTER_BOX,USD
389,48,B,61.0,,LIMITED,NONE,CERTIFIED,FORWARD_ONLY,PRE_COLLECTOR_BOOSTER_BOX,Rise of the Eldrazi - Booster Box,MTG:PRE_COLLECTOR_BOOSTER_BOX:MTG-CANON-TCGPLAYER-34678,MTG-CANON-TCGPLAYER-34678,34678,Rise of the Eldrazi,2010-04-23,1402.49,,,,,,True,SCENARIO_READY,TIER_GUARDED_SCENARIO_BANDS,,NONE,True,ELIGIBLE,HOLD_REVIEW,Observed governed value passed market-plausibility review. Directional trading action remains withheld until historical-return and liquidity features are certified.,FULL_MODEL,FORECAST_READY,,False,False,NO_HISTORY_RECORD,NONE,,,,,,,NOT_AVAILABLE,,NO_HISTORY_RECORD,history no_history_record; forecast eligible; recommendation eligible,mtg-hosted-20260728T224613Z,2026-07-28T22:46:13.269710+00:00,MTG,PRE_COLLECTOR_BOOSTER_BOX,USD
390,49,B,61.0,,LIMITED,NONE,CERTIFIED,FORWARD_ONLY,PRE_COLLECTOR_BOOSTER_BOX,Rivals of Ixalan - Booster Box,MTG:PRE_COLLECTOR_BOOSTER_BOX:MTG-CANON-TCGPLAYER-149404,MTG-CANON-TCGPLAYER-149404,149404,Rivals of Ixalan,2018-01-19,209.98,,,,,,True,SCENARIO_READY,TIER_GUARDED_SCENARIO_BANDS,,NONE,True,ELIGIBLE,HOLD_REVIEW,Observed governed value passed market-plausibility review. Directional trading action remains withheld until historical-return and liquidity features are certified.,FULL_MODEL,FORECAST_READY,,False,False,NO_HISTORY_RECORD,NONE,,,,,,,NOT_AVAILABLE,,NO_HISTORY_RECORD,history no_history_record; forecast eligible; recommendation eligible,mtg-hosted-20260728T224613Z,2026-07-28T22:46:13.269710+00:00,MTG,PRE_COLLECTOR_BOOSTER_BOX,USD
391,50,B,61.0,,LIMITED,NONE,CERTIFIED,FORWARD_ONLY,PRE_COLLECTOR_BOOSTER_BOX,Saviors of Kamigawa - Booster Box,MTG:PRE_COLLECTOR_BOOSTER_BOX:MTG-CANON-TCGPLAYER-27304,MTG-CANON-TCGPLAYER-27304,27304,Saviors of Kamigawa,2005-06-03,665.0,,,,,,True,SCENARIO_READY,TIER_GUARDED_SCENARIO_BANDS,,NONE,True,ELIGIBLE,HOLD_REVIEW,Observed governed value passed market-plausibility review. Directional trading action remains withheld until historical-return and liquidity features are certified.,FULL_MODEL,FORECAST_READY,,False,False,NO_HISTORY_RECORD,NONE,,,,,,,NOT_AVAILABLE,,NO_HISTORY_RECORD,history no_history_record; forecast eligible; recommendation eligible,mtg-hosted-20260728T224613Z,2026-07-28T22:46:13.269710+00:00,MTG,PRE_COLLECTOR_BOOSTER_BOX,USD
392,51,B,61.0,,LIMITED,NONE,CERTIFIED,FORWARD_ONLY,PRE_COLLECTOR_BOOSTER_BOX,Scars of Mirrodin - Booster Box,MTG:PRE_COLLECTOR_BOOSTER_BOX:MTG-CANON-TCGPLAYER-35749,MTG-CANON-TCGPLAYER-35749,35749,Scars of Mirrodin,2010-10-01,825.0,,,,,,True,SCENARIO_READY,TIER_GUARDED_SCENARIO_BANDS,,NONE,True,ELIGIBLE,HOLD_REVIEW,Observed governed value passed market-plausibility review. Directional trading action remains withheld until historical-return and liquidity features are certified.,FULL_MODEL,FORECAST_READY,,False,False,NO_HISTORY_RECORD,NONE,,,,,,,NOT_AVAILABLE,,NO_HISTORY_RECORD,history no_history_record; forecast eligible; recommendation eligible,mtg-hosted-20260728T224613Z,2026-07-28T22:46:13.269710+00:00,MTG,PRE_COLLECTOR_BOOSTER_BOX,USD
393,52,B,61.0,,LIMITED,NONE,CERTIFIED,FORWARD_ONLY,PRE_COLLECTOR_BOOSTER_BOX,Scourge - Booster Box,MTG:PRE_COLLECTOR_BOOSTER_BOX:MTG-CANON-TCGPLAYER-27305,MTG-CANON-TCGPLAYER-27305,27305,Scourge,2003-05-26,965.0,,,,,,True,SCENARIO_READY,TIER_GUARDED_SCENARIO_BANDS,,NONE,True,ELIGIBLE,HOLD_REVIEW,Observed governed value passed market-plausibility review. Directional trading action remains withheld until historical-return and liquidity features are certified.,FULL_MODEL,FORECAST_READY,,False,False,NO_HISTORY_RECORD,NONE,,,,,,,NOT_AVAILABLE,,NO_HISTORY_RECORD,history no_history_record; forecast eligible; recommendation eligible,mtg-hosted-20260728T224613Z,2026-07-28T22:46:13.269710+00:00,MTG,PRE_COLLECTOR_BOOSTER_BOX,USD
394,53,B,61.0,,LIMITED,NONE,CERTIFIED,FORWARD_ONLY,PRE_COLLECTOR_BOOSTER_BOX,Shards of Alara - Booster Box,MTG:PRE_COLLECTOR_BOOSTER_BOX:MTG-CANON-TCGPLAYER-28640,MTG-CANON-TCGPLAYER-28640,28640,Shards of Alara,2008-10-03,804.99,,,,,,True,SCENARIO_READY,TIER_GUARDED_SCENARIO_BANDS,,NONE,True,ELIGIBLE,HOLD_REVIEW,Observed governed value passed market-plausibility review. Directional trading action remains withheld until historical-return and liquidity features are certified.,FULL_MODEL,FORECAST_READY,,False,False,NO_HISTORY_RECORD,NONE,,,,,,,NOT_AVAILABLE,,NO_HISTORY_RECORD,history no_history_record; forecast eligible; recommendation eligible,mtg-hosted-20260728T224613Z,2026-07-28T22:46:13.269710+00:00,MTG,PRE_COLLECTOR_BOOSTER_BOX,USD
395,54,B,61.0,,LIMITED,NONE,CERTIFIED,FORWARD_ONLY,PRE_COLLECTOR_BOOSTER_BOX,Theros - Booster Box,MTG:PRE_COLLECTOR_BOOSTER_BOX:MTG-CANON-TCGPLAYER-70960,MTG-CANON-TCGPLAYER-70960,70960,Theros,2013-09-27,314.88,,,,,,True,SCENARIO_READY,TIER_GUARDED_SCENARIO_BANDS,,NONE,True,ELIGIBLE,HOLD_REVIEW,Observed governed value passed market-plausibility review. Directional trading action remains withheld until historical-return and liquidity features are certified.,FULL_MODEL,FORECAST_READY,,False,False,NO_HISTORY_RECORD,NONE,,,,,,,NOT_AVAILABLE,,NO_HISTORY_RECORD,history no_history_record; forecast eligible; recommendation eligible,mtg-hosted-20260728T224613Z,2026-07-28T22:46:13.269710+00:00,MTG,PRE_COLLECTOR_BOOSTER_BOX,USD
396,55,B,61.0,,LIMITED,NONE,CERTIFIED,FORWARD_ONLY,PRE_COLLECTOR_BOOSTER_BOX,Time Spiral - Booster Box,MTG:PRE_COLLECTOR_BOOSTER_BOX:MTG-CANON-TCGPLAYER-27310,MTG-CANON-TCGPLAYER-27310,27310,Time Spiral,2006-10-06,438.4,,,,,,True,SCENARIO_READY,TIER_GUARDED_SCENARIO_BANDS,,NONE,True,ELIGIBLE,HOLD_REVIEW,Observed governed value passed market-plausibility review. Directional trading action remains withheld until historical-return and liquidity features are certified.,FULL_MODEL,FORECAST_READY,,False,False,NO_HISTORY_RECORD,NONE,,,,,,,NOT_AVAILABLE,,NO_HISTORY_RECORD,history no_history_record; forecast eligible; recommendation eligible,mtg-hosted-20260728T224613Z,2026-07-28T22:46:13.269710+00:00,MTG,PRE_COLLECTOR_BOOSTER_BOX,USD
397,56,B,61.0,,LIMITED,NONE,CERTIFIED,FORWARD_ONLY,PRE_COLLECTOR_BOOSTER_BOX,Torment - Booster Box,MTG:PRE_COLLECTOR_BOOSTER_BOX:MTG-CANON-TCGPLAYER-27311,MTG-CANON-TCGPLAYER-27311,27311,Torment,2002-02-04,1008.84,,,,,,True,SCENARIO_READY,TIER_GUARDED_SCENARIO_BANDS,,NONE,True,ELIGIBLE,HOLD_REVIEW,Observed governed value passed market-plausibility review. Directional trading action remains withheld until historical-return and liquidity features are certified.,FULL_MODEL,FORECAST_READY,,False,False,NO_HISTORY_RECORD,NONE,,,,,,,NOT_AVAILABLE,,NO_HISTORY_RECORD,history no_history_record; forecast eligible; recommendation eligible,mtg-hosted-20260728T224613Z,2026-07-28T22:46:13.269710+00:00,MTG,PRE_COLLECTOR_BOOSTER_BOX,USD
398,57,B,61.0,,LIMITED,NONE,CERTIFIED,FORWARD_ONLY,PRE_COLLECTOR_BOOSTER_BOX,Ultimate Masters - Booster Box,MTG:PRE_COLLECTOR_BOOSTER_BOX:MTG-CANON-TCGPLAYER-179444,MTG-CANON-TCGPLAYER-179444,179444,Ultimate Masters,2018-12-07,508.5,,,,,,True,SCENARIO_READY,TIER_GUARDED_SCENARIO_BANDS,,NONE,True,ELIGIBLE,HOLD_REVIEW,Observed governed value passed market-plausibility review. Directional trading action remains withheld until historical-return and liquidity features are certified.,FULL_MODEL,FORECAST_READY,,False,False,NO_HISTORY_RECORD,NONE,,,,,,,NOT_AVAILABLE,,NO_HISTORY_RECORD,history no_history_record; forecast eligible; recommendation eligible,mtg-hosted-20260728T224613Z,2026-07-28T22:46:13.269710+00:00,MTG,PRE_COLLECTOR_BOOSTER_BOX,USD
399,58,B,61.0,,LIMITED,NONE,CERTIFIED,FORWARD_ONLY,PRE_COLLECTOR_BOOSTER_BOX,Unhinged - Booster Box,MTG:PRE_COLLECTOR_BOOSTER_BOX:MTG-CANON-TCGPLAYER-79290,MTG-CANON-TCGPLAYER-79290,79290,Unhinged,2004-11-19,1149.0,,,,,,True,SCENARIO_READY,TIER_GUARDED_SCENARIO_BANDS,,NONE,True,ELIGIBLE,HOLD_REVIEW,Observed governed value passed market-plausibility review. Directional trading action remains withheld until historical-return and liquidity features are certified.,FULL_MODEL,FORECAST_READY,,False,False,NO_HISTORY_RECORD,NONE,,,,,,,NOT_AVAILABLE,,NO_HISTORY_RECORD,history no_history_record; forecast eligible; recommendation eligible,mtg-hosted-20260728T224613Z,2026-07-28T22:46:13.269710+00:00,MTG,PRE_COLLECTOR_BOOSTER_BOX,USD
400,59,B,61.0,,LIMITED,NONE,CERTIFIED,FORWARD_ONLY,PRE_COLLECTOR_BOOSTER_BOX,Unstable - Booster Box,MTG:PRE_COLLECTOR_BOOSTER_BOX:MTG-CANON-TCGPLAYER-149402,MTG-CANON-TCGPLAYER-149402,149402,Unstable,2017-12-08,229.99,,,,,,True,SCENARIO_READY,TIER_GUARDED_SCENARIO_BANDS,,NONE,True,ELIGIBLE,HOLD_REVIEW,Observed governed value passed market-plausibility review. Directional trading action remains withheld until historical-return and liquidity features are certified.,FULL_MODEL,FORECAST_READY,,False,False,NO_HISTORY_RECORD,NONE,,,,,,,NOT_AVAILABLE,,NO_HISTORY_RECORD,history no_history_record; forecast eligible; recommendation eligible,mtg-hosted-20260728T224613Z,2026-07-28T22:46:13.269710+00:00,MTG,PRE_COLLECTOR_BOOSTER_BOX,USD
401,60,B,61.0,,LIMITED,NONE,CERTIFIED,FORWARD_ONLY,PRE_COLLECTOR_BOOSTER_BOX,Urza's Destiny - Booster Box,MTG:PRE_COLLECTOR_BOOSTER_BOX:MTG-CANON-TCGPLAYER-27314,MTG-CANON-TCGPLAYER-27314,27314,Urza's Destiny,1999-06-07,5899.99,,,,,,True,SCENARIO_READY,TIER_GUARDED_SCENARIO_BANDS,,NONE,True,ELIGIBLE,HOLD_REVIEW,Observed governed value passed market-plausibility review. Directional trading action remains withheld until historical-return and liquidity features are certified.,FULL_MODEL,FORECAST_READY,,False,False,NO_HISTORY_RECORD,NONE,,,,,,,NOT_AVAILABLE,,NO_HISTORY_RECORD,history no_history_record; forecast eligible; recommendation eligible,mtg-hosted-20260728T224613Z,2026-07-28T22:46:13.269710+00:00,MTG,PRE_COLLECTOR_BOOSTER_BOX,USD
402,61,B,61.0,,LIMITED,NONE,CERTIFIED,FORWARD_ONLY,PRE_COLLECTOR_BOOSTER_BOX,Visions - Booster Box,MTG:PRE_COLLECTOR_BOOSTER_BOX:MTG-CANON-TCGPLAYER-27317,MTG-CANON-TCGPLAYER-27317,27317,Visions,1997-02-03,1642.5,,,,,,True,SCENARIO_READY,TIER_GUARDED_SCENARIO_BANDS,,NONE,True,ELIGIBLE,HOLD_REVIEW,Observed governed value passed market-plausibility review. Directional trading action remains withheld until historical-return and liquidity features are certified.,FULL_MODEL,FORECAST_READY,,False,False,NO_HISTORY_RECORD,NONE,,,,,,,NOT_AVAILABLE,,NO_HISTORY_RECORD,history no_history_record; forecast eligible; recommendation eligible,mtg-hosted-20260728T224613Z,2026-07-28T22:46:13.269710+00:00,MTG,PRE_COLLECTOR_BOOSTER_BOX,USD
403,62,B,61.0,,LIMITED,NONE,CERTIFIED,FORWARD_ONLY,PRE_COLLECTOR_BOOSTER_BOX,War of the Spark - Booster Box,MTG:PRE_COLLECTOR_BOOSTER_BOX:MTG-CANON-TCGPLAYER-185676,MTG-CANON-TCGPLAYER-185676,185676,War of the Spark,2019-05-03,188.99,,,,,,True,SCENARIO_READY,TIER_GUARDED_SCENARIO_BANDS,,NONE,True,ELIGIBLE,HOLD_REVIEW,Observed governed value passed market-plausibility review. Directional trading action remains withheld until historical-return and liquidity features are certified.,FULL_MODEL,FORECAST_READY,,False,False,NO_HISTORY_RECORD,NONE,,,,,,,NOT_AVAILABLE,,NO_HISTORY_RECORD,history no_history_record; forecast eligible; recommendation eligible,mtg-hosted-20260728T224613Z,2026-07-28T22:46:13.269710+00:00,MTG,PRE_COLLECTOR_BOOSTER_BOX,USD
404,63,B,61.0,,LIMITED,NONE,CERTIFIED,FORWARD_ONLY,PRE_COLLECTOR_BOOSTER_BOX,Weatherlight - Booster Box,MTG:PRE_COLLECTOR_BOOSTER_BOX:MTG-CANON-TCGPLAYER-27318,MTG-CANON-TCGPLAYER-27318,27318,Weatherlight,1997-06-09,1554.92,,,,,,True,SCENARIO_READY,TIER_GUARDED_SCENARIO_BANDS,,NONE,True,ELIGIBLE,HOLD_REVIEW,Observed governed value passed market-plausibility review. Directional trading action remains withheld until historical-return and liquidity features are certified.,FULL_MODEL,FORECAST_READY,,False,False,NO_HISTORY_RECORD,NONE,,,,,,,NOT_AVAILABLE,,NO_HISTORY_RECORD,history no_history_record; forecast eligible; recommendation eligible,mtg-hosted-20260728T224613Z,2026-07-28T22:46:13.269710+00:00,MTG,PRE_COLLECTOR_BOOSTER_BOX,USD
405,64,B,61.0,,LIMITED,NONE,CERTIFIED,FORWARD_ONLY,PRE_COLLECTOR_BOOSTER_BOX,Worldwake - Booster Box,MTG:PRE_COLLECTOR_BOOSTER_BOX:MTG-CANON-TCGPLAYER-34468,MTG-CANON-TCGPLAYER-34468,34468,Worldwake,2010-02-05,1430.38,,,,,,True,SCENARIO_READY,TIER_GUARDED_SCENARIO_BANDS,,NONE,True,ELIGIBLE,HOLD_REVIEW,Observed governed value passed market-plausibility review. Directional trading action remains withheld until historical-return and liquidity features are certified.,FULL_MODEL,FORECAST_READY,,False,False,NO_HISTORY_RECORD,NONE,,,,,,,NOT_AVAILABLE,,NO_HISTORY_RECORD,history no_history_record; forecast eligible; recommendation eligible,mtg-hosted-20260728T224613Z,2026-07-28T22:46:13.269710+00:00,MTG,PRE_COLLECTOR_BOOSTER_BOX,USD
406,65,B,61.0,,LIMITED,NONE,CERTIFIED,FORWARD_ONLY,PRE_COLLECTOR_BOOSTER_BOX,Zendikar - Booster Box,MTG:PRE_COLLECTOR_BOOSTER_BOX:MTG-CANON-TCGPLAYER-32789,MTG-CANON-TCGPLAYER-32789,32789,Zendikar,2009-10-02,281.29,,,,,,True,SCENARIO_READY,TIER_GUARDED_SCENARIO_BANDS,,NONE,True,ELIGIBLE,HOLD_REVIEW,Observed governed value passed market-plausibility review. Directional trading action remains withheld until historical-return and liquidity features are certified.,FULL_MODEL,FORECAST_READY,,False,False,NO_HISTORY_RECORD,NONE,,,,,,,NOT_AVAILABLE,,NO_HISTORY_RECORD,history no_history_record; forecast eligible; recommendation eligible,mtg-hosted-20260728T224613Z,2026-07-28T22:46:13.269710+00:00,MTG,PRE_COLLECTOR_BOOSTER_BOX,USD
651,66,D,40.0,,LIMITED,NONE,CERTIFIED,FORWARD_ONLY,PRE_COLLECTOR_BOOSTER_BOX,Alara Reborn - Booster Box,MTG:PRE_COLLECTOR_BOOSTER_BOX:MTG-CANON-TCGPLAYER-31841,MTG-CANON-TCGPLAYER-31841,31841,Alara Reborn,2009-04-30,659.99,,,,,,True,SCENARIO_READY,TIER_GUARDED_SCENARIO_BANDS,,NONE,False,GUARDED,WATCH,"Forecast-safe observed value exists, but the evidence remains provisional. Recommendation remains guarded.",PROVISIONAL_MODEL,PROVISIONAL_GUARDED,,False,False,NO_HISTORY_RECORD,NONE,,,,,,,NOT_AVAILABLE,,NO_HISTORY_RECORD,history no_history_record; forecast eligible; recommendation guarded,mtg-hosted-20260728T224613Z,2026-07-28T22:46:13.269710+00:00,MTG,PRE_COLLECTOR_BOOSTER_BOX,USD
652,67,D,40.0,,LIMITED,NONE,CERTIFIED,FORWARD_ONLY,PRE_COLLECTOR_BOOSTER_BOX,Darksteel - Booster Box,MTG:PRE_COLLECTOR_BOOSTER_BOX:MTG-CANON-TCGPLAYER-27272,MTG-CANON-TCGPLAYER-27272,27272,Darksteel,2004-02-06,1057.49,,,,,,True,SCENARIO_READY,TIER_GUARDED_SCENARIO_BANDS,,NONE,False,GUARDED,WATCH,"Forecast-safe observed value exists, but the evidence remains provisional. Recommendation remains guarded.",PROVISIONAL_MODEL,PROVISIONAL_GUARDED,,False,False,NO_HISTORY_RECORD,NONE,,,,,,,NOT_AVAILABLE,,NO_HISTORY_RECORD,history no_history_record; forecast eligible; recommendation guarded,mtg-hosted-20260728T224613Z,2026-07-28T22:46:13.269710+00:00,MTG,PRE_COLLECTOR_BOOSTER_BOX,USD
653,68,D,40.0,,LIMITED,NONE,CERTIFIED,FORWARD_ONLY,PRE_COLLECTOR_BOOSTER_BOX,Eventide - Booster Box,MTG:PRE_COLLECTOR_BOOSTER_BOX:MTG-CANON-TCGPLAYER-27274,MTG-CANON-TCGPLAYER-27274,27274,Eventide,2008-07-25,879.62,,,,,,True,SCENARIO_READY,TIER_GUARDED_SCENARIO_BANDS,,NONE,False,GUARDED,WATCH,"Forecast-safe observed value exists, but the evidence remains provisional. Recommendation remains guarded.",PROVISIONAL_MODEL,PROVISIONAL_GUARDED,,False,False,NO_HISTORY_RECORD,NONE,,,,,,,NOT_AVAILABLE,,NO_HISTORY_RECORD,history no_history_record; forecast eligible; recommendation guarded,mtg-hosted-20260728T224613Z,2026-07-28T22:46:13.269710+00:00,MTG,PRE_COLLECTOR_BOOSTER_BOX,USD
654,69,D,40.0,,LIMITED,NONE,CERTIFIED,FORWARD_ONLY,PRE_COLLECTOR_BOOSTER_BOX,Fifth Edition - Booster Box,MTG:PRE_COLLECTOR_BOOSTER_BOX:MTG-CANON-TCGPLAYER-27278,MTG-CANON-TCGPLAYER-27278,27278,Fifth Edition,1997-03-24,1280.0,,,,,,True,SCENARIO_READY,TIER_GUARDED_SCENARIO_BANDS,,NONE,False,GUARDED,WATCH,"Forecast-safe observed value exists, but the evidence remains provisional. Recommendation remains guarded.",PROVISIONAL_MODEL,PROVISIONAL_GUARDED,,False,False,NO_HISTORY_RECORD,NONE,,,,,,,NOT_AVAILABLE,,NO_HISTORY_RECORD,history no_history_record; forecast eligible; recommendation guarded,mtg-hosted-20260728T224613Z,2026-07-28T22:46:13.269710+00:00,MTG,PRE_COLLECTOR_BOOSTER_BOX,USD
655,70,D,40.0,,LIMITED,NONE,CERTIFIED,FORWARD_ONLY,PRE_COLLECTOR_BOOSTER_BOX,Fourth Edition - Booster Box,MTG:PRE_COLLECTOR_BOOSTER_BOX:MTG-CANON-TCGPLAYER-27279,MTG-CANON-TCGPLAYER-27279,27279,Fourth Edition,1995-04-01,1712.5,,,,,,True,SCENARIO_READY,TIER_GUARDED_SCENARIO_BANDS,,NONE,False,GUARDED,WATCH,"Forecast-safe observed value exists, but the evidence remains provisional. Recommendation remains guarded.",PROVISIONAL_MODEL,PROVISIONAL_GUARDED,,False,False,NO_HISTORY_RECORD,NONE,,,,,,,NOT_AVAILABLE,,NO_HISTORY_RECORD,history no_history_record; forecast eligible; recommendation guarded,mtg-hosted-20260728T224613Z,2026-07-28T22:46:13.269710+00:00,MTG,PRE_COLLECTOR_BOOSTER_BOX,USD
656,71,D,40.0,,LIMITED,NONE,CERTIFIED,FORWARD_ONLY,PRE_COLLECTOR_BOOSTER_BOX,Legions - Booster Box,MTG:PRE_COLLECTOR_BOOSTER_BOX:MTG-CANON-TCGPLAYER-27287,MTG-CANON-TCGPLAYER-27287,27287,Legions,2003-02-03,850.0,,,,,,True,SCENARIO_READY,TIER_GUARDED_SCENARIO_BANDS,,NONE,False,GUARDED,WATCH,"Forecast-safe observed value exists, but the evidence remains provisional. Recommendation remains guarded.",PROVISIONAL_MODEL,PROVISIONAL_GUARDED,,False,False,NO_HISTORY_RECORD,NONE,,,,,,,NOT_AVAILABLE,,NO_HISTORY_RECORD,history no_history_record; forecast eligible; recommendation guarded,mtg-hosted-20260728T224613Z,2026-07-28T22:46:13.269710+00:00,MTG,PRE_COLLECTOR_BOOSTER_BOX,USD
657,72,D,40.0,,LIMITED,NONE,CERTIFIED,FORWARD_ONLY,PRE_COLLECTOR_BOOSTER_BOX,Magic 2012 (M12) - Booster Box,MTG:PRE_COLLECTOR_BOOSTER_BOX:MTG-CANON-TCGPLAYER-46957,MTG-CANON-TCGPLAYER-46957,46957,Magic 2012 (M12),2011-07-15,300.0,,,,,,True,SCENARIO_READY,TIER_GUARDED_SCENARIO_BANDS,,NONE,False,GUARDED,WATCH,"Forecast-safe observed value exists, but the evidence remains provisional. Recommendation remains guarded.",PROVISIONAL_MODEL,PROVISIONAL_GUARDED,,False,False,NO_HISTORY_RECORD,NONE,,,,,,,NOT_AVAILABLE,,NO_HISTORY_RECORD,history no_history_record; forecast eligible; recommendation guarded,mtg-hosted-20260728T224613Z,2026-07-28T22:46:13.269710+00:00,MTG,PRE_COLLECTOR_BOOSTER_BOX,USD
658,73,D,40.0,,LIMITED,NONE,CERTIFIED,FORWARD_ONLY,PRE_COLLECTOR_BOOSTER_BOX,Magic 2013 (M13) - Booster Box,MTG:PRE_COLLECTOR_BOOSTER_BOX:MTG-CANON-TCGPLAYER-59120,MTG-CANON-TCGPLAYER-59120,59120,Magic 2013 (M13),2012-07-13,374.84,,,,,,True,SCENARIO_READY,TIER_GUARDED_SCENARIO_BANDS,,NONE,False,GUARDED,WATCH,"Forecast-safe observed value exists, but the evidence remains provisional. Recommendation remains guarded.",PROVISIONAL_MODEL,PROVISIONAL_GUARDED,,False,False,NO_HISTORY_RECORD,NONE,,,,,,,NOT_AVAILABLE,,NO_HISTORY_RECORD,history no_history_record; forecast eligible; recommendation guarded,mtg-hosted-20260728T224613Z,2026-07-28T22:46:13.269710+00:00,MTG,PRE_COLLECTOR_BOOSTER_BOX,USD
659,74,D,40.0,,LIMITED,NONE,CERTIFIED,FORWARD_ONLY,PRE_COLLECTOR_BOOSTER_BOX,Magic 2014 (M14) - Booster Box,MTG:PRE_COLLECTOR_BOOSTER_BOX:MTG-CANON-TCGPLAYER-69243,MTG-CANON-TCGPLAYER-69243,69243,Magic 2014 (M14),2013-07-19,299.99,,,,,,True,SCENARIO_READY,TIER_GUARDED_SCENARIO_BANDS,,NONE,False,GUARDED,WATCH,"Forecast-safe observed value exists, but the evidence remains provisional. Recommendation remains guarded.",PROVISIONAL_MODEL,PROVISIONAL_GUARDED,,False,False,NO_HISTORY_RECORD,NONE,,,,,,,NOT_AVAILABLE,,NO_HISTORY_RECORD,history no_history_record; forecast eligible; recommendation guarded,mtg-hosted-20260728T224613Z,2026-07-28T22:46:13.269710+00:00,MTG,PRE_COLLECTOR_BOOSTER_BOX,USD
660,75,D,40.0,,LIMITED,NONE,CERTIFIED,FORWARD_ONLY,PRE_COLLECTOR_BOOSTER_BOX,Odyssey - Booster Box,MTG:PRE_COLLECTOR_BOOSTER_BOX:MTG-CANON-TCGPLAYER-27294,MTG-CANON-TCGPLAYER-27294,27294,Odyssey,2001-10-01,1800.0,,,,,,True,SCENARIO_READY,TIER_GUARDED_SCENARIO_BANDS,,NONE,False,GUARDED,WATCH,"Forecast-safe observed value exists, but the evidence remains provisional. Recommendation remains guarded.",PROVISIONAL_MODEL,PROVISIONAL_GUARDED,,False,False,NO_HISTORY_RECORD,NONE,,,,,,,NOT_AVAILABLE,,NO_HISTORY_RECORD,history no_history_record; forecast eligible; recommendation guarded,mtg-hosted-20260728T224613Z,2026-07-28T22:46:13.269710+00:00,MTG,PRE_COLLECTOR_BOOSTER_BOX,USD
661,76,D,40.0,,LIMITED,NONE,CERTIFIED,FORWARD_ONLY,PRE_COLLECTOR_BOOSTER_BOX,Onslaught - Booster Box,MTG:PRE_COLLECTOR_BOOSTER_BOX:MTG-CANON-TCGPLAYER-27295,MTG-CANON-TCGPLAYER-27295,27295,Onslaught,2002-10-07,2499.0,,,,,,True,SCENARIO_READY,TIER_GUARDED_SCENARIO_BANDS,,NONE,False,GUARDED,WATCH,"Forecast-safe observed value exists, but the evidence remains provisional. Recommendation remains guarded.",PROVISIONAL_MODEL,PROVISIONAL_GUARDED,,False,False,NO_HISTORY_RECORD,NONE,,,,,,,NOT_AVAILABLE,,NO_HISTORY_RECORD,history no_history_record; forecast eligible; recommendation guarded,mtg-hosted-20260728T224613Z,2026-07-28T22:46:13.269710+00:00,MTG,PRE_COLLECTOR_BOOSTER_BOX,USD
662,77,D,40.0,,LIMITED,NONE,CERTIFIED,FORWARD_ONLY,PRE_COLLECTOR_BOOSTER_BOX,Portal - Booster Box,MTG:PRE_COLLECTOR_BOOSTER_BOX:MTG-CANON-TCGPLAYER-27298,MTG-CANON-TCGPLAYER-27298,27298,Portal,1997-05-01,1911.99,,,,,,True,SCENARIO_READY,TIER_GUARDED_SCENARIO_BANDS,,NONE,False,GUARDED,WATCH,"Forecast-safe observed value exists, but the evidence remains provisional. Recommendation remains guarded.",PROVISIONAL_MODEL,PROVISIONAL_GUARDED,,False,False,NO_HISTORY_RECORD,NONE,,,,,,,NOT_AVAILABLE,,NO_HISTORY_RECORD,history no_history_record; forecast eligible; recommendation guarded,mtg-hosted-20260728T224613Z,2026-07-28T22:46:13.269710+00:00,MTG,PRE_COLLECTOR_BOOSTER_BOX,USD
663,78,D,40.0,,LIMITED,NONE,CERTIFIED,FORWARD_ONLY,PRE_COLLECTOR_BOOSTER_BOX,Revised Edition - Booster Box,MTG:PRE_COLLECTOR_BOOSTER_BOX:MTG-CANON-TCGPLAYER-27303,MTG-CANON-TCGPLAYER-27303,27303,Revised Edition,1994-04-11,15753.28,,,,,,True,SCENARIO_READY,TIER_GUARDED_SCENARIO_BANDS,,NONE,False,GUARDED,WATCH,"Forecast-safe observed value exists, but the evidence remains provisional. Recommendation remains guarded.",PROVISIONAL_MODEL,PROVISIONAL_GUARDED,,False,False,NO_HISTORY_RECORD,NONE,,,,,,,NOT_AVAILABLE,,NO_HISTORY_RECORD,history no_history_record; forecast eligible; recommendation guarded,mtg-hosted-20260728T224613Z,2026-07-28T22:46:13.269710+00:00,MTG,PRE_COLLECTOR_BOOSTER_BOX,USD
664,79,D,40.0,,LIMITED,NONE,CERTIFIED,FORWARD_ONLY,PRE_COLLECTOR_BOOSTER_BOX,Shadowmoor - Booster Box,MTG:PRE_COLLECTOR_BOOSTER_BOX:MTG-CANON-TCGPLAYER-27306,MTG-CANON-TCGPLAYER-27306,27306,Shadowmoor,2008-05-02,1885.0,,,,,,True,SCENARIO_READY,TIER_GUARDED_SCENARIO_BANDS,,NONE,False,GUARDED,WATCH,"Forecast-safe observed value exists, but the evidence remains provisional. Recommendation remains guarded.",PROVISIONAL_MODEL,PROVISIONAL_GUARDED,,False,False,NO_HISTORY_RECORD,NONE,,,,,,,NOT_AVAILABLE,,NO_HISTORY_RECORD,history no_history_record; forecast eligible; recommendation guarded,mtg-hosted-20260728T224613Z,2026-07-28T22:46:13.269710+00:00,MTG,PRE_COLLECTOR_BOOSTER_BOX,USD
665,80,D,40.0,,LIMITED,NONE,CERTIFIED,FORWARD_ONLY,PRE_COLLECTOR_BOOSTER_BOX,Stronghold - Booster Box,MTG:PRE_COLLECTOR_BOOSTER_BOX:MTG-CANON-TCGPLAYER-27307,MTG-CANON-TCGPLAYER-27307,27307,Stronghold,1998-03-02,5572.43,,,,,,True,SCENARIO_READY,TIER_GUARDED_SCENARIO_BANDS,,NONE,False,GUARDED,WATCH,"Forecast-safe observed value exists, but the evidence remains provisional. Recommendation remains guarded.",PROVISIONAL_MODEL,PROVISIONAL_GUARDED,,False,False,NO_HISTORY_RECORD,NONE,,,,,,,NOT_AVAILABLE,,NO_HISTORY_RECORD,history no_history_record; forecast eligible; recommendation guarded,mtg-hosted-20260728T224613Z,2026-07-28T22:46:13.269710+00:00,MTG,PRE_COLLECTOR_BOOSTER_BOX,USD
666,81,D,40.0,,LIMITED,NONE,CERTIFIED,FORWARD_ONLY,PRE_COLLECTOR_BOOSTER_BOX,Unglued - Booster Box,MTG:PRE_COLLECTOR_BOOSTER_BOX:MTG-CANON-TCGPLAYER-27312,MTG-CANON-TCGPLAYER-27312,27312,Unglued,1998-08-11,1738.75,,,,,,True,SCENARIO_READY,TIER_GUARDED_SCENARIO_BANDS,,NONE,False,GUARDED,WATCH,"Forecast-safe observed value exists, but the evidence remains provisional. Recommendation remains guarded.",PROVISIONAL_MODEL,PROVISIONAL_GUARDED,,False,False,NO_HISTORY_RECORD,NONE,,,,,,,NOT_AVAILABLE,,NO_HISTORY_RECORD,history no_history_record; forecast eligible; recommendation guarded,mtg-hosted-20260728T224613Z,2026-07-28T22:46:13.269710+00:00,MTG,PRE_COLLECTOR_BOOSTER_BOX,USD
667,82,D,40.0,,LIMITED,NONE,CERTIFIED,FORWARD_ONLY,PRE_COLLECTOR_BOOSTER_BOX,Urza's Legacy - Booster Box,MTG:PRE_COLLECTOR_BOOSTER_BOX:MTG-CANON-TCGPLAYER-27315,MTG-CANON-TCGPLAYER-27315,27315,Urza's Legacy,1999-02-15,6189.89,,,,,,True,SCENARIO_READY,TIER_GUARDED_SCENARIO_BANDS,,NONE,False,GUARDED,WATCH,"Forecast-safe observed value exists, but the evidence remains provisional. Recommendation remains guarded.",PROVISIONAL_MODEL,PROVISIONAL_GUARDED,,False,False,NO_HISTORY_RECORD,NONE,,,,,,,NOT_AVAILABLE,,NO_HISTORY_RECORD,history no_history_record; forecast eligible; recommendation guarded,mtg-hosted-20260728T224613Z,2026-07-28T22:46:13.269710+00:00,MTG,PRE_COLLECTOR_BOOSTER_BOX,USD
668,83,D,40.0,,LIMITED,NONE,CERTIFIED,FORWARD_ONLY,PRE_COLLECTOR_BOOSTER_BOX,Urza's Saga - Booster Box,MTG:PRE_COLLECTOR_BOOSTER_BOX:MTG-CANON-TCGPLAYER-27316,MTG-CANON-TCGPLAYER-27316,27316,Urza's Saga,1998-10-12,9762.49,,,,,,True,SCENARIO_READY,TIER_GUARDED_SCENARIO_BANDS,,NONE,False,GUARDED,WATCH,"Forecast-safe observed value exists, but the evidence remains provisional. Recommendation remains guarded.",PROVISIONAL_MODEL,PROVISIONAL_GUARDED,,False,False,NO_HISTORY_RECORD,NONE,,,,,,,NOT_AVAILABLE,,NO_HISTORY_RECORD,history no_history_record; forecast eligible; recommendation guarded,mtg-hosted-20260728T224613Z,2026-07-28T22:46:13.269710+00:00,MTG,PRE_COLLECTOR_BOOSTER_BOX,USD
1106,84,INSUFFICIENT_DATA,21.0,,NONE,NONE,NOT_CERTIFIED,PROVISIONAL_ONLY,PRE_COLLECTOR_BOOSTER_BOX,Dissension - Booster Box,MTG:PRE_COLLECTOR_BOOSTER_BOX:MTG-CANON-TCGPLAYER-27273,MTG-CANON-TCGPLAYER-27273,27273,Dissension,2006-05-05,694.99,,,,,,False,SUPPRESSED,NO_NUMERIC_FORECAST,,NONE,False,GUARDED,NO_ACTION,Market value failed at least one plausibility gate. Numeric forecast and recommendation are suppressed pending evidence remediation.,FULL_MODEL,REVIEW_REQUIRED,MEDIAN_LOWEST_RATIO_AT_LEAST_2;MEDIAN_LOWEST_RATIO_AT_LEAST_4,False,False,NO_HISTORY_RECORD,NONE,,,,,,,NOT_AVAILABLE,MEDIAN_LOWEST_RATIO_AT_LEAST_2;MEDIAN_LOWEST_RATIO_AT_LEAST_4,NO_HISTORY_RECORD,history no_history_record; forecast not certified; recommendation guarded,mtg-hosted-20260728T224613Z,2026-07-28T22:46:13.269710+00:00,MTG,PRE_COLLECTOR_BOOSTER_BOX,USD
1107,85,INSUFFICIENT_DATA,21.0,,NONE,NONE,NOT_CERTIFIED,PROVISIONAL_ONLY,PRE_COLLECTOR_BOOSTER_BOX,Dragons of Tarkir - Booster Box,MTG:PRE_COLLECTOR_BOOSTER_BOX:MTG-CANON-TCGPLAYER-96137,MTG-CANON-TCGPLAYER-96137,96137,Dragons of Tarkir,2015-03-04,349.99,,,,,,False,SUPPRESSED,NO_NUMERIC_FORECAST,,NONE,False,GUARDED,NO_ACTION,Market value failed at least one plausibility gate. Numeric forecast and recommendation are suppressed pending evidence remediation.,FULL_MODEL,REVIEW_REQUIRED,MEDIAN_LOWEST_RATIO_AT_LEAST_2;MEDIAN_LOWEST_RATIO_AT_LEAST_4,False,False,NO_HISTORY_RECORD,NONE,,,,,,,NOT_AVAILABLE,MEDIAN_LOWEST_RATIO_AT_LEAST_2;MEDIAN_LOWEST_RATIO_AT_LEAST_4,NO_HISTORY_RECORD,history no_history_record; forecast not certified; recommendation guarded,mtg-hosted-20260728T224613Z,2026-07-28T22:46:13.269710+00:00,MTG,PRE_COLLECTOR_BOOSTER_BOX,USD
1108,86,INSUFFICIENT_DATA,21.0,,NONE,NONE,NOT_CERTIFIED,PROVISIONAL_ONLY,PRE_COLLECTOR_BOOSTER_BOX,Guildpact - Booster Box,MTG:PRE_COLLECTOR_BOOSTER_BOX:MTG-CANON-TCGPLAYER-27281,MTG-CANON-TCGPLAYER-27281,27281,Guildpact,2006-02-03,800.0,,,,,,False,SUPPRESSED,NO_NUMERIC_FORECAST,,NONE,False,GUARDED,NO_ACTION,Market value failed at least one plausibility gate. Numeric forecast and recommendation are suppressed pending evidence remediation.,FULL_MODEL,REVIEW_REQUIRED,MEDIAN_LOWEST_RATIO_AT_LEAST_2;MEDIAN_LOWEST_RATIO_AT_LEAST_4,False,False,NO_HISTORY_RECORD,NONE,,,,,,,NOT_AVAILABLE,MEDIAN_LOWEST_RATIO_AT_LEAST_2;MEDIAN_LOWEST_RATIO_AT_LEAST_4,NO_HISTORY_RECORD,history no_history_record; forecast not certified; recommendation guarded,mtg-hosted-20260728T224613Z,2026-07-28T22:46:13.269710+00:00,MTG,PRE_COLLECTOR_BOOSTER_BOX,USD
1109,87,INSUFFICIENT_DATA,21.0,,NONE,NONE,NOT_CERTIFIED,PROVISIONAL_ONLY,PRE_COLLECTOR_BOOSTER_BOX,Innistrad - Booster Box,MTG:PRE_COLLECTOR_BOOSTER_BOX:MTG-CANON-TCGPLAYER-47791,MTG-CANON-TCGPLAYER-47791,47791,Innistrad,2011-09-30,625.0,,,,,,False,SUPPRESSED,NO_NUMERIC_FORECAST,,NONE,False,GUARDED,NO_ACTION,Market value failed at least one plausibility gate. Numeric forecast and recommendation are suppressed pending evidence remediation.,FULL_MODEL,REVIEW_REQUIRED,MEDIAN_LOWEST_RATIO_AT_LEAST_2,False,False,NO_HISTORY_RECORD,NONE,,,,,,,NOT_AVAILABLE,MEDIAN_LOWEST_RATIO_AT_LEAST_2,NO_HISTORY_RECORD,history no_history_record; forecast not certified; recommendation guarded,mtg-hosted-20260728T224613Z,2026-07-28T22:46:13.269710+00:00,MTG,PRE_COLLECTOR_BOOSTER_BOX,USD
1110,88,INSUFFICIENT_DATA,21.0,,NONE,NONE,NOT_CERTIFIED,PROVISIONAL_ONLY,PRE_COLLECTOR_BOOSTER_BOX,Khans of Tarkir - Booster Box,MTG:PRE_COLLECTOR_BOOSTER_BOX:MTG-CANON-TCGPLAYER-91650,MTG-CANON-TCGPLAYER-91650,91650,Khans of Tarkir,2014-09-26,264.93,,,,,,False,SUPPRESSED,NO_NUMERIC_FORECAST,,NONE,False,GUARDED,NO_ACTION,Market value failed at least one plausibility gate. Numeric forecast and recommendation are suppressed pending evidence remediation.,FULL_MODEL,REVIEW_REQUIRED,MEDIAN_LOWEST_RATIO_AT_LEAST_2;MEDIAN_LOWEST_RATIO_AT_LEAST_4,False,False,NO_HISTORY_RECORD,NONE,,,,,,,NOT_AVAILABLE,MEDIAN_LOWEST_RATIO_AT_LEAST_2;MEDIAN_LOWEST_RATIO_AT_LEAST_4,NO_HISTORY_RECORD,history no_history_record; forecast not certified; recommendation guarded,mtg-hosted-20260728T224613Z,2026-07-28T22:46:13.269710+00:00,MTG,PRE_COLLECTOR_BOOSTER_BOX,USD
1111,89,INSUFFICIENT_DATA,21.0,,NONE,NONE,NOT_CERTIFIED,PROVISIONAL_ONLY,PRE_COLLECTOR_BOOSTER_BOX,Legends - Booster Box,MTG:PRE_COLLECTOR_BOOSTER_BOX:MTG-CANON-TCGPLAYER-27286,MTG-CANON-TCGPLAYER-27286,27286,Legends,1994-06-01,280.58,,,,,,False,SUPPRESSED,NO_NUMERIC_FORECAST,,NONE,False,GUARDED,NO_ACTION,Market value failed at least one plausibility gate. Numeric forecast and recommendation are suppressed pending evidence remediation.,FULL_MODEL,REVIEW_REQUIRED,PRE_1997_VALUE_BELOW_500,False,False,NO_HISTORY_RECORD,NONE,,,,,,,NOT_AVAILABLE,PRE_1997_VALUE_BELOW_500,NO_HISTORY_RECORD,history no_history_record; forecast not certified; recommendation guarded,mtg-hosted-20260728T224613Z,2026-07-28T22:46:13.269710+00:00,MTG,PRE_COLLECTOR_BOOSTER_BOX,USD
1112,90,INSUFFICIENT_DATA,21.0,,NONE,NONE,NOT_CERTIFIED,PROVISIONAL_ONLY,PRE_COLLECTOR_BOOSTER_BOX,Magic 2015 (M15) - Booster Box,MTG:PRE_COLLECTOR_BOOSTER_BOX:MTG-CANON-TCGPLAYER-90786,MTG-CANON-TCGPLAYER-90786,90786,Magic 2015 (M15),2014-07-18,300.0,,,,,,False,SUPPRESSED,NO_NUMERIC_FORECAST,,NONE,False,GUARDED,NO_ACTION,Market value failed at least one plausibility gate. Numeric forecast and recommendation are suppressed pending evidence remediation.,FULL_MODEL,REVIEW_REQUIRED,MEDIAN_LOWEST_RATIO_AT_LEAST_2;MEDIAN_LOWEST_RATIO_AT_LEAST_4,False,False,NO_HISTORY_RECORD,NONE,,,,,,,NOT_AVAILABLE,MEDIAN_LOWEST_RATIO_AT_LEAST_2;MEDIAN_LOWEST_RATIO_AT_LEAST_4,NO_HISTORY_RECORD,history no_history_record; forecast not certified; recommendation guarded,mtg-hosted-20260728T224613Z,2026-07-28T22:46:13.269710+00:00,MTG,PRE_COLLECTOR_BOOSTER_BOX,USD
1113,91,INSUFFICIENT_DATA,21.0,,NONE,NONE,NOT_CERTIFIED,PROVISIONAL_ONLY,PRE_COLLECTOR_BOOSTER_BOX,Shadows over Innistrad - Booster Box,MTG:PRE_COLLECTOR_BOOSTER_BOX:MTG-CANON-TCGPLAYER-112706,MTG-CANON-TCGPLAYER-112706,112706,Shadows over Innistrad,2016-04-08,211.5,,,,,,False,SUPPRESSED,NO_NUMERIC_FORECAST,,NONE,False,GUARDED,NO_ACTION,Market value failed at least one plausibility gate. Numeric forecast and recommendation are suppressed pending evidence remediation.,FULL_MODEL,REVIEW_REQUIRED,MEDIAN_LOWEST_RATIO_AT_LEAST_2;MEDIAN_LOWEST_RATIO_AT_LEAST_4,False,False,NO_HISTORY_RECORD,NONE,,,,,,,NOT_AVAILABLE,MEDIAN_LOWEST_RATIO_AT_LEAST_2;MEDIAN_LOWEST_RATIO_AT_LEAST_4,NO_HISTORY_RECORD,history no_history_record; forecast not certified; recommendation guarded,mtg-hosted-20260728T224613Z,2026-07-28T22:46:13.269710+00:00,MTG,PRE_COLLECTOR_BOOSTER_BOX,USD
1114,92,INSUFFICIENT_DATA,21.0,,NONE,NONE,NOT_CERTIFIED,PROVISIONAL_ONLY,PRE_COLLECTOR_BOOSTER_BOX,The Dark - Booster Box,MTG:PRE_COLLECTOR_BOOSTER_BOX:MTG-CANON-TCGPLAYER-27309,MTG-CANON-TCGPLAYER-27309,27309,The Dark,1994-08-01,4699.0,,,,,,False,SUPPRESSED,NO_NUMERIC_FORECAST,,NONE,False,GUARDED,NO_ACTION,Market value failed at least one plausibility gate. Numeric forecast and recommendation are suppressed pending evidence remediation.,FULL_MODEL,REVIEW_REQUIRED,MEDIAN_LOWEST_RATIO_AT_LEAST_2;MEDIAN_LOWEST_RATIO_AT_LEAST_4,False,False,NO_HISTORY_RECORD,NONE,,,,,,,NOT_AVAILABLE,MEDIAN_LOWEST_RATIO_AT_LEAST_2;MEDIAN_LOWEST_RATIO_AT_LEAST_4,NO_HISTORY_RECORD,history no_history_record; forecast not certified; recommendation guarded,mtg-hosted-20260728T224613Z,2026-07-28T22:46:13.269710+00:00,MTG,PRE_COLLECTOR_BOOSTER_BOX,USD
1115,93,INSUFFICIENT_DATA,16.0,,NONE,NONE,NOT_CERTIFIED,PROVISIONAL_ONLY,PRE_COLLECTOR_BOOSTER_BOX,10th Edition - Booster Box,MTG:PRE_COLLECTOR_BOOSTER_BOX:MTG-CANON-TCGPLAYER-27257,MTG-CANON-TCGPLAYER-27257,27257,10th Edition,2007-07-13,999.0,,,,,,False,SUPPRESSED,NO_NUMERIC_FORECAST,,NONE,False,GUARDED,NO_ACTION,Market value failed at least one plausibility gate. Numeric forecast and recommendation are suppressed pending evidence remediation.,PROVISIONAL_MODEL,REVIEW_REQUIRED,SINGLE_ACCEPTED_OBSERVATION;VERY_SPARSE_OBSERVATIONS;SINGLE_SELLER_DEPENDENCE,False,False,NO_HISTORY_RECORD,NONE,,,,,,,NOT_AVAILABLE,SINGLE_ACCEPTED_OBSERVATION;VERY_SPARSE_OBSERVATIONS;SINGLE_SELLER_DEPENDENCE,NO_HISTORY_RECORD,history no_history_record; forecast not certified; recommendation guarded,mtg-hosted-20260728T224613Z,2026-07-28T22:46:13.269710+00:00,MTG,PRE_COLLECTOR_BOOSTER_BOX,USD
1116,94,INSUFFICIENT_DATA,16.0,,NONE,NONE,NOT_CERTIFIED,PROVISIONAL_ONLY,PRE_COLLECTOR_BOOSTER_BOX,7th Edition - Booster Box,MTG:PRE_COLLECTOR_BOOSTER_BOX:MTG-CANON-TCGPLAYER-27258,MTG-CANON-TCGPLAYER-27258,27258,7th Edition,2001-04-11,7587.5,,,,,,False,SUPPRESSED,NO_NUMERIC_FORECAST,,NONE,False,GUARDED,NO_ACTION,Market value failed at least one plausibility gate. Numeric forecast and recommendation are suppressed pending evidence remediation.,PROVISIONAL_MODEL,REVIEW_REQUIRED,VERY_SPARSE_OBSERVATIONS,False,False,NO_HISTORY_RECORD,NONE,,,,,,,NOT_AVAILABLE,VERY_SPARSE_OBSERVATIONS,NO_HISTORY_RECORD,history no_history_record; forecast not certified; recommendation guarded,mtg-hosted-20260728T224613Z,2026-07-28T22:46:13.269710+00:00,MTG,PRE_COLLECTOR_BOOSTER_BOX,USD
1117,95,INSUFFICIENT_DATA,16.0,,NONE,NONE,NOT_CERTIFIED,PROVISIONAL_ONLY,PRE_COLLECTOR_BOOSTER_BOX,9th Edition - Booster Box,MTG:PRE_COLLECTOR_BOOSTER_BOX:MTG-CANON-TCGPLAYER-27260,MTG-CANON-TCGPLAYER-27260,27260,9th Edition,2005-07-29,794.5,,,,,,False,SUPPRESSED,NO_NUMERIC_FORECAST,,NONE,False,GUARDED,NO_ACTION,Market value failed at least one plausibility gate. Numeric forecast and recommendation are suppressed pending evidence remediation.,PROVISIONAL_MODEL,REVIEW_REQUIRED,VERY_SPARSE_OBSERVATIONS,False,False,NO_HISTORY_RECORD,NONE,,,,,,,NOT_AVAILABLE,VERY_SPARSE_OBSERVATIONS,NO_HISTORY_RECORD,history no_history_record; forecast not certified; recommendation guarded,mtg-hosted-20260728T224613Z,2026-07-28T22:46:13.269710+00:00,MTG,PRE_COLLECTOR_BOOSTER_BOX,USD
1118,96,INSUFFICIENT_DATA,16.0,,NONE,NONE,NOT_CERTIFIED,PROVISIONAL_ONLY,PRE_COLLECTOR_BOOSTER_BOX,Antiquities - Booster Box,MTG:PRE_COLLECTOR_BOOSTER_BOX:MTG-CANON-TCGPLAYER-27263,MTG-CANON-TCGPLAYER-27263,27263,Antiquities,1994-03-04,54000.0,,,,,,False,SUPPRESSED,NO_NUMERIC_FORECAST,,NONE,False,GUARDED,NO_ACTION,Market value failed at least one plausibility gate. Numeric forecast and recommendation are suppressed pending evidence remediation.,PROVISIONAL_MODEL,REVIEW_REQUIRED,MARKET_VALUE_ABOVE_20000;SINGLE_ACCEPTED_OBSERVATION;VERY_SPARSE_OBSERVATIONS;SINGLE_SELLER_DEPENDENCE,False,False,NO_HISTORY_RECORD,NONE,,,,,,,NOT_AVAILABLE,MARKET_VALUE_ABOVE_20000;SINGLE_ACCEPTED_OBSERVATION;VERY_SPARSE_OBSERVATIONS;SINGLE_SELLER_DEPENDENCE,NO_HISTORY_RECORD,history no_history_record; forecast not certified; recommendation guarded,mtg-hosted-20260728T224613Z,2026-07-28T22:46:13.269710+00:00,MTG,PRE_COLLECTOR_BOOSTER_BOX,USD
1119,97,INSUFFICIENT_DATA,16.0,,NONE,NONE,NOT_CERTIFIED,PROVISIONAL_ONLY,PRE_COLLECTOR_BOOSTER_BOX,Champions of Kamigawa - Booster Box,MTG:PRE_COLLECTOR_BOOSTER_BOX:MTG-CANON-TCGPLAYER-27268,MTG-CANON-TCGPLAYER-27268,27268,Champions of Kamigawa,2004-10-01,1249.99,,,,,,False,SUPPRESSED,NO_NUMERIC_FORECAST,,NONE,False,GUARDED,NO_ACTION,Market value failed at least one plausibility gate. Numeric forecast and recommendation are suppressed pending evidence remediation.,PROVISIONAL_MODEL,REVIEW_REQUIRED,VERY_SPARSE_OBSERVATIONS,False,False,NO_HISTORY_RECORD,NONE,,,,,,,NOT_AVAILABLE,VERY_SPARSE_OBSERVATIONS,NO_HISTORY_RECORD,history no_history_record; forecast not certified; recommendation guarded,mtg-hosted-20260728T224613Z,2026-07-28T22:46:13.269710+00:00,MTG,PRE_COLLECTOR_BOOSTER_BOX,USD
1120,98,INSUFFICIENT_DATA,16.0,,NONE,NONE,NOT_CERTIFIED,PROVISIONAL_ONLY,PRE_COLLECTOR_BOOSTER_BOX,Chronicles - Booster Box,MTG:PRE_COLLECTOR_BOOSTER_BOX:MTG-CANON-TCGPLAYER-27269,MTG-CANON-TCGPLAYER-27269,27269,Chronicles,1995-07-01,1392.49,,,,,,False,SUPPRESSED,NO_NUMERIC_FORECAST,,NONE,False,GUARDED,NO_ACTION,Market value failed at least one plausibility gate. Numeric forecast and recommendation are suppressed pending evidence remediation.,PROVISIONAL_MODEL,REVIEW_REQUIRED,VERY_SPARSE_OBSERVATIONS,False,False,NO_HISTORY_RECORD,NONE,,,,,,,NOT_AVAILABLE,VERY_SPARSE_OBSERVATIONS,NO_HISTORY_RECORD,history no_history_record; forecast not certified; recommendation guarded,mtg-hosted-20260728T224613Z,2026-07-28T22:46:13.269710+00:00,MTG,PRE_COLLECTOR_BOOSTER_BOX,USD
1121,99,INSUFFICIENT_DATA,16.0,,NONE,NONE,NOT_CERTIFIED,PROVISIONAL_ONLY,PRE_COLLECTOR_BOOSTER_BOX,Classic Sixth Edition - Booster Box,MTG:PRE_COLLECTOR_BOOSTER_BOX:MTG-CANON-TCGPLAYER-27270,MTG-CANON-TCGPLAYER-27270,27270,Classic Sixth Edition,1999-04-21,2099.1,,,,,,False,SUPPRESSED,NO_NUMERIC_FORECAST,,NONE,False,GUARDED,NO_ACTION,Market value failed at least one plausibility gate. Numeric forecast and recommendation are suppressed pending evidence remediation.,PROVISIONAL_MODEL,REVIEW_REQUIRED,SINGLE_ACCEPTED_OBSERVATION;VERY_SPARSE_OBSERVATIONS;SINGLE_SELLER_DEPENDENCE,False,False,NO_HISTORY_RECORD,NONE,,,,,,,NOT_AVAILABLE,SINGLE_ACCEPTED_OBSERVATION;VERY_SPARSE_OBSERVATIONS;SINGLE_SELLER_DEPENDENCE,NO_HISTORY_RECORD,history no_history_record; forecast not certified; recommendation guarded,mtg-hosted-20260728T224613Z,2026-07-28T22:46:13.269710+00:00,MTG,PRE_COLLECTOR_BOOSTER_BOX,USD
1122,100,INSUFFICIENT_DATA,16.0,,NONE,NONE,NOT_CERTIFIED,PROVISIONAL_ONLY,PRE_COLLECTOR_BOOSTER_BOX,Eternal Masters - Booster Box,MTG:PRE_COLLECTOR_BOOSTER_BOX:MTG-CANON-TCGPLAYER-114832,MTG-CANON-TCGPLAYER-114832,114832,Eternal Masters,2016-02-16,575.0,,,,,,False,SUPPRESSED,NO_NUMERIC_FORECAST,,NONE,False,GUARDED,NO_ACTION,Market value failed at least one plausibility gate. Numeric forecast and recommendation are suppressed pending evidence remediation.,PROVISIONAL_MODEL,REVIEW_REQUIRED,VERY_SPARSE_OBSERVATIONS,False,False,NO_HISTORY_RECORD,NONE,,,,,,,NOT_AVAILABLE,VERY_SPARSE_OBSERVATIONS,NO_HISTORY_RECORD,history no_history_record; forecast not certified; recommendation guarded,mtg-hosted-20260728T224613Z,2026-07-28T22:46:13.269710+00:00,MTG,PRE_COLLECTOR_BOOSTER_BOX,USD
1123,101,INSUFFICIENT_DATA,16.0,,NONE,NONE,NOT_CERTIFIED,PROVISIONAL_ONLY,PRE_COLLECTOR_BOOSTER_BOX,Judgment - Booster Box,MTG:PRE_COLLECTOR_BOOSTER_BOX:MTG-CANON-TCGPLAYER-27285,MTG-CANON-TCGPLAYER-27285,27285,Judgment,2002-05-27,1162.5,,,,,,False,SUPPRESSED,NO_NUMERIC_FORECAST,,NONE,False,GUARDED,NO_ACTION,Market value failed at least one plausibility gate. Numeric forecast and recommendation are suppressed pending evidence remediation.,PROVISIONAL_MODEL,REVIEW_REQUIRED,VERY_SPARSE_OBSERVATIONS,False,False,NO_HISTORY_RECORD,NONE,,,,,,,NOT_AVAILABLE,VERY_SPARSE_OBSERVATIONS,NO_HISTORY_RECORD,history no_history_record; forecast not certified; recommendation guarded,mtg-hosted-20260728T224613Z,2026-07-28T22:46:13.269710+00:00,MTG,PRE_COLLECTOR_BOOSTER_BOX,USD
1124,102,INSUFFICIENT_DATA,16.0,,NONE,NONE,NOT_CERTIFIED,PROVISIONAL_ONLY,PRE_COLLECTOR_BOOSTER_BOX,Magic 2010 (M10) - Booster Box,MTG:PRE_COLLECTOR_BOOSTER_BOX:MTG-CANON-TCGPLAYER-32529,MTG-CANON-TCGPLAYER-32529,32529,Magic 2010 (M10),2009-07-17,545.79,,,,,,False,SUPPRESSED,NO_NUMERIC_FORECAST,,NONE,False,GUARDED,NO_ACTION,Market value failed at least one plausibility gate. Numeric forecast and recommendation are suppressed pending evidence remediation.,PROVISIONAL_MODEL,REVIEW_REQUIRED,VERY_SPARSE_OBSERVATIONS,False,False,NO_HISTORY_RECORD,NONE,,,,,,,NOT_AVAILABLE,VERY_SPARSE_OBSERVATIONS,NO_HISTORY_RECORD,history no_history_record; forecast not certified; recommendation guarded,mtg-hosted-20260728T224613Z,2026-07-28T22:46:13.269710+00:00,MTG,PRE_COLLECTOR_BOOSTER_BOX,USD
1125,103,INSUFFICIENT_DATA,16.0,,NONE,NONE,NOT_CERTIFIED,PROVISIONAL_ONLY,PRE_COLLECTOR_BOOSTER_BOX,Magic 2011 (M11) - Booster Box,MTG:PRE_COLLECTOR_BOOSTER_BOX:MTG-CANON-TCGPLAYER-35372,MTG-CANON-TCGPLAYER-35372,35372,Magic 2011 (M11),2010-07-16,574.99,,,,,,False,SUPPRESSED,NO_NUMERIC_FORECAST,,NONE,False,GUARDED,NO_ACTION,Market value failed at least one plausibility gate. Numeric forecast and recommendation are suppressed pending evidence remediation.,PROVISIONAL_MODEL,REVIEW_REQUIRED,VERY_SPARSE_OBSERVATIONS,False,False,NO_HISTORY_RECORD,NONE,,,,,,,NOT_AVAILABLE,VERY_SPARSE_OBSERVATIONS,NO_HISTORY_RECORD,history no_history_record; forecast not certified; recommendation guarded,mtg-hosted-20260728T224613Z,2026-07-28T22:46:13.269710+00:00,MTG,PRE_COLLECTOR_BOOSTER_BOX,USD
1126,104,INSUFFICIENT_DATA,16.0,,NONE,NONE,NOT_CERTIFIED,PROVISIONAL_ONLY,PRE_COLLECTOR_BOOSTER_BOX,Mercadian Masques - Booster Box,MTG:PRE_COLLECTOR_BOOSTER_BOX:MTG-CANON-TCGPLAYER-27289,MTG-CANON-TCGPLAYER-27289,27289,Mercadian Masques,1999-10-04,2525.0,,,,,,False,SUPPRESSED,NO_NUMERIC_FORECAST,,NONE,False,GUARDED,NO_ACTION,Market value failed at least one plausibility gate. Numeric forecast and recommendation are suppressed pending evidence remediation.,PROVISIONAL_MODEL,REVIEW_REQUIRED,MEDIAN_LOWEST_RATIO_AT_LEAST_2,False,False,NO_HISTORY_RECORD,NONE,,,,,,,NOT_AVAILABLE,MEDIAN_LOWEST_RATIO_AT_LEAST_2,NO_HISTORY_RECORD,history no_history_record; forecast not certified; recommendation guarded,mtg-hosted-20260728T224613Z,2026-07-28T22:46:13.269710+00:00,MTG,PRE_COLLECTOR_BOOSTER_BOX,USD
1127,105,INSUFFICIENT_DATA,16.0,,NONE,NONE,NOT_CERTIFIED,PROVISIONAL_ONLY,PRE_COLLECTOR_BOOSTER_BOX,Mirage - Booster Box,MTG:PRE_COLLECTOR_BOOSTER_BOX:MTG-CANON-TCGPLAYER-27290,MTG-CANON-TCGPLAYER-27290,27290,Mirage,1996-10-08,75.0,,,,,,False,SUPPRESSED,NO_NUMERIC_FORECAST,,NONE,False,GUARDED,NO_ACTION,Market value failed at least one plausibility gate. Numeric forecast and recommendation are suppressed pending evidence remediation.,PROVISIONAL_MODEL,REVIEW_REQUIRED,MARKET_VALUE_BELOW_100;PRE_2001_VALUE_BELOW_250;PRE_1997_VALUE_BELOW_500;SINGLE_ACCEPTED_OBSERVATION;VERY_SPARSE_OBSERVATIONS;SINGLE_SELLER_DEPENDENCE,False,False,NO_HISTORY_RECORD,NONE,,,,,,,NOT_AVAILABLE,MARKET_VALUE_BELOW_100;PRE_2001_VALUE_BELOW_250;PRE_1997_VALUE_BELOW_500;SINGLE_ACCEPTED_OBSERVATION;VERY_SPARSE_OBSERVATIONS;SINGLE_SELLER_DEPENDENCE,NO_HISTORY_RECORD,history no_history_record; forecast not certified; recommendation guarded,mtg-hosted-20260728T224613Z,2026-07-28T22:46:13.269710+00:00,MTG,PRE_COLLECTOR_BOOSTER_BOX,USD
1128,106,INSUFFICIENT_DATA,16.0,,NONE,NONE,NOT_CERTIFIED,PROVISIONAL_ONLY,PRE_COLLECTOR_BOOSTER_BOX,New Phyrexia - Booster Box,MTG:PRE_COLLECTOR_BOOSTER_BOX:MTG-CANON-TCGPLAYER-39410,MTG-CANON-TCGPLAYER-39410,39410,New Phyrexia,2011-05-13,750.0,,,,,,False,SUPPRESSED,NO_NUMERIC_FORECAST,,NONE,False,GUARDED,NO_ACTION,Market value failed at least one plausibility gate. Numeric forecast and recommendation are suppressed pending evidence remediation.,PROVISIONAL_MODEL,REVIEW_REQUIRED,MEDIAN_LOWEST_RATIO_AT_LEAST_2,False,False,NO_HISTORY_RECORD,NONE,,,,,,,NOT_AVAILABLE,MEDIAN_LOWEST_RATIO_AT_LEAST_2,NO_HISTORY_RECORD,history no_history_record; forecast not certified; recommendation guarded,mtg-hosted-20260728T224613Z,2026-07-28T22:46:13.269710+00:00,MTG,PRE_COLLECTOR_BOOSTER_BOX,USD
1129,107,INSUFFICIENT_DATA,16.0,,NONE,NONE,NOT_CERTIFIED,PROVISIONAL_ONLY,PRE_COLLECTOR_BOOSTER_BOX,Planar Chaos - Booster Box,MTG:PRE_COLLECTOR_BOOSTER_BOX:MTG-CANON-TCGPLAYER-27296,MTG-CANON-TCGPLAYER-27296,27296,Planar Chaos,2007-02-02,900.0,,,,,,False,SUPPRESSED,NO_NUMERIC_FORECAST,,NONE,False,GUARDED,NO_ACTION,Market value failed at least one plausibility gate. Numeric forecast and recommendation are suppressed pending evidence remediation.,PROVISIONAL_MODEL,REVIEW_REQUIRED,MEDIAN_LOWEST_RATIO_AT_LEAST_2,False,False,NO_HISTORY_RECORD,NONE,,,,,,,NOT_AVAILABLE,MEDIAN_LOWEST_RATIO_AT_LEAST_2,NO_HISTORY_RECORD,history no_history_record; forecast not certified; recommendation guarded,mtg-hosted-20260728T224613Z,2026-07-28T22:46:13.269710+00:00,MTG,PRE_COLLECTOR_BOOSTER_BOX,USD
1130,108,INSUFFICIENT_DATA,16.0,,NONE,NONE,NOT_CERTIFIED,PROVISIONAL_ONLY,PRE_COLLECTOR_BOOSTER_BOX,Planeshift - Booster Box,MTG:PRE_COLLECTOR_BOOSTER_BOX:MTG-CANON-TCGPLAYER-27297,MTG-CANON-TCGPLAYER-27297,27297,Planeshift,2001-02-05,2455.0,,,,,,False,SUPPRESSED,NO_NUMERIC_FORECAST,,NONE,False,GUARDED,NO_ACTION,Market value failed at least one plausibility gate. Numeric forecast and recommendation are suppressed pending evidence remediation.,PROVISIONAL_MODEL,REVIEW_REQUIRED,VERY_SPARSE_OBSERVATIONS,False,False,NO_HISTORY_RECORD,NONE,,,,,,,NOT_AVAILABLE,VERY_SPARSE_OBSERVATIONS,NO_HISTORY_RECORD,history no_history_record; forecast not certified; recommendation guarded,mtg-hosted-20260728T224613Z,2026-07-28T22:46:13.269710+00:00,MTG,PRE_COLLECTOR_BOOSTER_BOX,USD
1131,109,INSUFFICIENT_DATA,16.0,,NONE,NONE,NOT_CERTIFIED,PROVISIONAL_ONLY,PRE_COLLECTOR_BOOSTER_BOX,Portal Second Age - Booster Box,MTG:PRE_COLLECTOR_BOOSTER_BOX:MTG-CANON-TCGPLAYER-27299,MTG-CANON-TCGPLAYER-27299,27299,Portal Second Age,1998-06-24,2487.99,,,,,,False,SUPPRESSED,NO_NUMERIC_FORECAST,,NONE,False,GUARDED,NO_ACTION,Market value failed at least one plausibility gate. Numeric forecast and recommendation are suppressed pending evidence remediation.,PROVISIONAL_MODEL,REVIEW_REQUIRED,SINGLE_ACCEPTED_OBSERVATION;VERY_SPARSE_OBSERVATIONS;SINGLE_SELLER_DEPENDENCE,False,False,NO_HISTORY_RECORD,NONE,,,,,,,NOT_AVAILABLE,SINGLE_ACCEPTED_OBSERVATION;VERY_SPARSE_OBSERVATIONS;SINGLE_SELLER_DEPENDENCE,NO_HISTORY_RECORD,history no_history_record; forecast not certified; recommendation guarded,mtg-hosted-20260728T224613Z,2026-07-28T22:46:13.269710+00:00,MTG,PRE_COLLECTOR_BOOSTER_BOX,USD
1132,110,INSUFFICIENT_DATA,16.0,,NONE,NONE,NOT_CERTIFIED,PROVISIONAL_ONLY,PRE_COLLECTOR_BOOSTER_BOX,Portal Three Kingdoms - Booster Box,MTG:PRE_COLLECTOR_BOOSTER_BOX:MTG-CANON-TCGPLAYER-27300,MTG-CANON-TCGPLAYER-27300,27300,Portal Three Kingdoms,1999-05-01,37015.0,,,,,,False,SUPPRESSED,NO_NUMERIC_FORECAST,,NONE,False,GUARDED,NO_ACTION,Market value failed at least one plausibility gate. Numeric forecast and recommendation are suppressed pending evidence remediation.,PROVISIONAL_MODEL,REVIEW_REQUIRED,MARKET_VALUE_ABOVE_20000;SINGLE_ACCEPTED_OBSERVATION;VERY_SPARSE_OBSERVATIONS;SINGLE_SELLER_DEPENDENCE,False,False,NO_HISTORY_RECORD,NONE,,,,,,,NOT_AVAILABLE,MARKET_VALUE_ABOVE_20000;SINGLE_ACCEPTED_OBSERVATION;VERY_SPARSE_OBSERVATIONS;SINGLE_SELLER_DEPENDENCE,NO_HISTORY_RECORD,history no_history_record; forecast not certified; recommendation guarded,mtg-hosted-20260728T224613Z,2026-07-28T22:46:13.269710+00:00,MTG,PRE_COLLECTOR_BOOSTER_BOX,USD
1133,111,INSUFFICIENT_DATA,16.0,,NONE,NONE,NOT_CERTIFIED,PROVISIONAL_ONLY,PRE_COLLECTOR_BOOSTER_BOX,Prophecy - Booster Box,MTG:PRE_COLLECTOR_BOOSTER_BOX:MTG-CANON-TCGPLAYER-27301,MTG-CANON-TCGPLAYER-27301,27301,Prophecy,2000-06-05,1785.0,,,,,,False,SUPPRESSED,NO_NUMERIC_FORECAST,,NONE,False,GUARDED,NO_ACTION,Market value failed at least one plausibility gate. Numeric forecast and recommendation are suppressed pending evidence remediation.,PROVISIONAL_MODEL,REVIEW_REQUIRED,VERY_SPARSE_OBSERVATIONS,False,False,NO_HISTORY_RECORD,NONE,,,,,,,NOT_AVAILABLE,VERY_SPARSE_OBSERVATIONS,NO_HISTORY_RECORD,history no_history_record; forecast not certified; recommendation guarded,mtg-hosted-20260728T224613Z,2026-07-28T22:46:13.269710+00:00,MTG,PRE_COLLECTOR_BOOSTER_BOX,USD
1134,112,INSUFFICIENT_DATA,16.0,,NONE,NONE,NOT_CERTIFIED,PROVISIONAL_ONLY,PRE_COLLECTOR_BOOSTER_BOX,Tempest - Booster Box,MTG:PRE_COLLECTOR_BOOSTER_BOX:MTG-CANON-TCGPLAYER-27308,MTG-CANON-TCGPLAYER-27308,27308,Tempest,1997-10-14,4644.33,,,,,,False,SUPPRESSED,NO_NUMERIC_FORECAST,,NONE,False,GUARDED,NO_ACTION,Market value failed at least one plausibility gate. Numeric forecast and recommendation are suppressed pending evidence remediation.,PROVISIONAL_MODEL,REVIEW_REQUIRED,VERY_SPARSE_OBSERVATIONS,False,False,NO_HISTORY_RECORD,NONE,,,,,,,NOT_AVAILABLE,VERY_SPARSE_OBSERVATIONS,NO_HISTORY_RECORD,history no_history_record; forecast not certified; recommendation guarded,mtg-hosted-20260728T224613Z,2026-07-28T22:46:13.269710+00:00,MTG,PRE_COLLECTOR_BOOSTER_BOX,USD
1135,113,INSUFFICIENT_DATA,9.0,,NONE,NONE,NOT_CERTIFIED,PROVISIONAL_ONLY,PRE_COLLECTOR_BOOSTER_BOX,Alpha Edition - Booster Box,MTG:PRE_COLLECTOR_BOOSTER_BOX:MTG-CANON-TCGPLAYER-27262,MTG-CANON-TCGPLAYER-27262,27262,Alpha Edition,1993-08-05,,,,,,,False,SUPPRESSED,NO_NUMERIC_FORECAST,,NONE,False,GUARDED,NO_ACTION,No accepted governed market value. Numeric forecast and recommendation are suppressed.,STRUCTURAL_ONLY,STRUCTURAL_ONLY,VERY_SPARSE_OBSERVATIONS,False,False,NO_HISTORY_RECORD,NONE,,,,,,,NOT_AVAILABLE,VERY_SPARSE_OBSERVATIONS,NO_HISTORY_RECORD,history no_history_record; forecast not certified; recommendation guarded,mtg-hosted-20260728T224613Z,2026-07-28T22:46:13.269710+00:00,MTG,PRE_COLLECTOR_BOOSTER_BOX,USD
1136,114,INSUFFICIENT_DATA,9.0,,NONE,NONE,NOT_CERTIFIED,PROVISIONAL_ONLY,PRE_COLLECTOR_BOOSTER_BOX,Apocalypse - Booster Box,MTG:PRE_COLLECTOR_BOOSTER_BOX:MTG-CANON-TCGPLAYER-27264,MTG-CANON-TCGPLAYER-27264,27264,Apocalypse,2001-06-04,,,,,,,False,SUPPRESSED,NO_NUMERIC_FORECAST,,NONE,False,GUARDED,NO_ACTION,No accepted governed market value. Numeric forecast and recommendation are suppressed.,STRUCTURAL_ONLY,STRUCTURAL_ONLY,VERY_SPARSE_OBSERVATIONS,False,False,NO_HISTORY_RECORD,NONE,,,,,,,NOT_AVAILABLE,VERY_SPARSE_OBSERVATIONS,NO_HISTORY_RECORD,history no_history_record; forecast not certified; recommendation guarded,mtg-hosted-20260728T224613Z,2026-07-28T22:46:13.269710+00:00,MTG,PRE_COLLECTOR_BOOSTER_BOX,USD
1137,115,INSUFFICIENT_DATA,9.0,,NONE,NONE,NOT_CERTIFIED,PROVISIONAL_ONLY,PRE_COLLECTOR_BOOSTER_BOX,Arabian Nights - Booster Box,MTG:PRE_COLLECTOR_BOOSTER_BOX:MTG-CANON-TCGPLAYER-27265,MTG-CANON-TCGPLAYER-27265,27265,Arabian Nights,1993-12-17,,,,,,,False,SUPPRESSED,NO_NUMERIC_FORECAST,,NONE,False,GUARDED,NO_ACTION,No accepted governed market value. Numeric forecast and recommendation are suppressed.,STRUCTURAL_ONLY,STRUCTURAL_ONLY,VERY_SPARSE_OBSERVATIONS,False,False,NO_HISTORY_RECORD,NONE,,,,,,,NOT_AVAILABLE,VERY_SPARSE_OBSERVATIONS,NO_HISTORY_RECORD,history no_history_record; forecast not certified; recommendation guarded,mtg-hosted-20260728T224613Z,2026-07-28T22:46:13.269710+00:00,MTG,PRE_COLLECTOR_BOOSTER_BOX,USD
1138,116,INSUFFICIENT_DATA,9.0,,NONE,NONE,NOT_CERTIFIED,PROVISIONAL_ONLY,PRE_COLLECTOR_BOOSTER_BOX,Beta Edition - Booster Box,MTG:PRE_COLLECTOR_BOOSTER_BOX:MTG-CANON-TCGPLAYER-27266,MTG-CANON-TCGPLAYER-27266,27266,Beta Edition,1993-10-04,,,,,,,False,SUPPRESSED,NO_NUMERIC_FORECAST,,NONE,False,GUARDED,NO_ACTION,No accepted governed market value. Numeric forecast and recommendation are suppressed.,STRUCTURAL_ONLY,STRUCTURAL_ONLY,VERY_SPARSE_OBSERVATIONS,False,False,NO_HISTORY_RECORD,NONE,,,,,,,NOT_AVAILABLE,VERY_SPARSE_OBSERVATIONS,NO_HISTORY_RECORD,history no_history_record; forecast not certified; recommendation guarded,mtg-hosted-20260728T224613Z,2026-07-28T22:46:13.269710+00:00,MTG,PRE_COLLECTOR_BOOSTER_BOX,USD
1139,117,INSUFFICIENT_DATA,9.0,,NONE,NONE,NOT_CERTIFIED,PROVISIONAL_ONLY,PRE_COLLECTOR_BOOSTER_BOX,Exodus - Booster Box,MTG:PRE_COLLECTOR_BOOSTER_BOX:MTG-CANON-TCGPLAYER-27275,MTG-CANON-TCGPLAYER-27275,27275,Exodus,1998-06-15,,,,,,,False,SUPPRESSED,NO_NUMERIC_FORECAST,,NONE,False,GUARDED,NO_ACTION,No accepted governed market value. Numeric forecast and recommendation are suppressed.,STRUCTURAL_ONLY,STRUCTURAL_ONLY,VERY_SPARSE_OBSERVATIONS,False,False,NO_HISTORY_RECORD,NONE,,,,,,,NOT_AVAILABLE,VERY_SPARSE_OBSERVATIONS,NO_HISTORY_RECORD,history no_history_record; forecast not certified; recommendation guarded,mtg-hosted-20260728T224613Z,2026-07-28T22:46:13.269710+00:00,MTG,PRE_COLLECTOR_BOOSTER_BOX,USD
1140,118,INSUFFICIENT_DATA,9.0,,NONE,NONE,NOT_CERTIFIED,PROVISIONAL_ONLY,PRE_COLLECTOR_BOOSTER_BOX,Lorwyn - Booster Box,MTG:PRE_COLLECTOR_BOOSTER_BOX:MTG-CANON-TCGPLAYER-27288,MTG-CANON-TCGPLAYER-27288,27288,Lorwyn,2007-10-12,,,,,,,False,SUPPRESSED,NO_NUMERIC_FORECAST,,NONE,False,GUARDED,NO_ACTION,No accepted governed market value. Numeric forecast and recommendation are suppressed.,STRUCTURAL_ONLY,STRUCTURAL_ONLY,VERY_SPARSE_OBSERVATIONS,False,False,NO_HISTORY_RECORD,NONE,,,,,,,NOT_AVAILABLE,VERY_SPARSE_OBSERVATIONS,NO_HISTORY_RECORD,history no_history_record; forecast not certified; recommendation guarded,mtg-hosted-20260728T224613Z,2026-07-28T22:46:13.269710+00:00,MTG,PRE_COLLECTOR_BOOSTER_BOX,USD
1141,119,INSUFFICIENT_DATA,9.0,,NONE,NONE,NOT_CERTIFIED,PROVISIONAL_ONLY,PRE_COLLECTOR_BOOSTER_BOX,Unlimited Edition - Booster Box,MTG:PRE_COLLECTOR_BOOSTER_BOX:MTG-CANON-TCGPLAYER-27313,MTG-CANON-TCGPLAYER-27313,27313,Unlimited Edition,1993-12-01,,,,,,,False,SUPPRESSED,NO_NUMERIC_FORECAST,,NONE,False,GUARDED,NO_ACTION,No accepted governed market value. Numeric forecast and recommendation are suppressed.,STRUCTURAL_ONLY,STRUCTURAL_ONLY,VERY_SPARSE_OBSERVATIONS,False,False,NO_HISTORY_RECORD,NONE,,,,,,,NOT_AVAILABLE,VERY_SPARSE_OBSERVATIONS,NO_HISTORY_RECORD,history no_history_record; forecast not certified; recommendation guarded,mtg-hosted-20260728T224613Z,2026-07-28T22:46:13.269710+00:00,MTG,PRE_COLLECTOR_BOOSTER_BOX,USD
