system,category,item,status,risk_level,current_location,target_placement,evidence,required_action,remediation_phase,notes
UIP,local_path,repository runtime paths,UNVERIFIED,HIGH,Local Windows checkout,Environment-based paths,Repository scan pending,Inventory hard-coded absolute and relative path assumptions,9.1,
UIP,local_database,embedded and local databases,UNVERIFIED,CRITICAL,Local filesystem,Render PostgreSQL or ephemeral test database,Repository scan pending,Inventory DuckDB SQLite and file-backed state,9.3,
UIP,source_api,external data providers,PARTIAL,HIGH,Environment-configured providers,Cloud runtime with managed secrets,render.yaml and production configuration,Complete provider and network inventory,9.0,
UIP,secret,API and database credentials,PARTIAL,CRITICAL,Local env files GitHub secrets or Render env vars,GitHub and Render secrets,render.yaml environment-variable names,Build secret registry without values,9.0,
UIP,manual_input,operator-controlled inputs,UNVERIFIED,MEDIUM,Local files and commands,Versioned object storage or database,Production-cycle audit pending,Identify every required manual step and input,9.0,
UIP,historical_file,retained packages and history,UNVERIFIED,HIGH,Repository and local filesystem,Object storage and PostgreSQL package registry,Phase 8 package behavior,Classify retained files and retention needs,9.2,
UIP,package_dependency,Python dependency installation,PARTIAL,HIGH,requirements files,Deterministic lock or pinned install,Dockerfile uses requirements/phase_7_3.txt,Audit pins transitive dependencies and clean install,9.1,
UIP,os_dependency,Windows and Linux assumptions,PARTIAL,HIGH,Mixed local Windows and Docker Linux,Linux container,Dockerfile exists,Run automated compatibility scan and clean Linux tests,9.1,
UIP,runtime_duration,production-cycle duration,UNVERIFIED,MEDIUM,Local execution,GitHub hosted runner and managed services,No consolidated timing evidence,Instrument every production stage,9.0,
UIP,external_repository,Metals MTG Crypto source repositories,PARTIAL,HIGH,Local path and private GitHub repositories,Private GitHub checkout,Phase 8 control plane,Document exact repository refs and checkout credentials,9.0,
Metals,local_path,source project path,UNVERIFIED,CRITICAL,Local computer,Private GitHub checkout or UIP package adapter,Prior Phase 8 local source evaluation,Record authoritative path and repository status,9.0,
Metals,local_database,domain state and history,UNVERIFIED,CRITICAL,Local DuckDB or files,PostgreSQL and object storage,Prior Phase 8 database references,Inventory schemas tables and migration requirements,9.3,
Metals,source_api,FRED World Bank EIA and market providers,PARTIAL,HIGH,Local and environment configuration,GitHub runner with managed secrets,Phase 8 provider work,Verify all endpoints keys limits and fallback behavior,9.0,
Metals,secret,provider credentials,UNVERIFIED,CRITICAL,Local environment,GitHub and Render secrets,Provider configuration pending audit,Name all required variables without values,9.0,
Metals,manual_input,holdings configuration and overrides,UNVERIFIED,MEDIUM,Local files,PostgreSQL or object storage,Source audit pending,Inventory operator-maintained inputs,9.0,
Metals,historical_file,market history and exported packages,UNVERIFIED,HIGH,Local filesystem,Object storage,Phase 8 export package evidence,Define migration retention and checksum policy,9.2,
Metals,package_dependency,Python and native packages,UNVERIFIED,HIGH,Local Python environment,Deterministic Linux install,Source requirements audit pending,Generate dependency inventory and clean install proof,9.1,
Metals,os_dependency,Windows-specific behavior,UNVERIFIED,HIGH,Windows local runtime,Linux container,Source audit pending,Scan commands paths encodings and shell use,9.1,
Metals,runtime_duration,end-to-end production cycle,UNVERIFIED,MEDIUM,Local execution,GitHub hosted runner,No current timing evidence,Measure cold and warm runs by stage,9.0,
Metals,external_repository,source repository availability,UNVERIFIED,CRITICAL,Local-only or external repository,Private GitHub repository,Phase 8 described local source project,Decide repository migration or governed checkout,9.1,
MTG,local_path,source checkout and retained data,UNVERIFIED,CRITICAL,Local computer and private GitHub,Private GitHub checkout plus cloud state,Repository exists,Inventory local-only paths and files,9.0,
MTG,local_database,domain database and retained market history,UNVERIFIED,CRITICAL,Local database or files,PostgreSQL and object storage,Repository audit pending,Inventory schemas size and migration requirements,9.3,
MTG,source_api,eBay and other marketplace providers,PARTIAL,HIGH,Environment configuration,GitHub runner and managed secrets,UIP contains eBay compliance integration,Inventory all provider contracts credentials and limits,9.0,
MTG,secret,marketplace credentials,UNVERIFIED,CRITICAL,Local environment and deployment secrets,GitHub and Render secrets,Repository audit pending,Build secret registry without values,9.0,
MTG,manual_input,holdings product catalog and overrides,UNVERIFIED,HIGH,Local files and dashboard workflow,PostgreSQL or object storage,Repository audit pending,Identify authoritative input ownership,9.0,
MTG,historical_file,price history models and packages,UNVERIFIED,HIGH,Repository and local filesystem,Object storage and PostgreSQL,Repository audit pending,Classify mutable history versus reproducible artifacts,9.2,
MTG,package_dependency,Python and frontend dependencies,UNVERIFIED,HIGH,Repository-specific environment,Deterministic Linux install,Repository audit pending,Inventory lock files and native dependencies,9.1,
MTG,os_dependency,Windows or workstation assumptions,UNVERIFIED,HIGH,Local runtime,Linux container or GitHub runner,Repository audit pending,Run compatibility scan and clean-run tests,9.1,
MTG,runtime_duration,end-to-end production cycle,UNVERIFIED,MEDIUM,Local execution,GitHub hosted runner,No consolidated timing evidence,Measure collectors models export and package stages,9.0,
MTG,external_repository,mtg-investment-terminal,READY,MEDIUM,Private GitHub repository,Private GitHub checkout,GitHub repository accessible,Pin branch and commit strategy for orchestration,9.4,
Crypto,local_path,source checkout and retained data,UNVERIFIED,CRITICAL,Local computer and private GitHub,Private GitHub checkout plus cloud state,Repository exists,Inventory local-only paths and generated files,9.0,
Crypto,local_database,domain database and retained history,UNVERIFIED,CRITICAL,Local database or files,PostgreSQL and object storage,Repository audit pending,Inventory schemas size and migration requirements,9.3,
Crypto,source_api,market data providers,UNVERIFIED,HIGH,Environment configuration,GitHub runner and managed secrets,Repository audit pending,Inventory providers keys rate limits and fallback behavior,9.0,
Crypto,secret,provider credentials,UNVERIFIED,CRITICAL,Local environment,GitHub and Render secrets,Repository audit pending,Build secret registry without values,9.0,
Crypto,manual_input,holdings universe and overrides,UNVERIFIED,MEDIUM,Local files,PostgreSQL or object storage,Repository audit pending,Identify authoritative manual inputs,9.0,
Crypto,historical_file,market history and exported packages,UNVERIFIED,HIGH,Local filesystem and generated outputs,Object storage and PostgreSQL,Phase 8 generated package cleanup,Define retained history and publication policy,9.2,
Crypto,package_dependency,Python and native packages,UNVERIFIED,HIGH,Repository-specific environment,Deterministic Linux install,Repository audit pending,Inventory lock files and clean install,9.1,
Crypto,os_dependency,Windows or workstation assumptions,UNVERIFIED,HIGH,Local runtime,Linux container or GitHub runner,Repository audit pending,Run compatibility scan and clean-run tests,9.1,
Crypto,runtime_duration,end-to-end production cycle,UNVERIFIED,MEDIUM,Local execution,GitHub hosted runner,No consolidated timing evidence,Measure collectors models export and package stages,9.0,
Crypto,external_repository,CryptoIntelligencePlatform,READY,MEDIUM,Private GitHub repository,Private GitHub checkout,GitHub repository accessible,Pin branch and commit strategy for orchestration,9.4,
Render,local_path,persistent filesystem assumptions,UNVERIFIED,CRITICAL,Render ephemeral filesystem,Object storage or PostgreSQL,Render service uses Docker,Audit every write path for persistence assumptions,9.0,
Render,local_database,managed PostgreSQL connectivity,PARTIAL,CRITICAL,External UIIP_DATABASE_URL,Render PostgreSQL,render.yaml requires database URL,Document instance plan schema and backup posture,9.3,
Render,source_api,outbound provider access,UNVERIFIED,HIGH,Render web service,Render and GitHub workloads,Deployment audit pending,Verify networking timeout and rate-limit behavior,9.0,
Render,secret,service environment variables,PARTIAL,CRITICAL,Render environment variables,Render secret configuration,render.yaml names required secrets,Reconcile Render and GitHub secret registries,9.0,
Render,manual_input,deployment and operational steps,UNVERIFIED,MEDIUM,Render dashboard and GitHub,Infrastructure-as-code and documented runbooks,Deployment audit pending,Inventory manual provisioning and recovery steps,9.0,
Render,historical_file,service artifacts and retained packages,BLOCKED,CRITICAL,Ephemeral service filesystem,Object storage,No object-storage layer established,Prohibit production retention on service disk,9.2,
Render,package_dependency,Docker image dependency install,PARTIAL,HIGH,Docker build from phase_7_3 requirements,Deterministic production image,Dockerfile evidence,Pin dependencies and certify reproducible image,9.1,
Render,os_dependency,container runtime,READY,LOW,Linux Docker runtime,Linux Docker runtime,Dockerfile uses python 3.14 slim,Retest after dependency pinning,9.1,
Render,runtime_duration,web and batch workload limits,UNVERIFIED,HIGH,Render service and possible GitHub runners,Separated web and scheduled workloads,Deployment audit pending,Measure startup memory web latency and batch duration,9.0,
Render,external_repository,automatic deployment source,PARTIAL,HIGH,UIP main branch,Controlled production branch or release,render.yaml deploys main after checks,Define promotion and rollback policy,9.5,
